Step,CGM Target,Raw Cost,Normalized Cost,Direct Cost,Max Cost,Cumulative Cost Return
0,-0.58576685,0.0,0.0,0.0,0.0,0.0
1,-0.5885176,0.0,0.0,0.0,0.0,0.0
2,-0.5726419,0.0,0.0,0.0,0.0,0.0
3,-0.5508132,0.0,0.0,0.0,0.0,0.0
4,-0.5391167,0.0,0.0,0.0,0.0,0.0
5,-0.5466037,0.0,0.0,0.0,0.0,0.0
6,-0.5675678,0.0,0.0,0.0,0.0,0.0
7,-0.59303236,0.0,0.0,0.0,0.0,0.0
8,-0.61682767,0.0,0.0,0.0,0.0,0.0
9,-0.6390157,0.0,0.0,0.0,0.0,0.0
10,-0.66098404,0.0,0.0,0.0,0.0,0.0
11,-0.68320996,0.0,0.0,0.0,0.0,0.0
12,-0.7042862,0.0,0.0,0.0,0.0,0.0
13,-0.72243,0.0,0.0,0.0,0.0,0.0
14,-0.73594767,0.0,0.0,0.0,0.0,0.0
15,-0.7431786,0.0,0.0,0.0,0.0,0.0
16,-0.7457467,0.0,0.0,0.0,0.0,0.0
17,-0.7555186,0.0,0.0,0.0,0.0,0.0
18,-0.77202374,0.0,0.0,0.0,0.0,0.0
19,-0.7922706,0.0,0.0,0.0,0.0,0.0
20,-0.8132676,0.0,0.0,0.0,0.0,0.0
21,-0.8320276,0.0,0.0,0.0,0.0,0.0
22,-0.84589696,0.0,0.0,0.0,0.0,0.0
23,-0.85479134,0.0,0.0,0.0,0.0,0.0
24,-0.8640674,0.0,0.0,0.0,0.0,0.0
25,-0.87997466,0.0,0.0,0.0,0.0,0.0
26,-0.90561163,0.565508389049759,0.565508389049759,0.565508389049759,0.565508389049759,0.56550837
27,-0.9373942,47.55965650557395,5.0,4.434491610950241,5.0,5.0
28,-0.97055554,20.327726328780415,5.0,0.0,5.0,5.0
29,-0.9967535,26.919108055586594,5.0,0.0,5.0,5.0
30,-0.59720564,-0.07007561763921856,0.0,0.0,0.0,0.0
31,-0.6077976,-0.07007561763921856,0.0,0.0,0.0,0.0
32,-0.6278254,-0.07007561763921856,0.0,0.0,0.0,0.0
33,-0.6498581,-0.07007561763921856,0.0,0.0,0.0,0.0
34,-0.6657859,-0.07007561763921856,0.0,0.0,0.0,0.0
35,-0.67228174,-0.07007561763921856,0.0,0.0,0.0,0.0
36,-0.6756605,-0.07007561763921856,0.0,0.0,0.0,0.0
37,-0.68387926,-0.07007561763921856,0.0,0.0,0.0,0.0
38,-0.70101255,-0.07007561763921856,0.0,0.0,0.0,0.0
39,-0.72324055,-0.07007561763921856,0.0,0.0,0.0,0.0
40,-0.74502224,-0.07007561763921856,0.0,0.0,0.0,0.0
41,-0.7630072,-0.07007561763921856,0.0,0.0,0.0,0.0
42,-0.7787229,-0.07007561763921856,0.0,0.0,0.0,0.0
43,-0.79488754,-0.07007561763921856,0.0,0.0,0.0,0.0
44,-0.8142907,-0.07007561763921856,0.0,0.0,0.0,0.0
45,-0.83980453,-0.07007561763921856,0.0,0.0,0.0,0.0
46,-0.868939,-0.07007561763921856,0.0,0.0,0.0,0.0
47,-0.88674384,-0.07007561763921856,0.0,0.0,0.0,0.0
48,-0.91001403,2.5127148987148757,2.5127148987148757,2.5127148987148757,2.5127148987148757,2.5127149
49,-0.9342882,4.830208096796297,4.830208096796297,2.3174931980814213,4.830208096796297,4.830208
50,-0.9546694,12.964996735605208,5.0,0.16979190320370297,5.0,4.9999995
51,-0.96666664,15.3656041913934,5.0,0.0,5.0,4.9999995
52,-0.9667813,15.388601820817048,5.0,0.0,5.0,4.9999995
53,-0.95669734,13.366510001546413,5.0,0.0,5.0,4.9999995
54,-0.9487843,11.779727525063048,5.0,0.0,5.0,4.9999995
55,-0.95693237,13.413637532675942,5.0,0.0,5.0,4.9999995
56,-0.98303485,18.647854595225482,5.0,0.0,5.0,4.9999995
57,-1.0,22.0498097606596,5.0,0.0,5.0,4.9999995
58,-0.5775487,-0.11170116393444579,0.0,0.0,0.0,0.0
59,-0.5634598,-0.11170116393444579,0.0,0.0,0.0,0.0
60,-0.5511786,-0.11170116393444579,0.0,0.0,0.0,0.0
61,-0.54346836,-0.11170116393444579,0.0,0.0,0.0,0.0
62,-0.5429282,-0.11170116393444579,0.0,0.0,0.0,0.0
63,-0.5503599,-0.11170116393444579,0.0,0.0,0.0,0.0
64,-0.5628022,-0.11170116393444579,0.0,0.0,0.0,0.0
65,-0.5770334,-0.11170116393444579,0.0,0.0,0.0,0.0
66,-0.5917957,-0.11170116393444579,0.0,0.0,0.0,0.0
67,-0.6100544,-0.11170116393444579,0.0,0.0,0.0,0.0
68,-0.6350327,-0.11170116393444579,0.0,0.0,0.0,0.0
69,-0.66791946,-0.11170116393444579,0.0,0.0,0.0,0.0
70,-0.7063314,-0.11170116393444579,0.0,0.0,0.0,0.0
71,-0.7471351,-0.11170116393444579,0.0,0.0,0.0,0.0
72,-0.787348,-0.11170116393444579,0.0,0.0,0.0,0.0
73,-0.8241669,-0.11170116393444579,0.0,0.0,0.0,0.0
74,-0.85997504,-0.11170116393444579,0.0,0.0,0.0,0.0
75,-0.9063739,1.581824799241439,1.581824799241439,1.581824799241439,1.581824799241439,1.5818248
76,-0.93824947,4.589625988790551,4.589625988790551,3.0078011895491117,4.589625988790551,4.5896263
77,-0.9606039,12.112572057591578,5.0,0.4103740112094494,5.0,5.0000005
78,-0.978843,15.229131181718826,5.0,0.0,5.0,5.0000005
79,-0.99503565,18.014814514684883,5.0,0.0,5.0,5.0000005
80,-1.0,18.86884836832982,5.0,0.0,5.0,5.0000005
81,-0.50231004,-0.14374440097762686,0.0,0.0,0.0,0.0
82,-0.5049093,-0.14374440097762686,0.0,0.0,0.0,0.0
83,-0.50442314,-0.14374440097762686,0.0,0.0,0.0,0.0
84,-0.5044924,-0.14374440097762686,0.0,0.0,0.0,0.0
85,-0.5100732,-0.14374440097762686,0.0,0.0,0.0,0.0
86,-0.5226269,-0.14374440097762686,0.0,0.0,0.0,0.0
87,-0.53588563,-0.14374440097762686,0.0,0.0,0.0,0.0
88,-0.5423854,-0.14374440097762686,0.0,0.0,0.0,0.0
89,-0.5401993,-0.14374440097762686,0.0,0.0,0.0,0.0
90,-0.53943914,-0.14374440097762686,0.0,0.0,0.0,0.0
91,-0.5521501,-0.14374440097762686,0.0,0.0,0.0,0.0
92,-0.58421564,-0.14374440097762686,0.0,0.0,0.0,0.0
93,-0.6286407,-0.14374440097762686,0.0,0.0,0.0,0.0
94,-0.6754189,-0.14374440097762686,0.0,0.0,0.0,0.0
95,-0.7145771,-0.14374440097762686,0.0,0.0,0.0,0.0
96,-0.7361834,-0.14374440097762686,0.0,0.0,0.0,0.0
97,-0.74134135,-0.14374440097762686,0.0,0.0,0.0,0.0
98,-0.762698,-0.14374440097762686,0.0,0.0,0.0,0.0
99,-0.7861919,-0.14374440097762686,0.0,0.0,0.0,0.0
100,-0.8109997,-0.14374440097762686,0.0,0.0,0.0,0.0
101,-0.8363417,-0.14374440097762686,0.0,0.0,0.0,0.0
102,-0.86148643,-0.14374440097762686,0.0,0.0,0.0,0.0
103,-0.8857504,-0.14374440097762686,0.0,0.0,0.0,0.0
104,-0.9086683,1.5065042973339648,1.5065042973339648,1.5065042973339648,1.5065042973339648,1.5065043
105,-0.9302391,3.2684036994753742,3.2684036994753742,1.7618994021414094,3.2684036994753742,3.2684035
106,-0.95048565,9.7668537332977,5.0,1.7315963005246258,5.0,5.0
107,-0.9686273,12.353642434043286,5.0,0.0,5.0,5.0
108,-0.98199546,14.470070702086486,5.0,0.0,5.0,5.0
109,-0.9875538,15.350057541234271,5.0,0.0,5.0,5.0
110,-0.98432744,14.839271728270637,5.0,0.0,5.0,5.0
111,-0.9753789,13.422546810142286,5.0,0.0,5.0,5.0
112,-0.9648828,11.760818759806208,5.0,0.0,5.0,5.0
113,-0.9578865,10.653173366696986,5.0,0.0,5.0,5.0
114,-0.96123934,11.183990847588415,5.0,0.0,5.0,5.0
115,-0.97941375,14.061342289814833,5.0,0.0,5.0,5.0
116,-1.0,17.320531220876674,5.0,0.0,5.0,5.0
117,-0.59797907,-0.17638015499874415,0.0,0.0,0.0,0.0
118,-0.5877922,-0.17638015499874415,0.0,0.0,0.0,0.0
119,-0.55007255,-0.17638015499874415,0.0,0.0,0.0,0.0
120,-0.5048236,-0.17638015499874415,0.0,0.0,0.0,0.0
121,-0.476551,-0.08240569648343242,0.0,0.0,0.0,0.0
122,-0.47902092,-0.09357810285874689,0.0,0.0,0.0,0.0
123,-0.50327307,-0.17638015499874415,0.0,0.0,0.0,0.0
124,-0.53544366,-0.17638015499874415,0.0,0.0,0.0,0.0
125,-0.56594235,-0.17638015499874415,0.0,0.0,0.0,0.0
126,-0.594404,-0.17638015499874415,0.0,0.0,0.0,0.0
127,-0.6225107,-0.17638015499874415,0.0,0.0,0.0,0.0
128,-0.6514416,-0.17638015499874415,0.0,0.0,0.0,0.0
129,-0.6814651,-0.17638015499874415,0.0,0.0,0.0,0.0
130,-0.7126539,-0.17638015499874415,0.0,0.0,0.0,0.0
131,-0.7450992,-0.17638015499874415,0.0,0.0,0.0,0.0
132,-0.77891326,-0.17638015499874415,0.0,0.0,0.0,0.0
133,-0.81137747,-0.17638015499874415,0.0,0.0,0.0,0.0
134,-0.8321436,-0.17638015499874415,0.0,0.0,0.0,0.0
135,-0.8457185,-0.17638015499874415,0.0,0.0,0.0,0.0
136,-0.85678154,-0.17638015499874415,0.0,0.0,0.0,0.0
137,-0.8698896,-0.17638015499874415,0.0,0.0,0.0,0.0
138,-0.88939506,-0.17638015499874415,0.0,0.0,0.0,0.0
139,-0.918928,2.1544672720262676,2.1544672720262676,2.1544672720262676,2.1544672720262676,2.1544673
140,-0.957852,10.202214878088476,5.0,2.8455327279737324,5.0,5.0
141,-0.9926493,14.492225656173146,5.0,0.0,5.0,5.0
142,-1.0,15.538935535003871,5.0,0.0,5.0,5.0
143,-0.5825182,-0.19830188278463337,0.0,0.0,0.0,0.0
144,-0.5874325,-0.19830188278463337,0.0,0.0,0.0,0.0
145,-0.5907375,-0.19830188278463337,0.0,0.0,0.0,0.0
146,-0.5933435,-0.19830188278463337,0.0,0.0,0.0,0.0
147,-0.5965799,-0.19830188278463337,0.0,0.0,0.0,0.0
148,-0.60076535,-0.19830188278463337,0.0,0.0,0.0,0.0
149,-0.6039793,-0.19830188278463337,0.0,0.0,0.0,0.0
150,-0.6040019,-0.19830188278463337,0.0,0.0,0.0,0.0
151,-0.6005058,-0.19830188278463337,0.0,0.0,0.0,0.0
152,-0.5972208,-0.19830188278463337,0.0,0.0,0.0,0.0
153,-0.59853214,-0.19830188278463337,0.0,0.0,0.0,0.0
154,-0.60665566,-0.19830188278463337,0.0,0.0,0.0,0.0
155,-0.6192081,-0.19830188278463337,0.0,0.0,0.0,0.0
156,-0.63275933,-0.19830188278463337,0.0,0.0,0.0,0.0
157,-0.6439191,-0.19830188278463337,0.0,0.0,0.0,0.0
158,-0.6493213,-0.19830188278463337,0.0,0.0,0.0,0.0
159,-0.65007603,-0.19830188278463337,0.0,0.0,0.0,0.0
160,-0.6626708,-0.19830188278463337,0.0,0.0,0.0,0.0
161,-0.68929017,-0.19830188278463337,0.0,0.0,0.0,0.0
162,-0.7234238,-0.19830188278463337,0.0,0.0,0.0,0.0
163,-0.75853264,-0.19830188278463337,0.0,0.0,0.0,0.0
164,-0.78811836,-0.19830188278463337,0.0,0.0,0.0,0.0
165,-0.80638963,-0.19830188278463337,0.0,0.0,0.0,0.0
166,-0.8127108,-0.19830188278463337,0.0,0.0,0.0,0.0
167,-0.817345,-0.19830188278463337,0.0,0.0,0.0,0.0
168,-0.83237725,-0.19830188278463337,0.0,0.0,0.0,0.0
169,-0.86300445,-0.19830188278463337,0.0,0.0,0.0,0.0
170,-0.89953405,0.5173129864827839,0.5173129864827839,0.5173129864827839,0.5173129864827839,0.517313
171,-0.92958903,2.649543151889291,2.649543151889291,2.132230165406507,2.649543151889291,2.6495433
172,-0.9459285,3.6752431708197455,3.6752431708197455,1.0257000189304546,3.6752431708197455,3.6752434
173,-0.95155543,8.278424371549507,5.0,1.3247568291802545,5.0,5.0
174,-0.952095,8.253504457617254,5.0,0.0,5.0,5.0
175,-0.95426273,8.547092135572795,5.0,0.0,5.0,5.0
176,-0.96695536,10.266112251280843,5.0,0.0,5.0,5.0
177,-0.99093235,13.513435825183423,5.0,0.0,5.0,5.0
178,-1.0,14.74150817528323,5.0,0.0,5.0,5.0
179,-0.6327322,-0.22632817055194313,0.0,0.0,0.0,0.0
180,-0.6345952,-0.22632817055194313,0.0,0.0,0.0,0.0
181,-0.62616277,-0.22632817055194313,0.0,0.0,0.0,0.0
182,-0.61093867,-0.22632817055194313,0.0,0.0,0.0,0.0
183,-0.59429127,-0.22632817055194313,0.0,0.0,0.0,0.0
184,-0.58091015,-0.22632817055194313,0.0,0.0,0.0,0.0
185,-0.5740418,-0.22632817055194313,0.0,0.0,0.0,0.0
186,-0.57634485,-0.22632817055194313,0.0,0.0,0.0,0.0
187,-0.5883643,-0.22632817055194313,0.0,0.0,0.0,0.0
188,-0.60618234,-0.22632817055194313,0.0,0.0,0.0,0.0
189,-0.62509674,-0.22632817055194313,0.0,0.0,0.0,0.0
190,-0.6419008,-0.22632817055194313,0.0,0.0,0.0,0.0
191,-0.6564904,-0.22632817055194313,0.0,0.0,0.0,0.0
192,-0.669386,-0.22632817055194313,0.0,0.0,0.0,0.0
193,-0.68095315,-0.22632817055194313,0.0,0.0,0.0,0.0
194,-0.69145465,-0.22632817055194313,0.0,0.0,0.0,0.0
195,-0.69936395,-0.22632817055194313,0.0,0.0,0.0,0.0
196,-0.7026692,-0.22632817055194313,0.0,0.0,0.0,0.0
197,-0.71991694,-0.22632817055194313,0.0,0.0,0.0,0.0
198,-0.7464512,-0.22632817055194313,0.0,0.0,0.0,0.0
199,-0.7774073,-0.22632817055194313,0.0,0.0,0.0,0.0
200,-0.8077755,-0.22632817055194313,0.0,0.0,0.0,0.0
201,-0.8328937,-0.22632817055194313,0.0,0.0,0.0,0.0
202,-0.8515032,-0.22632817055194313,0.0,0.0,0.0,0.0
203,-0.8696857,-0.22632817055194313,0.0,0.0,0.0,0.0
204,-0.8948271,0.1355579317480364,0.1355579317480364,0.1355579317480364,0.1355579317480364,0.13555793
205,-0.93006414,2.5209423375409488,2.5209423375409488,2.3853844057929123,2.5209423375409488,2.5209422
206,-0.9693075,10.194196911891428,5.0,2.4790576624590512,5.0,5.0
207,-0.99934125,13.603197178906676,5.0,0.0,5.0,5.0
208,-0.5415652,-0.24577654602818796,0.0,0.0,0.0,0.0
209,-0.56091285,-0.24577654602818796,0.0,0.0,0.0,0.0
210,-0.5722608,-0.24577654602818796,0.0,0.0,0.0,0.0
211,-0.57757074,-0.24577654602818796,0.0,0.0,0.0,0.0
212,-0.580789,-0.24577654602818796,0.0,0.0,0.0,0.0
213,-0.5841603,-0.24577654602818796,0.0,0.0,0.0,0.0
214,-0.5863013,-0.24577654602818796,0.0,0.0,0.0,0.0
215,-0.58526486,-0.24577654602818796,0.0,0.0,0.0,0.0
216,-0.5812229,-0.24577654602818796,0.0,0.0,0.0,0.0
217,-0.57881737,-0.24577654602818796,0.0,0.0,0.0,0.0
218,-0.5835068,-0.24577654602818796,0.0,0.0,0.0,0.0
219,-0.5981122,-0.24577654602818796,0.0,0.0,0.0,0.0
220,-0.61966264,-0.24577654602818796,0.0,0.0,0.0,0.0
221,-0.6438747,-0.24577654602818796,0.0,0.0,0.0,0.0
222,-0.6661805,-0.24577654602818796,0.0,0.0,0.0,0.0
223,-0.6813991,-0.24577654602818796,0.0,0.0,0.0,0.0
224,-0.6920871,-0.24577654602818796,0.0,0.0,0.0,0.0
225,-0.72343445,-0.24577654602818796,0.0,0.0,0.0,0.0
226,-0.762491,-0.24577654602818796,0.0,0.0,0.0,0.0
227,-0.8060618,-0.24577654602818796,0.0,0.0,0.0,0.0
228,-0.8510878,-0.24577654602818796,0.0,0.0,0.0,0.0
229,-0.8946378,0.07913557113512576,0.07913557113512576,0.07913557113512576,0.07913557113512576,0.079135574
230,-0.9338857,2.5526637114007396,2.5526637114007396,2.4735281402656137,2.5526637114007396,2.5526638
231,-0.9672376,9.228777789769547,5.0,2.4473362885992604,5.0,5.0
232,-0.99303514,11.992450013141578,5.0,0.0,5.0,5.0
233,-1.0,12.81679541443529,5.0,0.0,5.0,5.0
234,-0.4990627,-0.26372007025587013,0.0,0.0,0.0,0.0
235,-0.48047245,-0.20672668545854944,0.0,0.0,0.0,0.0
236,-0.48106876,-0.20874318682082857,0.0,0.0,0.0,0.0
237,-0.49227256,-0.24663044023375855,0.0,0.0,0.0,0.0
238,-0.5024449,-0.26372007025587013,0.0,0.0,0.0,0.0
239,-0.5051676,-0.26372007025587013,0.0,0.0,0.0,0.0
240,-0.5050104,-0.26372007025587013,0.0,0.0,0.0,0.0
241,-0.5087268,-0.26372007025587013,0.0,0.0,0.0,0.0
242,-0.5201016,-0.26372007025587013,0.0,0.0,0.0,0.0
243,-0.5366666,-0.26372007025587013,0.0,0.0,0.0,0.0
244,-0.55464995,-0.26372007025587013,0.0,0.0,0.0,0.0
245,-0.5714086,-0.26372007025587013,0.0,0.0,0.0,0.0
246,-0.5866116,-0.26372007025587013,0.0,0.0,0.0,0.0
247,-0.6003651,-0.26372007025587013,0.0,0.0,0.0,0.0
248,-0.61245453,-0.26372007025587013,0.0,0.0,0.0,0.0
249,-0.6222637,-0.26372007025587013,0.0,0.0,0.0,0.0
250,-0.6340448,-0.26372007025587013,0.0,0.0,0.0,0.0
251,-0.6643758,-0.26372007025587013,0.0,0.0,0.0,0.0
252,-0.6996206,-0.26372007025587013,0.0,0.0,0.0,0.0
253,-0.737636,-0.26372007025587013,0.0,0.0,0.0,0.0
254,-0.7764128,-0.26372007025587013,0.0,0.0,0.0,0.0
255,-0.81413436,-0.26372007025587013,0.0,0.0,0.0,0.0
0,-0.5799384,-0.26372007025587013,0.0,0.0,0.0,0.0
1,-0.5529916,-0.26372007025587013,0.0,0.0,0.0,0.0
2,-0.52833843,-0.26372007025587013,0.0,0.0,0.0,0.0
3,-0.5137833,-0.26372007025587013,0.0,0.0,0.0,0.0
4,-0.51675004,-0.26372007025587013,0.0,0.0,0.0,0.0
5,-0.5377501,-0.26372007025587013,0.0,0.0,0.0,0.0
6,-0.5625882,-0.26372007025587013,0.0,0.0,0.0,0.0
7,-0.5748652,-0.26372007025587013,0.0,0.0,0.0,0.0
8,-0.56702995,-0.26372007025587013,0.0,0.0,0.0,0.0
9,-0.549838,-0.26372007025587013,0.0,0.0,0.0,0.0
10,-0.5373937,-0.26372007025587013,0.0,0.0,0.0,0.0
11,-0.53890264,-0.26372007025587013,0.0,0.0,0.0,0.0
12,-0.5537604,-0.26372007025587013,0.0,0.0,0.0,0.0
13,-0.5790026,-0.26372007025587013,0.0,0.0,0.0,0.0
14,-0.6117434,-0.26372007025587013,0.0,0.0,0.0,0.0
15,-0.6492993,-0.26372007025587013,0.0,0.0,0.0,0.0
16,-0.69082814,-0.26372007025587013,0.0,0.0,0.0,0.0
17,-0.7359739,-0.26372007025587013,0.0,0.0,0.0,0.0
18,-0.76439935,-0.26372007025587013,0.0,0.0,0.0,0.0
19,-0.7836853,-0.26372007025587013,0.0,0.0,0.0,0.0
20,-0.8014929,-0.26372007025587013,0.0,0.0,0.0,0.0
21,-0.8253777,-0.26372007025587013,0.0,0.0,0.0,0.0
22,-0.8615642,-0.26372007025587013,0.0,0.0,0.0,0.0
23,-0.9112343,1.0234923865537517,1.0234923865537517,1.0234923865537517,1.0234923865537517,1.0234923
24,-0.9642281,8.541848471040367,5.0,3.9765076134462483,5.0,5.0
25,-1.0,11.822994727236459,5.0,0.0,5.0,5.0
26,-0.56156987,-0.27438615921899984,0.0,0.0,0.0,0.0
27,-0.56015575,-0.2710957716712334,0.0,0.0,0.0,0.0
28,-0.57322323,-0.268427567235912,0.0,0.0,0.0,0.0
29,-0.59130025,-0.268427567235912,0.0,0.0,0.0,0.0
30,-0.6021479,-0.268427567235912,0.0,0.0,0.0,0.0
31,-0.59962904,-0.268427567235912,0.0,0.0,0.0,0.0
32,-0.5907396,-0.268427567235912,0.0,0.0,0.0,0.0
33,-0.5855714,-0.268427567235912,0.0,0.0,0.0,0.0
34,-0.59022605,-0.268427567235912,0.0,0.0,0.0,0.0
35,-0.6015113,-0.268427567235912,0.0,0.0,0.0,0.0
36,-0.61404043,-0.268427567235912,0.0,0.0,0.0,0.0
37,-0.6249082,-0.268427567235912,0.0,0.0,0.0,0.0
38,-0.6367319,-0.268427567235912,0.0,0.0,0.0,0.0
39,-0.65321624,-0.268427567235912,0.0,0.0,0.0,0.0
40,-0.67795944,-0.268427567235912,0.0,0.0,0.0,0.0
41,-0.7145379,-0.268427567235912,0.0,0.0,0.0,0.0
42,-0.7581166,-0.268427567235912,0.0,0.0,0.0,0.0
43,-0.7826244,-0.268427567235912,0.0,0.0,0.0,0.0
44,-0.8073519,-0.268427567235912,0.0,0.0,0.0,0.0
45,-0.8335526,-0.268427567235912,0.0,0.0,0.0,0.0
46,-0.8622112,-0.268427567235912,0.0,0.0,0.0,0.0
47,-0.89369196,-0.014904603374326728,0.0,0.0,0.0,0.0
48,-0.9286158,2.0887392691085442,2.0887392691085442,2.0887392691085442,2.0887392691085442,2.0887392
49,-0.9668172,9.147311644784024,5.0,2.9112607308914558,5.0,5.0
50,-0.9985475,12.788581593160638,5.0,0.0,5.0,5.0
51,-0.6648244,-0.2667037269379677,0.0,0.0,0.0,0.0
52,-0.6679687,-0.2667037269379677,0.0,0.0,0.0,0.0
53,-0.6758125,-0.2667037269379677,0.0,0.0,0.0,0.0
54,-0.68207985,-0.2667037269379677,0.0,0.0,0.0,0.0
55,-0.6793342,-0.2667037269379677,0.0,0.0,0.0,0.0
56,-0.6650726,-0.2667037269379677,0.0,0.0,0.0,0.0
57,-0.6472892,-0.2667037269379677,0.0,0.0,0.0,0.0
58,-0.63591194,-0.2667037269379677,0.0,0.0,0.0,0.0
59,-0.6364696,-0.2667037269379677,0.0,0.0,0.0,0.0
60,-0.6451508,-0.2667037269379677,0.0,0.0,0.0,0.0
61,-0.65619886,-0.2667037269379677,0.0,0.0,0.0,0.0
62,-0.6652592,-0.2667037269379677,0.0,0.0,0.0,0.0
63,-0.6708591,-0.2667037269379677,0.0,0.0,0.0,0.0
64,-0.67214096,-0.2667037269379677,0.0,0.0,0.0,0.0
65,-0.66819495,-0.2667037269379677,0.0,0.0,0.0,0.0
66,-0.658185,-0.2667037269379677,0.0,0.0,0.0,0.0
67,-0.6449235,-0.2667037269379677,0.0,0.0,0.0,0.0
68,-0.64275527,-0.2667037269379677,0.0,0.0,0.0,0.0
69,-0.6558149,-0.2667037269379677,0.0,0.0,0.0,0.0
70,-0.6806707,-0.2667037269379677,0.0,0.0,0.0,0.0
71,-0.713349,-0.2667037269379677,0.0,0.0,0.0,0.0
72,-0.74955887,-0.2667037269379677,0.0,0.0,0.0,0.0
73,-0.7850501,-0.2667037269379677,0.0,0.0,0.0,0.0
74,-0.81673276,-0.2667037269379677,0.0,0.0,0.0,0.0
75,-0.844041,-0.2667037269379677,0.0,0.0,0.0,0.0
76,-0.86703086,-0.2591493721907091,0.0,0.0,0.0,0.0
77,-0.884744,-0.2511228899991451,0.0,0.0,0.0,0.0
78,-0.8935808,0.012636991643036196,0.012636991643036196,0.012636991643036196,0.012636991643036196,0.012636991
79,-0.8895419,-0.2446495383924216,0.0,0,0.012636991643036196,0.012636991
80,-0.87466383,-0.24839631120996786,0.0,0,0.012636991643036196,0.012636991
81,-0.8630594,-0.24839631120996786,0.0,0,0.012636991643036196,0.012636991
82,-0.8706946,-0.24839631120996786,0.0,0,0.012636991643036196,0.012636991
83,-0.90471923,0.7218428486861586,0.7218428486861586,0.7092058570431223,0.7218428486861586,0.7218429
84,-0.95333385,7.863070982328055,5.0,4.278157151313842,5.0,5.0
85,-0.99460274,11.847170700777498,5.0,0.0,5.0,5.0
86,-1.0,12.468621841396903,5.0,0.0,5.0,5.0
87,-0.6296923,-0.2565560049670145,0.0,0.0,0.0,0.0
88,-0.6269946,-0.2565560049670145,0.0,0.0,0.0,0.0
89,-0.62996733,-0.2565560049670145,0.0,0.0,0.0,0.0
90,-0.6353771,-0.2565560049670145,0.0,0.0,0.0,0.0
91,-0.63947225,-0.2565560049670145,0.0,0.0,0.0,0.0
92,-0.64137197,-0.2565560049670145,0.0,0.0,0.0,0.0
93,-0.6453431,-0.2565560049670145,0.0,0.0,0.0,0.0
94,-0.6561926,-0.2565560049670145,0.0,0.0,0.0,0.0
95,-0.6758112,-0.2565560049670145,0.0,0.0,0.0,0.0
96,-0.700439,-0.2565560049670145,0.0,0.0,0.0,0.0
97,-0.72518843,-0.2565560049670145,0.0,0.0,0.0,0.0
98,-0.74708813,-0.2565560049670145,0.0,0.0,0.0,0.0
99,-0.7670891,-0.2565560049670145,0.0,0.0,0.0,0.0
100,-0.7869617,-0.2565560049670145,0.0,0.0,0.0,0.0
101,-0.808421,-0.2565560049670145,0.0,0.0,0.0,0.0
102,-0.83325493,-0.2565560049670145,0.0,0.0,0.0,0.0
103,-0.85889494,-0.2565560049670145,0.0,0.0,0.0,0.0
104,-0.8745163,-0.2565560049670145,0.0,0.0,0.0,0.0
105,-0.90155154,0.45222780016682645,0.45222780016682645,0.45222780016682645,0.45222780016682645,0.4522278
106,-0.9349286,2.4338710809067003,2.4338710809067003,1.9816432807398738,2.4338710809067003,2.433871
107,-0.9693682,9.12610589320898,5.0,2.5661289190932997,5.0,5.0
108,-0.99560225,11.817274599108908,5.0,0.0,5.0,5.0
109,-1.0,12.317505939188434,5.0,0.0,5.0,5.0
110,-0.59909874,-0.2534466242631365,0.0,0.0,0.0,0.0
111,-0.61234456,-0.2534466242631365,0.0,0.0,0.0,0.0
112,-0.6226121,-0.2534466242631365,0.0,0.0,0.0,0.0
113,-0.62884206,-0.2534466242631365,0.0,0.0,0.0,0.0
114,-0.6307744,-0.2534466242631365,0.0,0.0,0.0,0.0
115,-0.6291176,-0.2534466242631365,0.0,0.0,0.0,0.0
116,-0.625589,-0.2534466242631365,0.0,0.0,0.0,0.0
117,-0.62192565,-0.2534466242631365,0.0,0.0,0.0,0.0
118,-0.62011725,-0.2534466242631365,0.0,0.0,0.0,0.0
119,-0.62292874,-0.2534466242631365,0.0,0.0,0.0,0.0
120,-0.6329158,-0.2534466242631365,0.0,0.0,0.0,0.0
121,-0.65108615,-0.2534466242631365,0.0,0.0,0.0,0.0
122,-0.67557734,-0.2534466242631365,0.0,0.0,0.0,0.0
123,-0.7038065,-0.2534466242631365,0.0,0.0,0.0,0.0
124,-0.73321354,-0.2534466242631365,0.0,0.0,0.0,0.0
125,-0.76132864,-0.2534466242631365,0.0,0.0,0.0,0.0
126,-0.78949404,-0.2534466242631365,0.0,0.0,0.0,0.0
127,-0.8273634,-0.2534466242631365,0.0,0.0,0.0,0.0
128,-0.86184853,-0.2534466242631365,0.0,0.0,0.0,0.0
129,-0.8939873,0.0027248904706864935,0.0027248904706864935,0.0027248904706864935,0.0027248904706864935,0.0027248904
130,-0.92474294,1.7518935305649237,1.7518935305649237,1.7491686400942372,1.7518935305649237,1.7518935
131,-0.9556747,7.172972291550537,5.0,3.2481064694350765,5.0,5.0
132,-0.985191,10.004768168841748,5.0,0.0,5.0,5.0
133,-1.0,11.594457549773638,5.0,0.0,5.0,5.0
134,-0.59322655,-0.2690823051778307,0.0,0.0,0.0,0.0
135,-0.5973822,-0.2690823051778307,0.0,0.0,0.0,0.0
136,-0.6041392,-0.2690823051778307,0.0,0.0,0.0,0.0
137,-0.609997,-0.2690823051778307,0.0,0.0,0.0,0.0
138,-0.6113943,-0.2690823051778307,0.0,0.0,0.0,0.0
139,-0.60744095,-0.2690823051778307,0.0,0.0,0.0,0.0
140,-0.60284984,-0.2609016212941549,0.0,0.0,0.0,0.0
141,-0.60328525,-0.2523197780497656,0.0,0.0,0.0,0.0
142,-0.61164004,-0.2523197780497656,0.0,0.0,0.0,0.0
143,-0.62501454,-0.2523197780497656,0.0,0.0,0.0,0.0
144,-0.6392513,-0.2523197780497656,0.0,0.0,0.0,0.0
145,-0.65147907,-0.2523197780497656,0.0,0.0,0.0,0.0
146,-0.6616429,-0.2523197780497656,0.0,0.0,0.0,0.0
147,-0.6703696,-0.2523197780497656,0.0,0.0,0.0,0.0
148,-0.67822266,-0.2523197780497656,0.0,0.0,0.0,0.0
149,-0.6856489,-0.2523197780497656,0.0,0.0,0.0,0.0
150,-0.6845182,-0.2523197780497656,0.0,0.0,0.0,0.0
151,-0.6561414,-0.2523197780497656,0.0,0.0,0.0,0.0
152,-0.65892714,-0.2523197780497656,0.0,0.0,0.0,0.0
153,-0.68475705,-0.2523197780497656,0.0,0.0,0.0,0.0
154,-0.72542167,-0.2523197780497656,0.0,0.0,0.0,0.0
155,-0.7725138,-0.2523197780497656,0.0,0.0,0.0,0.0
156,-0.81788296,-0.2523197780497656,0.0,0.0,0.0,0.0
157,-0.8564931,-0.2523197780497656,0.0,0.0,0.0,0.0
158,-0.8900535,-0.22002117156806683,0.0,0.0,0.0,0.0
159,-0.92172456,1.573210968802723,1.573210968802723,1.573210968802723,1.573210968802723,1.573211
160,-0.9531881,6.882943884200573,5.0,3.426789031197277,5.0,5.0
161,-0.9819857,9.595956366963641,5.0,0.0,5.0,5.0
162,-1.0,11.51675877707348,5.0,0.0,5.0,5.0
163,-0.6262913,-0.26727908456333505,0.0,0.0,0.0,0.0
164,-0.62138164,-0.26727908456333505,0.0,0.0,0.0,0.0
165,-0.61497957,-0.26727908456333505,0.0,0.0,0.0,0.0
166,-0.6084439,-0.26727908456333505,0.0,0.0,0.0,0.0
167,-0.60336936,-0.26727908456333505,0.0,0.0,0.0,0.0
168,-0.6013665,-0.26727908456333505,0.0,0.0,0.0,0.0
169,-0.60401237,-0.26727908456333505,0.0,0.0,0.0,0.0
170,-0.61264735,-0.26727908456333505,0.0,0.0,0.0,0.0
171,-0.62673455,-0.26431007614463564,0.0,0.0,0.0,0.0
172,-0.642082,-0.2561043813688615,0.0,0.0,0.0,0.0
173,-0.65376234,-0.2507444072128964,0.0,0.0,0.0,0.0
174,-0.65969384,-0.2442467236275051,0.0,0.0,0.0,0.0
175,-0.66423386,-0.2442467236275051,0.0,0.0,0.0,0.0
176,-0.6732634,-0.2442467236275051,0.0,0.0,0.0,0.0
177,-0.6927108,-0.2442467236275051,0.0,0.0,0.0,0.0
178,-0.72856987,-0.2442467236275051,0.0,0.0,0.0,0.0
179,-0.7766886,-0.2442467236275051,0.0,0.0,0.0,0.0
180,-0.8058592,-0.2442467236275051,0.0,0.0,0.0,0.0
181,-0.83515155,-0.2442467236275051,0.0,0.0,0.0,0.0
182,-0.8649222,-0.2442467236275051,0.0,0.0,0.0,0.0
183,-0.89554125,0.08779571897722666,0.08779571897722666,0.08779571897722666,0.08779571897722666,0.08779572
184,-0.92723936,1.8247730577970875,1.8247730577970875,1.7369773388198608,1.8247730577970875,1.8247731
185,-0.9596523,7.351253734758848,5.0,3.1752269422029125,5.0,5.0
186,-0.9883998,10.034309534983826,5.0,0.0,5.0,5.0
187,-1.0,11.24165067879772,5.0,0.0,5.0,5.0
188,-0.6102209,-0.2608944200855582,0.0,0.0,0.0,0.0
189,-0.60226315,-0.2608944200855582,0.0,0.0,0.0,0.0
190,-0.60612905,-0.2608944200855582,0.0,0.0,0.0,0.0
191,-0.616841,-0.2608944200855582,0.0,0.0,0.0,0.0
192,-0.6275742,-0.2608944200855582,0.0,0.0,0.0,0.0
193,-0.632887,-0.2608944200855582,0.0,0.0,0.0,0.0
194,-0.63025093,-0.2608944200855582,0.0,0.0,0.0,0.0
195,-0.61834437,-0.2608944200855582,0.0,0.0,0.0,0.0
196,-0.59971327,-0.2608944200855582,0.0,0.0,0.0,0.0
197,-0.5850867,-0.2608944200855582,0.0,0.0,0.0,0.0
198,-0.58639824,-0.2608944200855582,0.0,0.0,0.0,0.0
199,-0.60912246,-0.2608944200855582,0.0,0.0,0.0,0.0
200,-0.64492744,-0.2608944200855582,0.0,0.0,0.0,0.0
201,-0.6821301,-0.2608944200855582,0.0,0.0,0.0,0.0
202,-0.70900476,-0.2608944200855582,0.0,0.0,0.0,0.0
203,-0.7137869,-0.2608944200855582,0.0,0.0,0.0,0.0
204,-0.69601697,-0.2608944200855582,0.0,0.0,0.0,0.0
205,-0.6928594,-0.2600758015883518,0.0,0.0,0.0,0.0
206,-0.70742375,-0.2515811324147847,0.0,0.0,0.0,0.0
207,-0.7347596,-0.2427994626891163,0.0,0.0,0.0,0.0
208,-0.7699657,-0.2427994626891163,0.0,0.0,0.0,0.0
209,-0.8082564,-0.2427994626891163,0.0,0.0,0.0,0.0
210,-0.8453313,-0.2427994626891163,0.0,0.0,0.0,0.0
211,-0.87974775,-0.2427994626891163,0.0,0.0,0.0,0.0
212,-0.9158619,1.1944298144424832,1.1944298144424832,1.1944298144424832,1.1944298144424832,1.1944298
213,-0.95815825,7.197891862307412,5.0,3.805570185557517,5.0,5.0
214,-0.9976692,10.81205878145904,5.0,0.0,5.0,5.0
215,-0.5670472,-0.25645864244371747,0.0,0.0,0.0,0.0
216,-0.5767743,-0.25645864244371747,0.0,0.0,0.0,0.0
217,-0.58883834,-0.25645864244371747,0.0,0.0,0.0,0.0
218,-0.5964321,-0.25645864244371747,0.0,0.0,0.0,0.0
219,-0.59209704,-0.25645864244371747,0.0,0.0,0.0,0.0
220,-0.5746394,-0.25645864244371747,0.0,0.0,0.0,0.0
221,-0.5561876,-0.25645864244371747,0.0,0.0,0.0,0.0
222,-0.5510294,-0.25645864244371747,0.0,0.0,0.0,0.0
223,-0.56584406,-0.25645864244371747,0.0,0.0,0.0,0.0
224,-0.59120864,-0.25645864244371747,0.0,0.0,0.0,0.0
225,-0.61458045,-0.25645864244371747,0.0,0.0,0.0,0.0
226,-0.6285139,-0.25645864244371747,0.0,0.0,0.0,0.0
227,-0.63631934,-0.25645864244371747,0.0,0.0,0.0,0.0
228,-0.6437862,-0.25645864244371747,0.0,0.0,0.0,0.0
229,-0.6566553,-0.25645864244371747,0.0,0.0,0.0,0.0
230,-0.680624,-0.2559847120472386,0.0,0.0,0.0,0.0
231,-0.7129247,-0.2473730776608093,0.0,0.0,0.0,0.0
232,-0.7297209,-0.23856723513675726,0.0,0.0,0.0,0.0
233,-0.7518798,-0.23856723513675726,0.0,0.0,0.0,0.0
234,-0.7756148,-0.23856723513675726,0.0,0.0,0.0,0.0
235,-0.7971443,-0.23856723513675726,0.0,0.0,0.0,0.0
236,-0.81274396,-0.23856723513675726,0.0,0.0,0.0,0.0
237,-0.819111,-0.23856723513675726,0.0,0.0,0.0,0.0
238,-0.8162365,-0.23856723513675726,0.0,0.0,0.0,0.0
239,-0.811162,-0.23856723513675726,0.0,0.0,0.0,0.0
240,-0.8121725,-0.23856723513675726,0.0,0.0,0.0,0.0
241,-0.8242028,-0.23856723513675726,0.0,0.0,0.0,0.0
242,-0.8450175,-0.23856723513675726,0.0,0.0,0.0,0.0
243,-0.87072796,-0.23856723513675726,0.0,0.0,0.0,0.0
244,-0.8978419,0.20891719177776247,0.20891719177776247,0.20891719177776247,0.20891719177776247,0.20891719
245,-0.923735,1.5940071254829653,1.5940071254829653,1.3850899337052027,1.5940071254829653,1.594007
246,-0.94619614,2.769752585168385,2.769752585168385,1.1757454596854195,2.769752585168385,2.7697525
247,-0.9646138,7.703656146131328,5.0,2.230247414831615,5.0,5.0
248,-0.9815915,9.31531640179371,5.0,0.0,5.0,5.0
249,-0.9966862,10.884616914074257,5.0,0.0,5.0,5.0
250,-0.6650183,-0.26060381984233977,0.0,0.0,0.0,0.0
251,-0.65507907,-0.26060381984233977,0.0,0.0,0.0,0.0
252,-0.64328283,-0.26060381984233977,0.0,0.0,0.0,0.0
253,-0.63296866,-0.26060381984233977,0.0,0.0,0.0,0.0
254,-0.6286018,-0.26060381984233977,0.0,0.0,0.0,0.0
255,-0.6328968,-0.26060381984233977,0.0,0.0,0.0,0.0
0,-0.60828614,-0.26060381984233977,0.0,0.0,0.0,0.0
1,-0.6017358,-0.26060381984233977,0.0,0.0,0.0,0.0
2,-0.5926671,-0.26060381984233977,0.0,0.0,0.0,0.0
3,-0.58439106,-0.26060381984233977,0.0,0.0,0.0,0.0
4,-0.5802774,-0.26060381984233977,0.0,0.0,0.0,0.0
5,-0.5815234,-0.26060381984233977,0.0,0.0,0.0,0.0
6,-0.5847633,-0.26060381984233977,0.0,0.0,0.0,0.0
7,-0.5859084,-0.26060381984233977,0.0,0.0,0.0,0.0
8,-0.5835744,-0.26060381984233977,0.0,0.0,0.0,0.0
9,-0.58210665,-0.26060381984233977,0.0,0.0,0.0,0.0
10,-0.5868136,-0.26060381984233977,0.0,0.0,0.0,0.0
11,-0.6001884,-0.26060381984233977,0.0,0.0,0.0,0.0
12,-0.6188561,-0.26060381984233977,0.0,0.0,0.0,0.0
13,-0.63801783,-0.26060381984233977,0.0,0.0,0.0,0.0
14,-0.6528478,-0.26060381984233977,0.0,0.0,0.0,0.0
15,-0.6586108,-0.26060381984233977,0.0,0.0,0.0,0.0
16,-0.6600239,-0.26060381984233977,0.0,0.0,0.0,0.0
17,-0.68523943,-0.26060381984233977,0.0,0.0,0.0,0.0
18,-0.7128704,-0.26060381984233977,0.0,0.0,0.0,0.0
19,-0.74148905,-0.26060381984233977,0.0,0.0,0.0,0.0
20,-0.76939446,-0.26060381984233977,0.0,0.0,0.0,0.0
21,-0.7947008,-0.26060381984233977,0.0,0.0,0.0,0.0
22,-0.815748,-0.26060381984233977,0.0,0.0,0.0,0.0
23,-0.8330654,-0.26060381984233977,0.0,0.0,0.0,0.0
24,-0.8517726,-0.255436313407186,0.0,0.0,0.0,0.0
25,-0.8776489,-0.24842434331883376,0.0,0.0,0.0,0.0
26,-0.9129905,1.0620309780343666,1.0620309780343666,1.0620309780343666,1.0620309780343666,1.062031
27,-0.95234543,6.727439930446498,5.0,3.9379690219656336,5.0,5.0
28,-0.9859593,9.778844322646355,5.0,0.0,5.0,5.0
29,-1.0,11.239973216741836,5.0,0.0,5.0,5.0
30,-0.6218708,-0.2608554898160818,0.0,0.0,0.0,0.0
31,-0.61469674,-0.2608554898160818,0.0,0.0,0.0,0.0
32,-0.6214198,-0.2608554898160818,0.0,0.0,0.0,0.0
33,-0.63522863,-0.2608554898160818,0.0,0.0,0.0,0.0
34,-0.64671046,-0.2608554898160818,0.0,0.0,0.0,0.0
35,-0.65012735,-0.2608554898160818,0.0,0.0,0.0,0.0
36,-0.6475352,-0.2608554898160818,0.0,0.0,0.0,0.0
37,-0.6428601,-0.2608554898160818,0.0,0.0,0.0,0.0
38,-0.63927215,-0.2608554898160818,0.0,0.0,0.0,0.0
39,-0.63814837,-0.2608554898160818,0.0,0.0,0.0,0.0
40,-0.64029884,-0.2608554898160818,0.0,0.0,0.0,0.0
41,-0.6461563,-0.2608554898160818,0.0,0.0,0.0,0.0
42,-0.6555744,-0.2608554898160818,0.0,0.0,0.0,0.0
43,-0.66817504,-0.2608554898160818,0.0,0.0,0.0,0.0
44,-0.6835135,-0.2608554898160818,0.0,0.0,0.0,0.0
45,-0.7010982,-0.2608554898160818,0.0,0.0,0.0,0.0
46,-0.7226391,-0.2608554898160818,0.0,0.0,0.0,0.0
47,-0.7521593,-0.2608554898160818,0.0,0.0,0.0,0.0
48,-0.77269775,-0.2608554898160818,0.0,0.0,0.0,0.0
49,-0.7891406,-0.2527421196498391,0.0,0.0,0.0,0.0
50,-0.80655897,-0.243893997511787,0.0,0.0,0.0,0.0
51,-0.8300387,-0.243893997511787,0.0,0.0,0.0,0.0
52,-0.8641185,-0.243893997511787,0.0,0.0,0.0,0.0
53,-0.9092359,0.8371749444993162,0.8371749444993162,0.8371749444993162,0.8371749444993162,0.83717495
54,-0.9570357,7.130491517853232,5.0,4.162825055500684,5.0,5.0
55,-0.993295,10.314420394308671,5.0,0.0,5.0,5.0
56,-1.0,10.997087475851925,5.0,0.0,5.0,5.0
57,-0.66021925,-0.2552186366236909,0.0,0.0,0.0,0.0
58,-0.67115355,-0.2552186366236909,0.0,0.0,0.0,0.0
59,-0.680989,-0.2552186366236909,0.0,0.0,0.0,0.0
60,-0.6886398,-0.2552186366236909,0.0,0.0,0.0,0.0
61,-0.6927627,-0.2552186366236909,0.0,0.0,0.0,0.0
62,-0.69258523,-0.2552186366236909,0.0,0.0,0.0,0.0
63,-0.6884354,-0.2552186366236909,0.0,0.0,0.0,0.0
64,-0.68088347,-0.2552186366236909,0.0,0.0,0.0,0.0
65,-0.67097044,-0.2552186366236909,0.0,0.0,0.0,0.0
66,-0.6608879,-0.2552186366236909,0.0,0.0,0.0,0.0
67,-0.65300864,-0.2552186366236909,0.0,0.0,0.0,0.0
68,-0.6490835,-0.2552186366236909,0.0,0.0,0.0,0.0
69,-0.64958984,-0.2552186366236909,0.0,0.0,0.0,0.0
70,-0.65478724,-0.2552186366236909,0.0,0.0,0.0,0.0
71,-0.6649783,-0.2552186366236909,0.0,0.0,0.0,0.0
72,-0.68040556,-0.2552186366236909,0.0,0.0,0.0,0.0
73,-0.69870025,-0.2552186366236909,0.0,0.0,0.0,0.0
74,-0.7128015,-0.2552186366236909,0.0,0.0,0.0,0.0
75,-0.7339606,-0.2552186366236909,0.0,0.0,0.0,0.0
76,-0.7595296,-0.2552186366236909,0.0,0.0,0.0,0.0
77,-0.78690886,-0.2552186366236909,0.0,0.0,0.0,0.0
78,-0.8135266,-0.2552186366236909,0.0,0.0,0.0,0.0
79,-0.837039,-0.25514245500811605,0.0,0.0,0.0,0.0
80,-0.85697514,-0.25514245500811605,0.0,0.0,0.0,0.0
81,-0.8768736,-0.25514245500811605,0.0,0.0,0.0,0.0
82,-0.9008971,0.3259082416181808,0.3259082416181808,0.3259082416181808,0.3259082416181808,0.32590824
83,-0.9306267,1.837561710233232,1.837561710233232,1.5116534686150511,1.837561710233232,1.8375616
84,-0.9621613,7.0947783970989855,5.0,3.1624382897667678,5.0,5.0
85,-0.9887115,10.118558698587568,5.0,0.0,5.0,5.0
86,-1.0,11.299508278630194,5.0,0.0,5.0,5.0
87,-0.55615765,-0.2622371699527379,0.0,0.0,0.0,0.0
88,-0.57329327,-0.2622371699527379,0.0,0.0,0.0,0.0
89,-0.5765845,-0.2622371699527379,0.0,0.0,0.0,0.0
90,-0.56938493,-0.2622371699527379,0.0,0.0,0.0,0.0
91,-0.5574581,-0.2622371699527379,0.0,0.0,0.0,0.0
92,-0.5462081,-0.2622371699527379,0.0,0.0,0.0,0.0
93,-0.5399726,-0.2622371699527379,0.0,0.0,0.0,0.0
94,-0.5426316,-0.2622371699527379,0.0,0.0,0.0,0.0
95,-0.5560994,-0.2622371699527379,0.0,0.0,0.0,0.0
96,-0.577943,-0.2622371699527379,0.0,0.0,0.0,0.0
97,-0.60454166,-0.2622371699527379,0.0,0.0,0.0,0.0
98,-0.6330152,-0.2622371699527379,0.0,0.0,0.0,0.0
99,-0.6625094,-0.2622371699527379,0.0,0.0,0.0,0.0
100,-0.692649,-0.2622371699527379,0.0,0.0,0.0,0.0
101,-0.7231787,-0.2622371699527379,0.0,0.0,0.0,0.0
102,-0.75402683,-0.2622371699527379,0.0,0.0,0.0,0.0
103,-0.7896745,-0.2622371699527379,0.0,0.0,0.0,0.0
104,-0.8377024,-0.2622371699527379,0.0,0.0,0.0,0.0
105,-0.85843337,-0.2622371699527379,0.0,0.0,0.0,0.0
106,-0.86231965,-0.2596540839306213,0.0,0.0,0.0,0.0
107,-0.85898316,-0.2516891901036183,0.0,0.0,0.0,0.0
108,-0.85843414,-0.2428559663012148,0.0,0.0,0.0,0.0
109,-0.8703928,-0.2428559663012148,0.0,0.0,0.0,0.0
110,-0.8981507,0.22950329998063937,0.22950329998063937,0.22950329998063937,0.22950329998063937,0.2295033
111,-0.9308465,2.0101122897943307,2.0101122897943307,1.7806089898136912,2.0101122897943307,2.0101123
112,-0.9552724,6.832908975930356,5.0,2.9898877102056693,5.0,5.0
113,-0.9656702,7.660087091494172,5.0,0.0,5.0,5.0
114,-0.9720205,8.320287209304086,5.0,0.0,5.0,5.0
115,-0.9852123,9.69175714340711,5.0,0.0,5.0,5.0
116,-1.0,11.229135983173569,5.0,0.0,5.0,5.0
117,-0.6066468,-0.2606039810432236,0.0,0.0,0.0,0.0
118,-0.6015626,-0.2606039810432236,0.0,0.0,0.0,0.0
119,-0.5933981,-0.2606039810432236,0.0,0.0,0.0,0.0
120,-0.58558995,-0.2606039810432236,0.0,0.0,0.0,0.0
121,-0.58198214,-0.2606039810432236,0.0,0.0,0.0,0.0
122,-0.58459866,-0.2606039810432236,0.0,0.0,0.0,0.0
123,-0.5914241,-0.2606039810432236,0.0,0.0,0.0,0.0
124,-0.5997608,-0.2606039810432236,0.0,0.0,0.0,0.0
125,-0.6081146,-0.2606039810432236,0.0,0.0,0.0,0.0
126,-0.6169088,-0.2606039810432236,0.0,0.0,0.0,0.0
127,-0.6268009,-0.2606039810432236,0.0,0.0,0.0,0.0
128,-0.6391676,-0.2606039810432236,0.0,0.0,0.0,0.0
129,-0.6570615,-0.2606039810432236,0.0,0.0,0.0,0.0
130,-0.6836551,-0.26058714833623425,0.0,0.0,0.0,0.0
131,-0.7219626,-0.2531412586398289,0.0,0.0,0.0,0.0
132,-0.77502066,-0.2445313826343764,0.0,0.0,0.0,0.0
133,-0.8377525,-0.2445313826343764,0.0,0.0,0.0,0.0
134,-0.8815164,-0.2445313826343764,0.0,0.0,0.0,0.0
135,-0.91364783,1.0814573458161498,1.0814573458161498,1.0814573458161498,1.0814573458161498,1.0814574
136,-0.93757063,2.3781677710151827,2.3781677710151827,1.296710425199033,2.3781677710151827,2.3781676
137,-0.9567127,7.04910797705403,5.0,2.6218322289848173,5.0,5.0
138,-0.9751747,8.796144714441466,5.0,0.0,5.0,5.0
139,-0.99342245,10.72569628538873,5.0,0.0,5.0,5.0
140,-1.0,11.421221541274313,5.0,0.0,5.0,5.0
141,-0.5556122,-0.26506187176758333,0.0,0.0,0.0,0.0
142,-0.5380822,-0.26506187176758333,0.0,0.0,0.0,0.0
143,-0.53663504,-0.26506187176758333,0.0,0.0,0.0,0.0
144,-0.5461279,-0.26506187176758333,0.0,0.0,0.0,0.0
145,-0.5588126,-0.26506187176758333,0.0,0.0,0.0,0.0
146,-0.5696175,-0.26506187176758333,0.0,0.0,0.0,0.0
147,-0.57909584,-0.26506187176758333,0.0,0.0,0.0,0.0
148,-0.5889643,-0.26506187176758333,0.0,0.0,0.0,0.0
149,-0.6000247,-0.26506187176758333,0.0,0.0,0.0,0.0
150,-0.6112284,-0.26506187176758333,0.0,0.0,0.0,0.0
151,-0.62117356,-0.26506187176758333,0.0,0.0,0.0,0.0
152,-0.62901354,-0.26506187176758333,0.0,0.0,0.0,0.0
153,-0.6350285,-0.26506187176758333,0.0,0.0,0.0,0.0
154,-0.63973165,-0.26506187176758333,0.0,0.0,0.0,0.0
155,-0.6436078,-0.26506187176758333,0.0,0.0,0.0,0.0
156,-0.6471323,-0.26506187176758333,0.0,0.0,0.0,0.0
157,-0.65864015,-0.26506187176758333,0.0,0.0,0.0,0.0
158,-0.69912237,-0.26506187176758333,0.0,0.0,0.0,0.0
159,-0.7259565,-0.26506187176758333,0.0,0.0,0.0,0.0
160,-0.7419686,-0.2580181160934564,0.0,0.0,0.0,0.0
161,-0.7499761,-0.24996264539095614,0.0,0.0,0.0,0.0
162,-0.7528067,-0.24996264539095614,0.0,0.0,0.0,0.0
163,-0.7532899,-0.24996264539095614,0.0,0.0,0.0,0.0
164,-0.7541993,-0.24996264539095614,0.0,0.0,0.0,0.0
165,-0.7581763,-0.24996264539095614,0.0,0.0,0.0,0.0
166,-0.7676743,-0.24996264539095614,0.0,0.0,0.0,0.0
167,-0.7837022,-0.24996264539095614,0.0,0.0,0.0,0.0
168,-0.80413383,-0.24996264539095614,0.0,0.0,0.0,0.0
169,-0.8262262,-0.24996264539095614,0.0,0.0,0.0,0.0
170,-0.8482249,-0.24996264539095614,0.0,0.0,0.0,0.0
171,-0.87046975,-0.24996264539095614,0.0,0.0,0.0,0.0
172,-0.8937724,-0.00936486471051081,0.0,0.0,0.0,0.0
173,-0.9184,1.3720352780883762,1.3720352780883762,1.3720352780883762,1.3720352780883762,1.3720353
174,-0.9434643,2.7495491128823337,2.7495491128823337,1.3775138347939575,2.7495491128823337,2.7495492
175,-0.9678302,8.401531876000806,5.0,2.2504508871176663,5.0,5.0
176,-0.98914593,10.52778231561505,5.0,0.0,5.0,5.0
177,-1.0,11.703924232390598,5.0,0.0,5.0,5.0
178,-0.58862793,-0.2716227903339747,0.0,0.0,0.0,0.0
179,-0.59120816,-0.2716227903339747,0.0,0.0,0.0,0.0
180,-0.6008876,-0.2716227903339747,0.0,0.0,0.0,0.0
181,-0.61332035,-0.2716227903339747,0.0,0.0,0.0,0.0
182,-0.62312967,-0.2716227903339747,0.0,0.0,0.0,0.0
183,-0.6265624,-0.2716227903339747,0.0,0.0,0.0,0.0
184,-0.62327474,-0.27106361779683735,0.0,0.0,0.0,0.0
185,-0.61383677,-0.26357044191497075,0.0,0.0,0.0,0.0
186,-0.5995296,-0.25546462199336156,0.0,0.0,0.0,0.0
187,-0.58316386,-0.25546462199336156,0.0,0.0,0.0,0.0
188,-0.5678687,-0.25546462199336156,0.0,0.0,0.0,0.0
189,-0.5566284,-0.25546462199336156,0.0,0.0,0.0,0.0
190,-0.5521506,-0.25546462199336156,0.0,0.0,0.0,0.0
191,-0.5570719,-0.25546462199336156,0.0,0.0,0.0,0.0
192,-0.5739514,-0.25546462199336156,0.0,0.0,0.0,0.0
193,-0.60522723,-0.25546462199336156,0.0,0.0,0.0,0.0
194,-0.6358763,-0.25546462199336156,0.0,0.0,0.0,0.0
195,-0.61827034,-0.25546462199336156,0.0,0.0,0.0,0.0
196,-0.6302712,-0.25546462199336156,0.0,0.0,0.0,0.0
197,-0.66236705,-0.25546462199336156,0.0,0.0,0.0,0.0
198,-0.7049288,-0.25546462199336156,0.0,0.0,0.0,0.0
199,-0.748238,-0.25546462199336156,0.0,0.0,0.0,0.0
200,-0.7831069,-0.25546462199336156,0.0,0.0,0.0,0.0
201,-0.8050525,-0.25546462199336156,0.0,0.0,0.0,0.0
202,-0.81967956,-0.25546462199336156,0.0,0.0,0.0,0.0
203,-0.83475846,-0.25546462199336156,0.0,0.0,0.0,0.0
204,-0.855735,-0.25546462199336156,0.0,0.0,0.0,0.0
205,-0.88282853,-0.25546462199336156,0.0,0.0,0.0,0.0
206,-0.9149006,1.2016275539247574,1.2016275539247574,1.2016275539247574,1.2016275539247574,1.2016276
207,-0.95013183,6.653578336522659,5.0,3.7983724460752426,5.0,5.0
208,-0.98290545,9.726952300585042,5.0,0.0,5.0,5.0
209,-1.0,11.55588002225434,5.0,0.0,5.0,5.0
210,-0.48209,-0.2216126643513112,0.0,0.0,0.0,0.0
211,-0.47722358,-0.20673682260268542,0.0,0.0,0.0,0.0
212,-0.5049404,-0.2681870041265835,0.0,0.0,0.0,0.0
213,-0.5487201,-0.26227845455312043,0.0,0.0,0.0,0.0
214,-0.58736974,-0.25551462202854497,0.0,0.0,0.0,0.0
215,-0.60787547,-0.25551462202854497,0.0,0.0,0.0,0.0
216,-0.61455065,-0.25551462202854497,0.0,0.0,0.0,0.0
217,-0.61541665,-0.25551462202854497,0.0,0.0,0.0,0.0
218,-0.61550176,-0.25551462202854497,0.0,0.0,0.0,0.0
219,-0.6134324,-0.25551462202854497,0.0,0.0,0.0,0.0
220,-0.6066997,-0.25551462202854497,0.0,0.0,0.0,0.0
221,-0.5954335,-0.25551462202854497,0.0,0.0,0.0,0.0
222,-0.5851362,-0.25551462202854497,0.0,0.0,0.0,0.0
223,-0.5825618,-0.25551462202854497,0.0,0.0,0.0,0.0
224,-0.5944092,-0.25551462202854497,0.0,0.0,0.0,0.0
225,-0.62721974,-0.25551462202854497,0.0,0.0,0.0,0.0
226,-0.67010355,-0.25551462202854497,0.0,0.0,0.0,0.0
227,-0.6729084,-0.25551462202854497,0.0,0.0,0.0,0.0
228,-0.6901935,-0.25551462202854497,0.0,0.0,0.0,0.0
229,-0.71729696,-0.25551462202854497,0.0,0.0,0.0,0.0
230,-0.74972934,-0.25551462202854497,0.0,0.0,0.0,0.0
231,-0.7829437,-0.25551462202854497,0.0,0.0,0.0,0.0
232,-0.8124917,-0.25551462202854497,0.0,0.0,0.0,0.0
233,-0.8360965,-0.25551462202854497,0.0,0.0,0.0,0.0
234,-0.85633457,-0.25551462202854497,0.0,0.0,0.0,0.0
235,-0.8767471,-0.25551462202854497,0.0,0.0,0.0,0.0
236,-0.8992204,0.30279839164560973,0.30279839164560973,0.30279839164560973,0.30279839164560973,0.3027984
237,-0.9219994,1.6069826114344075,1.6069826114344075,1.3041842197887976,1.6069826114344075,1.6069826
238,-0.94229615,2.74410056716034,2.74410056716034,1.1371179557259325,2.74410056716034,2.7441006
239,-0.9582574,7.527691133057595,5.0,2.25589943283966,5.0,5.0
240,-0.97159714,8.833356654827014,5.0,0.0,5.0,5.0
241,-0.9850599,10.327212621556361,5.0,0.0,5.0,5.0
242,-0.9977519,11.735533917494875,5.0,0.0,5.0,5.0
243,-0.62166685,-0.27814563165491046,0.0,0.0,0.0,0.0
244,-0.6157212,-0.27814563165491046,0.0,0.0,0.0,0.0
245,-0.61217135,-0.2768142193276386,0.0,0.0,0.0,0.0
246,-0.60810447,-0.2701645553919704,0.0,0.0,0.0,0.0
247,-0.5996021,-0.26414525919836024,0.0,0.0,0.0,0.0
248,-0.5863261,-0.25570676127952097,0.0,0.0,0.0,0.0
249,-0.57537043,-0.25570676127952097,0.0,0.0,0.0,0.0
250,-0.5748827,-0.25570676127952097,0.0,0.0,0.0,0.0
251,-0.5880274,-0.25570676127952097,0.0,0.0,0.0,0.0
252,-0.60754436,-0.25570676127952097,0.0,0.0,0.0,0.0
253,-0.62423867,-0.25570676127952097,0.0,0.0,0.0,0.0
254,-0.63305384,-0.25570676127952097,0.0,0.0,0.0,0.0
255,-0.63765985,-0.25570676127952097,0.0,0.0,0.0,0.0
0,-0.542623,-0.25570676127952097,0.0,0.0,0.0,0.0
1,-0.53593934,-0.25570676127952097,0.0,0.0,0.0,0.0
2,-0.54148287,-0.25570676127952097,0.0,0.0,0.0,0.0
3,-0.5547718,-0.25570676127952097,0.0,0.0,0.0,0.0
4,-0.56948256,-0.25570676127952097,0.0,0.0,0.0,0.0
5,-0.58060485,-0.25570676127952097,0.0,0.0,0.0,0.0
6,-0.58565575,-0.25570676127952097,0.0,0.0,0.0,0.0
7,-0.5830392,-0.25570676127952097,0.0,0.0,0.0,0.0
8,-0.57397264,-0.25570676127952097,0.0,0.0,0.0,0.0
9,-0.5657724,-0.25570676127952097,0.0,0.0,0.0,0.0
10,-0.5666476,-0.25570676127952097,0.0,0.0,0.0,0.0
11,-0.5811494,-0.25570676127952097,0.0,0.0,0.0,0.0
12,-0.6062306,-0.25570676127952097,0.0,0.0,0.0,0.0
13,-0.6370034,-0.25570676127952097,0.0,0.0,0.0,0.0
14,-0.6685229,-0.25570676127952097,0.0,0.0,0.0,0.0
15,-0.69589096,-0.25570676127952097,0.0,0.0,0.0,0.0
16,-0.716153,-0.25570676127952097,0.0,0.0,0.0,0.0
17,-0.7351852,-0.25570676127952097,0.0,0.0,0.0,0.0
18,-0.7620933,-0.25570676127952097,0.0,0.0,0.0,0.0
19,-0.7947521,-0.25570676127952097,0.0,0.0,0.0,0.0
20,-0.8309906,-0.25570676127952097,0.0,0.0,0.0,0.0
21,-0.86863244,-0.25570676127952097,0.0,0.0,0.0,0.0
22,-0.90561926,0.6701972793656774,0.6701972793656774,0.6701972793656774,0.6701972793656774,0.6701973
23,-0.94058645,2.6690322702827483,2.6690322702827483,1.9988349909170708,2.6690322702827483,2.6690323
24,-0.97333354,9.179564910996463,5.0,2.3309677297172517,5.0,5.0
25,-0.9984478,11.723687356733718,5.0,0.0,5.0,5.0
26,-0.6120199,-0.27604850168580236,0.0,0.0,0.0,0.0
27,-0.60142964,-0.2705243450126374,0.0,0.0,0.0,0.0
28,-0.60440356,-0.26525485589901243,0.0,0.0,0.0,0.0
29,-0.6140659,-0.26525485589901243,0.0,0.0,0.0,0.0
30,-0.6204784,-0.26525485589901243,0.0,0.0,0.0,0.0
31,-0.6186289,-0.26525485589901243,0.0,0.0,0.0,0.0
32,-0.614018,-0.26525485589901243,0.0,0.0,0.0,0.0
33,-0.6144361,-0.26525485589901243,0.0,0.0,0.0,0.0
34,-0.6249932,-0.26525485589901243,0.0,0.0,0.0,0.0
35,-0.6449996,-0.26525485589901243,0.0,0.0,0.0,0.0
36,-0.67215395,-0.26525485589901243,0.0,0.0,0.0,0.0
37,-0.70360726,-0.26525485589901243,0.0,0.0,0.0,0.0
38,-0.7356311,-0.26525485589901243,0.0,0.0,0.0,0.0
39,-0.76430416,-0.26525485589901243,0.0,0.0,0.0,0.0
40,-0.78572345,-0.26525485589901243,0.0,0.0,0.0,0.0
41,-0.79597783,-0.26525485589901243,0.0,0.0,0.0,0.0
42,-0.8035936,-0.26525485589901243,0.0,0.0,0.0,0.0
43,-0.8444602,-0.26525485589901243,0.0,0.0,0.0,0.0
44,-0.87619585,-0.26525485589901243,0.0,0.0,0.0,0.0
45,-0.9018961,0.4736079723873383,0.4736079723873383,0.4736079723873383,0.4736079723873383,0.473608
46,-0.924524,1.8165828669767015,1.8165828669767015,1.3429748945893631,1.8165828669767015,1.8165829
47,-0.94651836,3.0925308072093496,3.0925308072093496,1.2759479402326481,3.0925308072093496,3.0925307
48,-0.969414,9.094949688754983,5.0,1.9074691927906504,5.0,5.0
49,-0.9911925,11.452122687226515,5.0,0.0,5.0,5.0
50,-1.0,12.468872196475374,5.0,0.0,5.0,5.0
51,-0.6914413,-0.2893755795984486,0.0,0.0,0.0,0.0
52,-0.7040271,-0.2893755795984486,0.0,0.0,0.0,0.0
53,-0.6958156,-0.2893755795984486,0.0,0.0,0.0,0.0
54,-0.67686456,-0.28460928816474734,0.0,0.0,0.0,0.0
55,-0.6604106,-0.2829004941240282,0.0,0.0,0.0,0.0
56,-0.653759,-0.2829004941240282,0.0,0.0,0.0,0.0
57,-0.6514633,-0.2829004941240282,0.0,0.0,0.0,0.0
58,-0.6456155,-0.2829004941240282,0.0,0.0,0.0,0.0
59,-0.63280976,-0.2829004941240282,0.0,0.0,0.0,0.0
60,-0.6192834,-0.2829004941240282,0.0,0.0,0.0,0.0
61,-0.6130494,-0.2829004941240282,0.0,0.0,0.0,0.0
62,-0.6185408,-0.2829004941240282,0.0,0.0,0.0,0.0
63,-0.6326773,-0.2829004941240282,0.0,0.0,0.0,0.0
64,-0.65065515,-0.2829004941240282,0.0,0.0,0.0,0.0
65,-0.66777265,-0.2829004941240282,0.0,0.0,0.0,0.0
66,-0.6795599,-0.2829004941240282,0.0,0.0,0.0,0.0
67,-0.68413174,-0.2829004941240282,0.0,0.0,0.0,0.0
68,-0.6892768,-0.2829004941240282,0.0,0.0,0.0,0.0
69,-0.7026998,-0.2829004941240282,0.0,0.0,0.0,0.0
70,-0.7232065,-0.2829004941240282,0.0,0.0,0.0,0.0
71,-0.7493978,-0.2829004941240282,0.0,0.0,0.0,0.0
72,-0.7798014,-0.2829004941240282,0.0,0.0,0.0,0.0
73,-0.8129307,-0.2829004941240282,0.0,0.0,0.0,0.0
74,-0.8470925,-0.2829004941240282,0.0,0.0,0.0,0.0
75,-0.88011414,-0.2829004941240282,0.0,0.0,0.0,0.0
76,-0.90991396,1.0141105056947397,1.0141105056947397,1.0141105056947397,1.0141105056947397,1.0141106
77,-0.9356227,2.6271288874489085,2.6271288874489085,1.6130183817541688,2.6271288874489085,2.627129
78,-0.95870537,8.340107595424634,5.0,2.3728711125510915,5.0,5.0
79,-0.9807074,10.752972475867082,5.0,0.0,5.0,5.0
80,-0.9986415,12.92666350585733,5.0,0.0,5.0,5.0
81,-0.58079165,-0.3038212231659974,0.0,0.0,0.0,0.0
82,-0.58387184,-0.3038212231659974,0.0,0.0,0.0,0.0
83,-0.5877867,-0.30160684155315054,0.0,0.0,0.0,0.0
84,-0.5894007,-0.29445157318611864,0.0,0.0,0.0,0.0
85,-0.58556974,-0.2887492076150466,0.0,0.0,0.0,0.0
86,-0.576201,-0.2887492076150466,0.0,0.0,0.0,0.0
87,-0.5676283,-0.2887492076150466,0.0,0.0,0.0,0.0
88,-0.5672678,-0.2887492076150466,0.0,0.0,0.0,0.0
89,-0.5784893,-0.2887492076150466,0.0,0.0,0.0,0.0
90,-0.59597695,-0.2887492076150466,0.0,0.0,0.0,0.0
91,-0.61263984,-0.2887492076150466,0.0,0.0,0.0,0.0
92,-0.6240543,-0.2887492076150466,0.0,0.0,0.0,0.0
93,-0.63154864,-0.2887492076150466,0.0,0.0,0.0,0.0
94,-0.6378284,-0.2887492076150466,0.0,0.0,0.0,0.0
95,-0.64562786,-0.2887492076150466,0.0,0.0,0.0,0.0
96,-0.65763134,-0.2887492076150466,0.0,0.0,0.0,0.0
97,-0.6768631,-0.2887492076150466,0.0,0.0,0.0,0.0
98,-0.7015126,-0.2887492076150466,0.0,0.0,0.0,0.0
99,-0.7106278,-0.2887492076150466,0.0,0.0,0.0,0.0
100,-0.71094525,-0.2887492076150466,0.0,0.0,0.0,0.0
101,-0.70920324,-0.2887492076150466,0.0,0.0,0.0,0.0
102,-0.71216565,-0.2887492076150466,0.0,0.0,0.0,0.0
103,-0.7260865,-0.2887492076150466,0.0,0.0,0.0,0.0
104,-0.7526617,-0.2887492076150466,0.0,0.0,0.0,0.0
105,-0.78372234,-0.2887492076150466,0.0,0.0,0.0,0.0
106,-0.8093271,-0.2887492076150466,0.0,0.0,0.0,0.0
107,-0.82423604,-0.2887492076150466,0.0,0.0,0.0,0.0
108,-0.83327043,-0.2887492076150466,0.0,0.0,0.0,0.0
109,-0.84343016,-0.2887492076150466,0.0,0.0,0.0,0.0
110,-0.8597458,-0.2887492076150466,0.0,0.0,0.0,0.0
111,-0.88279605,-0.287056405542622,0.0,0.0,0.0,0.0
112,-0.9119467,1.2024261301737562,1.2024261301737562,1.2024261301737562,1.2024261301737562,1.2024261
113,-0.94580126,3.627714437533682,3.627714437533682,2.4252883073599256,3.627714437533682,3.6277142
114,-0.97953933,11.74251975027287,5.0,1.3722855624663182,5.0,5.0
115,-1.0,14.31792973602262,5.0,0.0,5.0,5.0
116,-0.61282104,-0.29460760773709094,0.0,0.0,0.0,0.0
117,-0.6001519,-0.29460760773709094,0.0,0.0,0.0,0.0
118,-0.5944551,-0.29460760773709094,0.0,0.0,0.0,0.0
119,-0.59674746,-0.29460760773709094,0.0,0.0,0.0,0.0
120,-0.6069601,-0.29460760773709094,0.0,0.0,0.0,0.0
121,-0.62304515,-0.29460760773709094,0.0,0.0,0.0,0.0
122,-0.63871616,-0.29460760773709094,0.0,0.0,0.0,0.0
123,-0.64716136,-0.29460760773709094,0.0,0.0,0.0,0.0
124,-0.6450544,-0.29460760773709094,0.0,0.0,0.0,0.0
125,-0.6365016,-0.29460760773709094,0.0,0.0,0.0,0.0
126,-0.62709314,-0.29460760773709094,0.0,0.0,0.0,0.0
127,-0.62086606,-0.29460760773709094,0.0,0.0,0.0,0.0
128,-0.6186298,-0.29460760773709094,0.0,0.0,0.0,0.0
129,-0.6204376,-0.29460760773709094,0.0,0.0,0.0,0.0
130,-0.6263723,-0.29460760773709094,0.0,0.0,0.0,0.0
131,-0.6365899,-0.29460760773709094,0.0,0.0,0.0,0.0
132,-0.64690423,-0.29460760773709094,0.0,0.0,0.0,0.0
133,-0.6477358,-0.29460760773709094,0.0,0.0,0.0,0.0
134,-0.66777897,-0.29460760773709094,0.0,0.0,0.0,0.0
135,-0.70147085,-0.29460760773709094,0.0,0.0,0.0,0.0
136,-0.7432553,-0.2883213032036925,0.0,0.0,0.0,0.0
137,-0.78760284,-0.2812831021103096,0.0,0.0,0.0,0.0
138,-0.8292577,-0.2739737480842824,0.0,0.0,0.0,0.0
139,-0.8649048,-0.2739737480842824,0.0,0.0,0.0,0.0
140,-0.89531446,0.1357539930715928,0.1357539930715928,0.1357539930715928,0.1357539930715928,0.13575399
141,-0.92222357,2.0256921156731154,2.0256921156731154,1.8899381226015226,2.0256921156731154,2.025692
142,-0.94725347,7.649247567275085,5.0,2.9743078843268846,5.0,5.0
143,-0.9721534,10.441272681682042,5.0,0.0,5.0,5.0
144,-0.99449646,13.341367258141526,5.0,0.0,5.0,5.0
145,-1.0,14.055716477886477,5.0,0.0,5.0,5.0
146,-0.50531495,-0.28921227320754067,0.0,0.0,0.0,0.0
147,-0.52003103,-0.28921227320754067,0.0,0.0,0.0,0.0
148,-0.5387827,-0.28921227320754067,0.0,0.0,0.0,0.0
149,-0.5500758,-0.28921227320754067,0.0,0.0,0.0,0.0
150,-0.5418279,-0.28921227320754067,0.0,0.0,0.0,0.0
151,-0.51211125,-0.28921227320754067,0.0,0.0,0.0,0.0
152,-0.48054862,-0.2269921344715633,0.0,0.0,0.0,0.0
153,-0.47026214,-0.18884441628231796,0.0,0.0,0.0,0.0
154,-0.49150646,-0.2676296276375959,0.0,0.0,0.0,0.0
155,-0.52714354,-0.28921227320754067,0.0,0.0,0.0,0.0
156,-0.55493623,-0.28921227320754067,0.0,0.0,0.0,0.0
157,-0.562141,-0.28921227320754067,0.0,0.0,0.0,0.0
158,-0.5560765,-0.28921227320754067,0.0,0.0,0.0,0.0
159,-0.54855263,-0.28921227320754067,0.0,0.0,0.0,0.0
160,-0.55117565,-0.28921227320754067,0.0,0.0,0.0,0.0
161,-0.57547987,-0.28921227320754067,0.0,0.0,0.0,0.0
162,-0.6205257,-0.28921227320754067,0.0,0.0,0.0,0.0
163,-0.65121573,-0.28921227320754067,0.0,0.0,0.0,0.0
164,-0.6895588,-0.28921227320754067,0.0,0.0,0.0,0.0
165,-0.7308178,-0.28921227320754067,0.0,0.0,0.0,0.0
166,-0.77014464,-0.28921227320754067,0.0,0.0,0.0,0.0
167,-0.80266666,-0.28921227320754067,0.0,0.0,0.0,0.0
168,-0.82420766,-0.28921227320754067,0.0,0.0,0.0,0.0
169,-0.83533496,-0.28921227320754067,0.0,0.0,0.0,0.0
170,-0.84635407,-0.28921227320754067,0.0,0.0,0.0,0.0
171,-0.86835265,-0.28921227320754067,0.0,0.0,0.0,0.0
172,-0.9060217,0.7841341396906923,0.7841341396906923,0.7841341396906923,0.7841341396906923,0.78413415
173,-0.9520327,7.804793604859323,5.0,4.215865860309307,5.0,5.0
174,-0.9912768,11.74887228192743,5.0,0.0,5.0,5.0
175,-1.0,12.892561948723154,5.0,0.0,5.0,5.0
176,-0.5979655,-0.2723422929055157,0.0,0.0,0.0,0.0
177,-0.61228096,-0.2723422929055157,0.0,0.0,0.0,0.0
178,-0.61943424,-0.2723422929055157,0.0,0.0,0.0,0.0
179,-0.61982554,-0.2723422929055157,0.0,0.0,0.0,0.0
180,-0.6155875,-0.2723422929055157,0.0,0.0,0.0,0.0
181,-0.6096557,-0.2723422929055157,0.0,0.0,0.0,0.0
182,-0.6057927,-0.2723422929055157,0.0,0.0,0.0,0.0
183,-0.60748094,-0.2723422929055157,0.0,0.0,0.0,0.0
184,-0.6164645,-0.2723422929055157,0.0,0.0,0.0,0.0
185,-0.63132566,-0.2723422929055157,0.0,0.0,0.0,0.0
186,-0.64978456,-0.2723422929055157,0.0,0.0,0.0,0.0
187,-0.6704986,-0.2723422929055157,0.0,0.0,0.0,0.0
188,-0.69455355,-0.2723422929055157,0.0,0.0,0.0,0.0
189,-0.72366035,-0.2723422929055157,0.0,0.0,0.0,0.0
190,-0.75963295,-0.2723422929055157,0.0,0.0,0.0,0.0
191,-0.8043498,-0.2723422929055157,0.0,0.0,0.0,0.0
192,-0.85486495,-0.2723422929055157,0.0,0.0,0.0,0.0
193,-0.8936206,-0.019480410558590646,0.0,0.0,0.0,0.0
194,-0.92256194,1.7492286614836747,1.7492286614836747,1.7492286614836747,1.7492286614836747,1.7492287
195,-0.94395804,3.0007032026839595,3.0007032026839595,1.2514745412002848,3.0007032026839595,3.0007033
196,-0.96039176,8.198379837293768,5.0,1.9992967973160405,5.0,5.0
197,-0.9750423,9.756192921405287,5.0,0.0,5.0,5.0
198,-0.98991674,11.50349463183129,5.0,0.0,5.0,5.0
199,-1.0,12.687979727078389,5.0,0.0,5.0,5.0
200,-0.67419803,-0.294460591912598,0.0,0.0,0.0,0.0
201,-0.69006723,-0.294460591912598,0.0,0.0,0.0,0.0
202,-0.69681317,-0.294460591912598,0.0,0.0,0.0,0.0
203,-0.6943392,-0.294460591912598,0.0,0.0,0.0,0.0
204,-0.6837397,-0.294460591912598,0.0,0.0,0.0,0.0
205,-0.6677915,-0.294460591912598,0.0,0.0,0.0,0.0
206,-0.6527446,-0.294460591912598,0.0,0.0,0.0,0.0
207,-0.6451848,-0.2882247453531257,0.0,0.0,0.0,0.0
208,-0.64795995,-0.28486970892528146,0.0,0.0,0.0,0.0
209,-0.6559979,-0.28486970892528146,0.0,0.0,0.0,0.0
210,-0.66266537,-0.28486970892528146,0.0,0.0,0.0,0.0
211,-0.66400796,-0.28486970892528146,0.0,0.0,0.0,0.0
212,-0.66184086,-0.28486970892528146,0.0,0.0,0.0,0.0
213,-0.65937984,-0.28486970892528146,0.0,0.0,0.0,0.0
214,-0.6598291,-0.28486970892528146,0.0,0.0,0.0,0.0
215,-0.6663404,-0.28486970892528146,0.0,0.0,0.0,0.0
216,-0.67848635,-0.28486970892528146,0.0,0.0,0.0,0.0
217,-0.68616825,-0.28486970892528146,0.0,0.0,0.0,0.0
218,-0.69595045,-0.28486970892528146,0.0,0.0,0.0,0.0
219,-0.70853305,-0.28486970892528146,0.0,0.0,0.0,0.0
220,-0.7248539,-0.28486970892528146,0.0,0.0,0.0,0.0
221,-0.7457673,-0.28486970892528146,0.0,0.0,0.0,0.0
222,-0.7716514,-0.28486970892528146,0.0,0.0,0.0,0.0
223,-0.8012592,-0.28486970892528146,0.0,0.0,0.0,0.0
224,-0.83030075,-0.28486970892528146,0.0,0.0,0.0,0.0
225,-0.85412604,-0.28486970892528146,0.0,0.0,0.0,0.0
226,-0.8710309,-0.28486970892528146,0.0,0.0,0.0,0.0
227,-0.88553214,-0.28486970892528146,0.0,0.0,0.0,0.0
228,-0.9032991,0.5983161717697656,0.5983161717697656,0.5983161717697656,0.5983161717697656,0.5983162
229,-0.9274576,2.13602843508248,2.13602843508248,1.5377122633127143,2.13602843508248,2.1360283
230,-0.95551753,8.036794717810706,5.0,2.86397156491752,5.0,5.0
231,-0.9825407,10.937703749028307,5.0,0.0,5.0,5.0
232,-1.0,13.04662168932782,5.0,0.0,5.0,5.0
233,-0.6421917,-0.3027838968642351,0.0,0.0,0.0,0.0
234,-0.6471669,-0.3027838968642351,0.0,0.0,0.0,0.0
235,-0.651495,-0.3027838968642351,0.0,0.0,0.0,0.0
236,-0.65471417,-0.3027838968642351,0.0,0.0,0.0,0.0
237,-0.6563215,-0.3007213964313103,0.0,0.0,0.0,0.0
238,-0.6564586,-0.29408823500212616,0.0,0.0,0.0,0.0
239,-0.65655726,-0.2879306562360936,0.0,0.0,0.0,0.0
240,-0.6582422,-0.2799158578125167,0.0,0.0,0.0,0.0
241,-0.662331,-0.2799158578125167,0.0,0.0,0.0,0.0
242,-0.66797304,-0.2799158578125167,0.0,0.0,0.0,0.0
243,-0.67400926,-0.2799158578125167,0.0,0.0,0.0,0.0
244,-0.6797391,-0.2799158578125167,0.0,0.0,0.0,0.0
245,-0.6853458,-0.2799158578125167,0.0,0.0,0.0,0.0
246,-0.69110906,-0.2799158578125167,0.0,0.0,0.0,0.0
247,-0.6969646,-0.2799158578125167,0.0,0.0,0.0,0.0
248,-0.70256966,-0.2799158578125167,0.0,0.0,0.0,0.0
249,-0.71554464,-0.2799158578125167,0.0,0.0,0.0,0.0
250,-0.7562163,-0.2799158578125167,0.0,0.0,0.0,0.0
251,-0.7792229,-0.2799158578125167,0.0,0.0,0.0,0.0
252,-0.79169375,-0.2799158578125167,0.0,0.0,0.0,0.0
253,-0.80078274,-0.2799158578125167,0.0,0.0,0.0,0.0
254,-0.81371516,-0.2799158578125167,0.0,0.0,0.0,0.0
255,-0.8373016,-0.2799158578125167,0.0,0.0,0.0,0.0
0,-0.6186161,-0.2799158578125167,0.0,0.0,0.0,0.0
1,-0.6067285,-0.2799158578125167,0.0,0.0,0.0,0.0
2,-0.60260504,-0.2799158578125167,0.0,0.0,0.0,0.0
3,-0.6084011,-0.2799158578125167,0.0,0.0,0.0,0.0
4,-0.62486094,-0.2799158578125167,0.0,0.0,0.0,0.0
5,-0.6496258,-0.2799158578125167,0.0,0.0,0.0,0.0
6,-0.673754,-0.2799158578125167,0.0,0.0,0.0,0.0
7,-0.68741655,-0.2799158578125167,0.0,0.0,0.0,0.0
8,-0.6861458,-0.2799158578125167,0.0,0.0,0.0,0.0
9,-0.67689717,-0.2799158578125167,0.0,0.0,0.0,0.0
10,-0.6689521,-0.2799158578125167,0.0,0.0,0.0,0.0
11,-0.66867286,-0.2799158578125167,0.0,0.0,0.0,0.0
12,-0.67612785,-0.2799158578125167,0.0,0.0,0.0,0.0
13,-0.6899505,-0.2799158578125167,0.0,0.0,0.0,0.0
14,-0.7088213,-0.2799158578125167,0.0,0.0,0.0,0.0
15,-0.731189,-0.2799158578125167,0.0,0.0,0.0,0.0
16,-0.7502334,-0.2799158578125167,0.0,0.0,0.0,0.0
17,-0.75500304,-0.2799158578125167,0.0,0.0,0.0,0.0
18,-0.78523207,-0.2799158578125167,0.0,0.0,0.0,0.0
19,-0.83237004,-0.2799158578125167,0.0,0.0,0.0,0.0
20,-0.88795537,-0.2799158578125167,0.0,0.0,0.0,0.0
21,-0.94362557,3.1209430366653703,3.1209430366653703,3.1209430366653703,3.1209430366653703,3.120943
22,-0.9871826,11.36624434095113,5.0,1.8790569633346297,5.0,5.0
23,-1.0,12.696927833957984,5.0,0.0,5.0,5.0
24,-0.6148302,-0.2822808471349006,0.0,0.0,0.0,0.0
25,-0.61058146,-0.2741456582867402,0.0,0.0,0.0,0.0
26,-0.61087394,-0.2741456582867402,0.0,0.0,0.0,0.0
27,-0.6126842,-0.2741456582867402,0.0,0.0,0.0,0.0
28,-0.6118581,-0.2741456582867402,0.0,0.0,0.0,0.0
29,-0.6075172,-0.2741456582867402,0.0,0.0,0.0,0.0
30,-0.60533726,-0.2741456582867402,0.0,0.0,0.0,0.0
31,-0.6118919,-0.2741456582867402,0.0,0.0,0.0,0.0
32,-0.6294102,-0.2741456582867402,0.0,0.0,0.0,0.0
33,-0.6510892,-0.2741456582867402,0.0,0.0,0.0,0.0
34,-0.6684109,-0.2741456582867402,0.0,0.0,0.0,0.0
35,-0.6764688,-0.2741456582867402,0.0,0.0,0.0,0.0
36,-0.6781023,-0.2741456582867402,0.0,0.0,0.0,0.0
37,-0.677933,-0.2741456582867402,0.0,0.0,0.0,0.0
38,-0.6805624,-0.2741456582867402,0.0,0.0,0.0,0.0
39,-0.69072014,-0.2741456582867402,0.0,0.0,0.0,0.0
40,-0.7029657,-0.2741456582867402,0.0,0.0,0.0,0.0
41,-0.69245404,-0.2741456582867402,0.0,0.0,0.0,0.0
42,-0.7088999,-0.2741456582867402,0.0,0.0,0.0,0.0
43,-0.74432284,-0.2741456582867402,0.0,0.0,0.0,0.0
44,-0.79066855,-0.2741456582867402,0.0,0.0,0.0,0.0
45,-0.8398531,-0.2741456582867402,0.0,0.0,0.0,0.0
46,-0.88419986,-0.27102549358229494,0.0,0.0,0.0,0.0
47,-0.9192493,1.5835594507591566,1.5835594507591566,1.5835594507591566,1.5835594507591566,1.5835594
48,-0.9473405,6.883205680809621,5.0,3.4164405492408436,5.0,5.0
49,-0.97207874,9.502576173160454,5.0,0.0,5.0,5.0
50,-0.9927641,11.948398870235673,5.0,0.0,5.0,5.0
51,-1.0,12.803959557805962,5.0,0.0,5.0,5.0
52,-0.57678545,-0.2634559579795466,0.0,0.0,0.0,0.0
53,-0.57461625,-0.2634559579795466,0.0,0.0,0.0,0.0
54,-0.5775155,-0.2634559579795466,0.0,0.0,0.0,0.0
55,-0.5828994,-0.2634559579795466,0.0,0.0,0.0,0.0
56,-0.5878713,-0.2634559579795466,0.0,0.0,0.0,0.0
57,-0.5921188,-0.2634559579795466,0.0,0.0,0.0,0.0
58,-0.60023814,-0.2634559579795466,0.0,0.0,0.0,0.0
59,-0.61752886,-0.2634559579795466,0.0,0.0,0.0,0.0
60,-0.64584064,-0.2634559579795466,0.0,0.0,0.0,0.0
61,-0.68006396,-0.2634559579795466,0.0,0.0,0.0,0.0
62,-0.7135261,-0.2634559579795466,0.0,0.0,0.0,0.0
63,-0.7421115,-0.2634559579795466,0.0,0.0,0.0,0.0
64,-0.7674904,-0.2634559579795466,0.0,0.0,0.0,0.0
65,-0.7928243,-0.2634559579795466,0.0,0.0,0.0,0.0
66,-0.82148486,-0.2634559579795466,0.0,0.0,0.0,0.0
67,-0.85697746,-0.2634559579795466,0.0,0.0,0.0,0.0
68,-0.90505445,0.6571159539951809,0.6571159539951809,0.6571159539951809,0.6571159539951809,0.65711594
69,-0.96724886,8.916043718019367,5.0,4.342884046004819,5.0,5.0
70,-1.0,11.678685370311245,5.0,0.0,5.0,5.0
71,-0.5961814,-0.2710370508839639,0.0,0.0,0.0,0.0
72,-0.60199696,-0.2710370508839639,0.0,0.0,0.0,0.0
73,-0.61144096,-0.2710370508839639,0.0,0.0,0.0,0.0
74,-0.6201477,-0.2710370508839639,0.0,0.0,0.0,0.0
75,-0.6232369,-0.2710370508839639,0.0,0.0,0.0,0.0
76,-0.61961097,-0.2710370508839639,0.0,0.0,0.0,0.0
77,-0.61619335,-0.26576447110168105,0.0,0.0,0.0,0.0
78,-0.62110317,-0.25851630116543955,0.0,0.0,0.0,0.0
79,-0.6366686,-0.2499030965813923,0.0,0.0,0.0,0.0
80,-0.6527934,-0.2499030965813923,0.0,0.0,0.0,0.0
81,-0.65728146,-0.2499030965813923,0.0,0.0,0.0,0.0
82,-0.6448136,-0.2499030965813923,0.0,0.0,0.0,0.0
83,-0.6246873,-0.2499030965813923,0.0,0.0,0.0,0.0
84,-0.60962665,-0.2499030965813923,0.0,0.0,0.0,0.0
85,-0.61220044,-0.2499030965813923,0.0,0.0,0.0,0.0
86,-0.64482874,-0.2499030965813923,0.0,0.0,0.0,0.0
87,-0.6982587,-0.2499030965813923,0.0,0.0,0.0,0.0
88,-0.71038884,-0.2499030965813923,0.0,0.0,0.0,0.0
89,-0.7352173,-0.2499030965813923,0.0,0.0,0.0,0.0
90,-0.7692661,-0.2499030965813923,0.0,0.0,0.0,0.0
91,-0.809127,-0.2499030965813923,0.0,0.0,0.0,0.0
92,-0.85151714,-0.2499030965813923,0.0,0.0,0.0,0.0
93,-0.89330375,-0.03564565825453814,0.0,0.0,0.0,0.0
94,-0.93150455,2.1065875386063917,2.1065875386063917,2.1065875386063917,2.1065875386063917,2.1065876
95,-0.96315116,7.8530471646193165,5.0,2.8934124613936083,5.0,5.0
96,-0.98600703,10.002199060551133,5.0,0.0,5.0,5.0
97,-0.9987057,11.35317009469215,5.0,0.0,5.0,5.0
98,-0.58747625,-0.2666781930136231,0.0,0.0,0.0,0.0
99,-0.5975216,-0.2666781930136231,0.0,0.0,0.0,0.0
100,-0.5977576,-0.2666781930136231,0.0,0.0,0.0,0.0
101,-0.59268326,-0.2666781930136231,0.0,0.0,0.0,0.0
102,-0.5888164,-0.2666781930136231,0.0,0.0,0.0,0.0
103,-0.5905044,-0.2666781930136231,0.0,0.0,0.0,0.0
104,-0.5976367,-0.2666781930136231,0.0,0.0,0.0,0.0
105,-0.6095074,-0.2666781930136231,0.0,0.0,0.0,0.0
106,-0.6249657,-0.2666781930136231,0.0,0.0,0.0,0.0
107,-0.6409972,-0.2666781930136231,0.0,0.0,0.0,0.0
108,-0.6539886,-0.2666781930136231,0.0,0.0,0.0,0.0
109,-0.66267645,-0.2666781930136231,0.0,0.0,0.0,0.0
110,-0.6715616,-0.2666781930136231,0.0,0.0,0.0,0.0
111,-0.68647265,-0.2666781930136231,0.0,0.0,0.0,0.0
112,-0.713278,-0.2666781930136231,0.0,0.0,0.0,0.0
113,-0.75791276,-0.2607610627444308,0.0,0.0,0.0,0.0
114,-0.8152609,-0.2521973300721179,0.0,0.0,0.0,0.0
115,-0.85036165,-0.24552780742161898,0.0,0.0,0.0,0.0
116,-0.8821504,-0.24552780742161898,0.0,0.0,0.0,0.0
117,-0.911549,0.9702249867937255,0.9702249867937255,0.9702249867937255,0.9702249867937255,0.970225
118,-0.9394337,2.493001126025315,2.493001126025315,1.5227761392315897,2.493001126025315,2.493001
119,-0.96622497,8.100167311172315,5.0,2.506998873974685,5.0,5.0
120,-0.9895938,10.368217764194087,5.0,0.0,5.0,5.0
121,-1.0,11.473642125503506,5.0,0.0,5.0,5.0
122,-0.6198765,-0.26627844025149966,0.0,0.0,0.0,0.0
123,-0.595136,-0.26627844025149966,0.0,0.0,0.0,0.0
124,-0.5740709,-0.26627844025149966,0.0,0.0,0.0,0.0
125,-0.564713,-0.26627844025149966,0.0,0.0,0.0,0.0
126,-0.57445693,-0.26627844025149966,0.0,0.0,0.0,0.0
127,-0.6038616,-0.26627844025149966,0.0,0.0,0.0,0.0
128,-0.63900334,-0.26627844025149966,0.0,0.0,0.0,0.0
129,-0.6634986,-0.26627844025149966,0.0,0.0,0.0,0.0
130,-0.6688318,-0.26627844025149966,0.0,0.0,0.0,0.0
131,-0.6633936,-0.26627844025149966,0.0,0.0,0.0,0.0
132,-0.65934104,-0.26627844025149966,0.0,0.0,0.0,0.0
133,-0.6645315,-0.26627844025149966,0.0,0.0,0.0,0.0
134,-0.67734325,-0.26627844025149966,0.0,0.0,0.0,0.0
135,-0.6936805,-0.26627844025149966,0.0,0.0,0.0,0.0
136,-0.7092893,-0.26627844025149966,0.0,0.0,0.0,0.0
137,-0.7198302,-0.26627844025149966,0.0,0.0,0.0,0.0
138,-0.7234517,-0.26627844025149966,0.0,0.0,0.0,0.0
139,-0.73014146,-0.26627844025149966,0.0,0.0,0.0,0.0
140,-0.7525956,-0.26627844025149966,0.0,0.0,0.0,0.0
141,-0.7856273,-0.26544039217190923,0.0,0.0,0.0,0.0
142,-0.82404184,-0.2576559000687969,0.0,0.0,0.0,0.0
143,-0.86260206,-0.24902506095862642,0.0,0.0,0.0,0.0
144,-0.8959135,0.1103143555732227,0.1103143555732227,0.1103143555732227,0.1103143555732227,0.110314354
145,-0.9206478,1.4919764422391077,1.4919764422391077,1.381662086665885,1.4919764422391077,1.4919765
146,-0.93958545,2.5234276657910524,2.5234276657910524,1.0314512235519446,2.5234276657910524,2.5234277
147,-0.9570447,7.208870708561389,5.0,2.4765723342089476,5.0,5.0
148,-0.9757548,9.03350216497262,5.0,0.0,5.0,5.0
149,-0.9928705,10.879316296752254,5.0,0.0,5.0,5.0
150,-1.0,11.648185206013366,5.0,0.0,5.0,5.0
151,-0.59402025,-0.2703292079786495,0.0,0.0,0.0,0.0
152,-0.6019717,-0.2703292079786495,0.0,0.0,0.0,0.0
153,-0.6052854,-0.2703292079786495,0.0,0.0,0.0,0.0
154,-0.60526824,-0.2703292079786495,0.0,0.0,0.0,0.0
155,-0.6043097,-0.2703292079786495,0.0,0.0,0.0,0.0
156,-0.6044445,-0.2703292079786495,0.0,0.0,0.0,0.0
157,-0.6072688,-0.2703292079786495,0.0,0.0,0.0,0.0
158,-0.6140255,-0.2703292079786495,0.0,0.0,0.0,0.0
159,-0.62568086,-0.2703292079786495,0.0,0.0,0.0,0.0
160,-0.6430185,-0.2703292079786495,0.0,0.0,0.0,0.0
161,-0.6668212,-0.2703292079786495,0.0,0.0,0.0,0.0
162,-0.69715285,-0.2703292079786495,0.0,0.0,0.0,0.0
163,-0.7323091,-0.2703292079786495,0.0,0.0,0.0,0.0
164,-0.7700752,-0.2703292079786495,0.0,0.0,0.0,0.0
165,-0.8081909,-0.2703292079786495,0.0,0.0,0.0,0.0
166,-0.84439814,-0.2703292079786495,0.0,0.0,0.0,0.0
167,-0.88445175,-0.2703292079786495,0.0,0.0,0.0,0.0
168,-0.9462975,2.7932005944714975,2.7932005944714975,2.7932005944714975,2.7932005944714975,2.7932005
169,-0.9825221,9.454517554513632,5.0,2.2067994055285025,5.0,5.0
170,-0.99911565,10.986900195524626,5.0,0.0,5.0,5.0
171,-0.5454811,-0.2863969406709614,0.0,0.0,0.0,0.0
172,-0.5399568,-0.2863969406709614,0.0,0.0,0.0,0.0
173,-0.5456878,-0.28227432833396576,0.0,0.0,0.0,0.0
174,-0.55872554,-0.2777632314087043,0.0,0.0,0.0,0.0
175,-0.57372874,-0.2777632314087043,0.0,0.0,0.0,0.0
176,-0.5866659,-0.2777632314087043,0.0,0.0,0.0,0.0
177,-0.59628296,-0.2777632314087043,0.0,0.0,0.0,0.0
178,-0.60224414,-0.2777632314087043,0.0,0.0,0.0,0.0
179,-0.60545737,-0.2777632314087043,0.0,0.0,0.0,0.0
180,-0.6089911,-0.2777632314087043,0.0,0.0,0.0,0.0
181,-0.61605775,-0.2777632314087043,0.0,0.0,0.0,0.0
182,-0.6285042,-0.2777632314087043,0.0,0.0,0.0,0.0
183,-0.645633,-0.2777632314087043,0.0,0.0,0.0,0.0
184,-0.6660975,-0.2777632314087043,0.0,0.0,0.0,0.0
185,-0.68850505,-0.2777632314087043,0.0,0.0,0.0,0.0
186,-0.7114313,-0.2777632314087043,0.0,0.0,0.0,0.0
187,-0.7333952,-0.2777632314087043,0.0,0.0,0.0,0.0
188,-0.753292,-0.2777632314087043,0.0,0.0,0.0,0.0
189,-0.7720811,-0.2777632314087043,0.0,0.0,0.0,0.0
190,-0.7901591,-0.2777632314087043,0.0,0.0,0.0,0.0
191,-0.80791813,-0.2777632314087043,0.0,0.0,0.0,0.0
192,-0.82574123,-0.2777632314087043,0.0,0.0,0.0,0.0
193,-0.844017,-0.2777632314087043,0.0,0.0,0.0,0.0
194,-0.8631888,-0.2777632314087043,0.0,0.0,0.0,0.0
195,-0.8838237,-0.27022333102338386,0.0,0.0,0.0,0.0
196,-0.9065905,0.7010280277909883,0.7010280277909883,0.7010280277909883,0.7010280277909883,0.70102805
197,-0.93245393,2.202656892406061,2.202656892406061,1.501628864615073,2.202656892406061,2.202657
198,-0.9629578,8.077521601711705,5.0,2.797343107593939,5.0,5.0
199,-0.99295366,11.082900132670435,5.0,0.0,5.0,5.0
200,-1.0,11.856386118262769,5.0,0.0,5.0,5.0
201,-0.57986665,-0.275161101249007,0.0,0.0,0.0,0.0
202,-0.5829966,-0.275161101249007,0.0,0.0,0.0,0.0
203,-0.5847833,-0.275161101249007,0.0,0.0,0.0,0.0
204,-0.58644736,-0.275161101249007,0.0,0.0,0.0,0.0
205,-0.5897206,-0.275161101249007,0.0,0.0,0.0,0.0
206,-0.595929,-0.275161101249007,0.0,0.0,0.0,0.0
207,-0.6053095,-0.275161101249007,0.0,0.0,0.0,0.0
208,-0.6176478,-0.275161101249007,0.0,0.0,0.0,0.0
209,-0.6316467,-0.275161101249007,0.0,0.0,0.0,0.0
210,-0.6437441,-0.275161101249007,0.0,0.0,0.0,0.0
211,-0.6500898,-0.275161101249007,0.0,0.0,0.0,0.0
212,-0.64930034,-0.275161101249007,0.0,0.0,0.0,0.0
213,-0.6456539,-0.275161101249007,0.0,0.0,0.0,0.0
214,-0.644584,-0.275161101249007,0.0,0.0,0.0,0.0
215,-0.6513938,-0.275161101249007,0.0,0.0,0.0,0.0
216,-0.67135066,-0.275161101249007,0.0,0.0,0.0,0.0
217,-0.70241,-0.275161101249007,0.0,0.0,0.0,0.0
218,-0.7225941,-0.275161101249007,0.0,0.0,0.0,0.0
219,-0.74472994,-0.275161101249007,0.0,0.0,0.0,0.0
220,-0.7701442,-0.275161101249007,0.0,0.0,0.0,0.0
221,-0.8000315,-0.275161101249007,0.0,0.0,0.0,0.0
222,-0.8354029,-0.275161101249007,0.0,0.0,0.0,0.0
223,-0.87668324,-0.275161101249007,0.0,0.0,0.0,0.0
224,-0.92241293,1.5322096203104798,1.5322096203104798,1.5322096203104798,1.5322096203104798,1.5322096
225,-0.96811193,8.275652495199454,5.0,3.46779037968952,5.0,5.0
226,-1.0,11.175259898942981,5.0,0.0,5.0,5.0
227,-0.6711018,-0.2889157161050409,0.0,0.0,0.0,0.0
228,-0.6498105,-0.2889157161050409,0.0,0.0,0.0,0.0
229,-0.63540316,-0.28561191563974914,0.0,0.0,0.0,0.0
230,-0.62692255,-0.2788538930300161,0.0,0.0,0.0,0.0
231,-0.62267363,-0.27072944433321333,0.0,0.0,0.0,0.0
232,-0.6221054,-0.27072944433321333,0.0,0.0,0.0,0.0
233,-0.6264671,-0.27072944433321333,0.0,0.0,0.0,0.0
234,-0.6370189,-0.27072944433321333,0.0,0.0,0.0,0.0
235,-0.65320784,-0.27072944433321333,0.0,0.0,0.0,0.0
236,-0.6704383,-0.27072944433321333,0.0,0.0,0.0,0.0
237,-0.6832529,-0.27072944433321333,0.0,0.0,0.0,0.0
238,-0.6897953,-0.27072944433321333,0.0,0.0,0.0,0.0
239,-0.6965683,-0.27072944433321333,0.0,0.0,0.0,0.0
240,-0.7121023,-0.27072944433321333,0.0,0.0,0.0,0.0
241,-0.74492794,-0.27072944433321333,0.0,0.0,0.0,0.0
242,-0.8034385,-0.27072944433321333,0.0,0.0,0.0,0.0
243,-0.87379634,-0.27072944433321333,0.0,0.0,0.0,0.0
244,-0.8887407,-0.27072944433321333,0.0,0.0,0.0,0.0
245,-0.9004069,0.3191753547445277,0.3191753547445277,0.3191753547445277,0.3191753547445277,0.31917536
246,-0.9100795,0.8396295380259683,0.8396295380259683,0.5204541832814407,0.8396295380259683,0.83962953
247,-0.9193774,1.3380922191012412,1.3380922191012412,0.4984626810752729,1.3380922191012412,1.3380922
248,-0.93009925,1.9132824223359324,1.9132824223359324,0.5751902032346912,1.9132824223359324,1.9132824
249,-0.9440525,2.661325585918936,2.661325585918936,0.7480431635830038,2.661325585918936,2.6613255
250,-0.9624262,7.5721243175477415,5.0,2.338674414081064,5.0,5.0
251,-0.98391557,9.671193225515266,5.0,0.0,5.0,5.0
252,-1.0,11.368520566717233,5.0,0.0,5.0,5.0
253,-0.53778017,-0.29391211392753963,0.0,0.0,0.0,0.0
254,-0.5452612,-0.29391211392753963,0.0,0.0,0.0,0.0
255,-0.55161244,-0.29391211392753963,0.0,0.0,0.0,0.0
0,-0.6082861,-0.29391211392753963,0.0,0.0,0.0,0.0
1,-0.6017319,-0.29391211392753963,0.0,0.0,0.0,0.0
2,-0.59263104,-0.29391211392753963,0.0,0.0,0.0,0.0
3,-0.58423734,-0.29391211392753963,0.0,0.0,0.0,0.0
4,-0.57987314,-0.29391211392753963,0.0,0.0,0.0,0.0
5,-0.5807324,-0.29391211392753963,0.0,0.0,0.0,0.0
6,-0.5835515,-0.29391211392753963,0.0,0.0,0.0,0.0
7,-0.58450866,-0.29391211392753963,0.0,0.0,0.0,0.0
8,-0.58248824,-0.29391211392753963,0.0,0.0,0.0,0.0
9,-0.5819401,-0.29391211392753963,0.0,0.0,0.0,0.0
10,-0.5881403,-0.29391211392753963,0.0,0.0,0.0,0.0
11,-0.6034891,-0.29391211392753963,0.0,0.0,0.0,0.0
12,-0.62452036,-0.29391211392753963,0.0,0.0,0.0,0.0
13,-0.64650846,-0.29391211392753963,0.0,0.0,0.0,0.0
14,-0.6650904,-0.29391211392753963,0.0,0.0,0.0,0.0
15,-0.6761394,-0.29391211392753963,0.0,0.0,0.0,0.0
16,-0.6845142,-0.29391211392753963,0.0,0.0,0.0,0.0
17,-0.7179426,-0.29391211392753963,0.0,0.0,0.0,0.0
18,-0.7542705,-0.29391211392753963,0.0,0.0,0.0,0.0
19,-0.79135466,-0.29391211392753963,0.0,0.0,0.0,0.0
20,-0.8270657,-0.29391211392753963,0.0,0.0,0.0,0.0
21,-0.8593603,-0.29391211392753963,0.0,0.0,0.0,0.0
22,-0.8865902,-0.28663082785381266,0.0,0.0,0.0,0.0
23,-0.9092037,0.818424128265122,0.818424128265122,0.818424128265122,0.818424128265122,0.8184241
24,-0.9315601,2.0535958206524425,2.0535958206524425,1.2351716923873206,2.0535958206524425,2.0535958
25,-0.95859855,7.34801411898783,5.0,2.9464041793475575,5.0,5.0
26,-0.9880852,10.220009631158296,5.0,0.0,5.0,5.0
27,-1.0,11.49086019380226,5.0,0.0,5.0,5.0
28,-0.574007,-0.29707497915724557,0.0,0.0,0.0,0.0
29,-0.5842411,-0.29707497915724557,0.0,0.0,0.0,0.0
30,-0.5957562,-0.29707497915724557,0.0,0.0,0.0,0.0
31,-0.6036061,-0.29707497915724557,0.0,0.0,0.0,0.0
32,-0.60266185,-0.29707497915724557,0.0,0.0,0.0,0.0
33,-0.5917688,-0.29707497915724557,0.0,0.0,0.0,0.0
34,-0.5782759,-0.29707497915724557,0.0,0.0,0.0,0.0
35,-0.5711983,-0.29707497915724557,0.0,0.0,0.0,0.0
36,-0.5757581,-0.29707497915724557,0.0,0.0,0.0,0.0
37,-0.588917,-0.29707497915724557,0.0,0.0,0.0,0.0
38,-0.6057714,-0.29707497915724557,0.0,0.0,0.0,0.0
39,-0.6229426,-0.29707497915724557,0.0,0.0,0.0,0.0
40,-0.64052427,-0.29707497915724557,0.0,0.0,0.0,0.0
41,-0.6594516,-0.29707497915724557,0.0,0.0,0.0,0.0
42,-0.6806064,-0.29707497915724557,0.0,0.0,0.0,0.0
43,-0.704767,-0.29707497915724557,0.0,0.0,0.0,0.0
44,-0.72918826,-0.29707497915724557,0.0,0.0,0.0,0.0
45,-0.7442776,-0.29707497915724557,0.0,0.0,0.0,0.0
46,-0.76462936,-0.29707497915724557,0.0,0.0,0.0,0.0
47,-0.789922,-0.29707497915724557,0.0,0.0,0.0,0.0
48,-0.8196854,-0.2901667648209994,0.0,0.0,0.0,0.0
49,-0.8533689,-0.2836283563727516,0.0,0.0,0.0,0.0
50,-0.8903433,-0.234960612782505,0.0,0.0,0.0,0.0
51,-0.92922246,1.964603780727463,1.964603780727463,1.964603780727463,1.964603780727463,1.9646038
52,-0.96687406,8.328180639107385,5.0,3.035396219272537,5.0,5.0
53,-0.99541146,11.056855469192007,5.0,0.0,5.0,5.0
54,-1.0,11.548743098815773,5.0,0.0,5.0,5.0
55,-0.6709678,-0.2985714348194357,0.0,0.0,0.0,0.0
56,-0.68898606,-0.2985714348194357,0.0,0.0,0.0,0.0
57,-0.7069802,-0.2985714348194357,0.0,0.0,0.0,0.0
58,-0.720384,-0.2985714348194357,0.0,0.0,0.0,0.0
59,-0.7247628,-0.2985714348194357,0.0,0.0,0.0,0.0
60,-0.7191666,-0.2985714348194357,0.0,0.0,0.0,0.0
61,-0.7100775,-0.2985714348194357,0.0,0.0,0.0,0.0
62,-0.7053303,-0.2985714348194357,0.0,0.0,0.0,0.0
63,-0.71040195,-0.2985714348194357,0.0,0.0,0.0,0.0
64,-0.72609234,-0.2985714348194357,0.0,0.0,0.0,0.0
65,-0.7520402,-0.2985714348194357,0.0,0.0,0.0,0.0
66,-0.78651714,-0.2985714348194357,0.0,0.0,0.0,0.0
67,-0.8249424,-0.2985714348194357,0.0,0.0,0.0,0.0
68,-0.8619716,-0.2985714348194357,0.0,0.0,0.0,0.0
69,-0.89223325,-0.14735622495216816,0.0,0.0,0.0,0.0
70,-0.91041154,0.9302865816654122,0.9302865816654122,0.9302865816654122,0.9302865816654122,0.9302866
71,-0.9204224,1.5050287338185118,1.5050287338185118,0.5747421521530995,1.5050287338185118,1.5050287
72,-0.94820374,6.538659056564222,5.0,3.494971266181488,5.0,5.0
73,-0.9683204,8.380817250912385,5.0,0.0,5.0,5.0
74,-0.98342025,10.044796438376236,5.0,0.0,5.0,5.0
75,-0.9948464,11.303938362591289,5.0,0.0,5.0,5.0
76,-1.0,11.871853254552708,5.0,0.0,5.0,5.0
77,-0.58842087,-0.3069248514620659,0.0,0.0,0.0,0.0
78,-0.59491026,-0.3069248514620659,0.0,0.0,0.0,0.0
79,-0.5923433,-0.3069248514620659,0.0,0.0,0.0,0.0
80,-0.5888471,-0.3069248514620659,0.0,0.0,0.0,0.0
81,-0.5947536,-0.3069248514620659,0.0,0.0,0.0,0.0
82,-0.61424696,-0.3069248514620659,0.0,0.0,0.0,0.0
83,-0.63848376,-0.3069248514620659,0.0,0.0,0.0,0.0
84,-0.65635496,-0.3069248514620659,0.0,0.0,0.0,0.0
85,-0.6615908,-0.3069248514620659,0.0,0.0,0.0,0.0
86,-0.6572958,-0.3069248514620659,0.0,0.0,0.0,0.0
87,-0.6484702,-0.3069248514620659,0.0,0.0,0.0,0.0
88,-0.63970184,-0.3069248514620659,0.0,0.0,0.0,0.0
89,-0.63516736,-0.3069248514620659,0.0,0.0,0.0,0.0
90,-0.6387808,-0.3069248514620659,0.0,0.0,0.0,0.0
91,-0.6542809,-0.3069248514620659,0.0,0.0,0.0,0.0
92,-0.68532914,-0.3069248514620659,0.0,0.0,0.0,0.0
93,-0.72875744,-0.3069248514620659,0.0,0.0,0.0,0.0
94,-0.76175654,-0.3069248514620659,0.0,0.0,0.0,0.0
95,-0.7906084,-0.29928334405559215,0.0,0.0,0.0,0.0
96,-0.8169404,-0.29209555622774086,0.0,0.0,0.0,0.0
97,-0.8424339,-0.29209555622774086,0.0,0.0,0.0,0.0
98,-0.86883867,-0.29209555622774086,0.0,0.0,0.0,0.0
99,-0.8978309,0.194277875698921,0.194277875698921,0.194277875698921,0.194277875698921,0.19427788
100,-0.9297983,2.055883462863585,2.055883462863585,1.861605587164664,2.055883462863585,2.0558834
101,-0.96205014,8.031713104698737,5.0,2.944116537136415,5.0,5.0
102,-0.98884416,10.675417534529377,5.0,0.0,5.0,5.0
103,-1.0,11.90857764575947,5.0,0.0,5.0,5.0
104,-0.56447655,-0.3078742928066047,0.0,0.0,0.0,0.0
105,-0.5551708,-0.3078742928066047,0.0,0.0,0.0,0.0
106,-0.5584313,-0.3078742928066047,0.0,0.0,0.0,0.0
107,-0.5699647,-0.3078742928066047,0.0,0.0,0.0,0.0
108,-0.58388674,-0.3078742928066047,0.0,0.0,0.0,0.0
109,-0.59475577,-0.3078742928066047,0.0,0.0,0.0,0.0
110,-0.598054,-0.3078742928066047,0.0,0.0,0.0,0.0
111,-0.5900611,-0.3078742928066047,0.0,0.0,0.0,0.0
112,-0.5717337,-0.3078742928066047,0.0,0.0,0.0,0.0
113,-0.55398154,-0.3078742928066047,0.0,0.0,0.0,0.0
114,-0.549256,-0.3078742928066047,0.0,0.0,0.0,0.0
115,-0.5633666,-0.3078742928066047,0.0,0.0,0.0,0.0
116,-0.58805275,-0.3078742928066047,0.0,0.0,0.0,0.0
117,-0.61183816,-0.3078742928066047,0.0,0.0,0.0,0.0
118,-0.62324286,-0.3027329071237524,0.0,0.0,0.0,0.0
119,-0.61086005,-0.2958601678925681,0.0,0.0,0.0,0.0
120,-0.5767584,-0.288044838229701,0.0,0.0,0.0,0.0
121,-0.56746787,-0.288044838229701,0.0,0.0,0.0,0.0
122,-0.59080213,-0.288044838229701,0.0,0.0,0.0,0.0
123,-0.63652724,-0.288044838229701,0.0,0.0,0.0,0.0
124,-0.6941708,-0.288044838229701,0.0,0.0,0.0,0.0
125,-0.75320464,-0.288044838229701,0.0,0.0,0.0,0.0
126,-0.803676,-0.288044838229701,0.0,0.0,0.0,0.0
127,-0.8398156,-0.288044838229701,0.0,0.0,0.0,0.0
128,-0.8645893,-0.288044838229701,0.0,0.0,0.0,0.0
129,-0.8829794,-0.288044838229701,0.0,0.0,0.0,0.0
130,-0.89930296,0.27615923458391123,0.27615923458391123,0.27615923458391123,0.27615923458391123,0.27615923
131,-0.9160994,1.2395769375967338,1.2395769375967338,0.9634177030128226,1.2395769375967338,1.2395769
132,-0.935316,2.330501060748878,2.330501060748878,1.090924123152144,2.330501060748878,2.330501
133,-0.9583751,7.559972814080088,5.0,2.669498939251122,5.0,5.0
134,-0.98321706,10.064374991183689,5.0,0.0,5.0,5.0
135,-1.0,11.92157081107875,5.0,0.0,5.0,5.0
136,-0.5995359,-0.3082102071116533,0.0,0.0,0.0,0.0
137,-0.60373515,-0.3082102071116533,0.0,0.0,0.0,0.0
138,-0.6138689,-0.3082102071116533,0.0,0.0,0.0,0.0
139,-0.6240109,-0.3082102071116533,0.0,0.0,0.0,0.0
140,-0.6274611,-0.3082102071116533,0.0,0.0,0.0,0.0
141,-0.62163883,-0.3082102071116533,0.0,0.0,0.0,0.0
142,-0.61220026,-0.3082102071116533,0.0,0.0,0.0,0.0
143,-0.6063328,-0.3082102071116533,0.0,0.0,0.0,0.0
144,-0.60910547,-0.3082102071116533,0.0,0.0,0.0,0.0
145,-0.6216154,-0.3074840251880366,0.0,0.0,0.0,0.0
146,-0.64356583,-0.3009918223382123,0.0,0.0,0.0,0.0
147,-0.67381614,-0.2955797617330866,0.0,0.0,0.0,0.0
148,-0.71033216,-0.2877397135774543,0.0,0.0,0.0,0.0
149,-0.7509928,-0.2877397135774543,0.0,0.0,0.0,0.0
150,-0.79372305,-0.2877397135774543,0.0,0.0,0.0,0.0
151,-0.8364688,-0.2877397135774543,0.0,0.0,0.0,0.0
152,-0.8716371,-0.2877397135774543,0.0,0.0,0.0,0.0
153,-0.88421327,-0.2877397135774543,0.0,0.0,0.0,0.0
154,-0.9090309,0.8342005989593604,0.8342005989593604,0.8342005989593604,0.8342005989593604,0.8342006
155,-0.94124126,2.671973532513637,2.671973532513637,1.8377729335542767,2.671973532513637,2.6719737
156,-0.9756431,9.433285114170701,5.0,2.328026467486363,5.0,5.0
157,-1.0,11.899912637762174,5.0,0.0,5.0,5.0
158,-0.59037393,-0.3076502750197046,0.0,0.0,0.0,0.0
159,-0.5917281,-0.3076502750197046,0.0,0.0,0.0,0.0
160,-0.590175,-0.3076502750197046,0.0,0.0,0.0,0.0
161,-0.5894194,-0.3076502750197046,0.0,0.0,0.0,0.0
162,-0.5937733,-0.3076502750197046,0.0,0.0,0.0,0.0
163,-0.60443723,-0.3076502750197046,0.0,0.0,0.0,0.0
164,-0.6157951,-0.3076502750197046,0.0,0.0,0.0,0.0
165,-0.6210706,-0.3076502750197046,0.0,0.0,0.0,0.0
166,-0.61742276,-0.3076502750197046,0.0,0.0,0.0,0.0
167,-0.6104906,-0.3076502750197046,0.0,0.0,0.0,0.0
168,-0.60753155,-0.3076502750197046,0.0,0.0,0.0,0.0
169,-0.61279505,-0.3004446004951627,0.0,0.0,0.0,0.0
170,-0.6240379,-0.29264958459144047,0.0,0.0,0.0,0.0
171,-0.63745457,-0.29264958459144047,0.0,0.0,0.0,0.0
172,-0.6491962,-0.29264958459144047,0.0,0.0,0.0,0.0
173,-0.6554087,-0.29264958459144047,0.0,0.0,0.0,0.0
174,-0.66169506,-0.29264958459144047,0.0,0.0,0.0,0.0
175,-0.69441825,-0.29264958459144047,0.0,0.0,0.0,0.0
176,-0.71929234,-0.29264958459144047,0.0,0.0,0.0,0.0
177,-0.73839426,-0.29264958459144047,0.0,0.0,0.0,0.0
178,-0.75380003,-0.29264958459144047,0.0,0.0,0.0,0.0
179,-0.76762533,-0.29264958459144047,0.0,0.0,0.0,0.0
180,-0.78211105,-0.29264958459144047,0.0,0.0,0.0,0.0
181,-0.800068,-0.29264958459144047,0.0,0.0,0.0,0.0
182,-0.8254366,-0.29264958459144047,0.0,0.0,0.0,0.0
183,-0.8617669,-0.29264958459144047,0.0,0.0,0.0,0.0
184,-0.90786535,0.7803956661450069,0.7803956661450069,0.7803956661450069,0.7803956661450069,0.7803957
185,-0.9538389,7.2027235084674945,5.0,4.219604333854993,5.0,5.0
186,-0.9876879,10.258341169643638,5.0,0.0,5.0,5.0
187,-1.0,11.581989695364083,5.0,0.0,5.0,5.0
188,-0.5053151,-0.2994309642027943,0.0,0.0,0.0,0.0
189,-0.5200383,-0.2994309642027943,0.0,0.0,0.0,0.0
190,-0.5388526,-0.2994309642027943,0.0,0.0,0.0,0.0
191,-0.5503923,-0.2994309642027943,0.0,0.0,0.0,0.0
192,-0.5427339,-0.2994309642027943,0.0,0.0,0.0,0.0
193,-0.51414555,-0.2994309642027943,0.0,0.0,0.0,0.0
194,-0.48455966,-0.2602165791730142,0.0,0.0,0.0,0.0
195,-0.47737056,-0.23813424210255568,0.0,0.0,0.0,0.0
196,-0.5028737,-0.2994309642027943,0.0,0.0,0.0,0.0
197,-0.5436602,-0.29553075768427584,0.0,0.0,0.0,0.0
198,-0.5770021,-0.288776391453401,0.0,0.0,0.0,0.0
199,-0.58974075,-0.2809639118493256,0.0,0.0,0.0,0.0
200,-0.58909553,-0.2809639118493256,0.0,0.0,0.0,0.0
201,-0.5869747,-0.2809639118493256,0.0,0.0,0.0,0.0
202,-0.5950606,-0.2809639118493256,0.0,0.0,0.0,0.0
203,-0.6248533,-0.2809639118493256,0.0,0.0,0.0,0.0
204,-0.6752623,-0.2809639118493256,0.0,0.0,0.0,0.0
205,-0.7109607,-0.2809639118493256,0.0,0.0,0.0,0.0
206,-0.75373393,-0.2809639118493256,0.0,0.0,0.0,0.0
207,-0.79868835,-0.2809639118493256,0.0,0.0,0.0,0.0
208,-0.8409538,-0.2809639118493256,0.0,0.0,0.0,0.0
209,-0.875676,-0.2809639118493256,0.0,0.0,0.0,0.0
210,-0.89847124,0.22276004446942974,0.22276004446942974,0.22276004446942974,0.22276004446942974,0.22276005
211,-0.90904105,0.8138497738175074,0.8138497738175074,0.5910897293480777,0.8138497738175074,0.8138498
212,-0.9167456,1.2411453489338127,1.2411453489338127,0.4272955751163052,1.2411453489338127,1.2411454
213,-0.9331072,2.1546146062859384,2.1546146062859384,0.9134692573521257,2.1546146062859384,2.1546147
214,-0.9640634,8.039337778311955,5.0,2.8453853937140616,5.0,5.0
215,-0.9961633,11.22422350107427,5.0,0.0,5.0,5.0
216,-1.0,11.638720810366717,5.0,0.0,5.0,5.0
217,-0.6264858,-0.3008976424603598,0.0,0.0,0.0,0.0
218,-0.6369652,-0.3008976424603598,0.0,0.0,0.0,0.0
219,-0.6422417,-0.3008976424603598,0.0,0.0,0.0,0.0
220,-0.6449956,-0.3008976424603598,0.0,0.0,0.0,0.0
221,-0.64869577,-0.3008976424603598,0.0,0.0,0.0,0.0
222,-0.65417606,-0.3008976424603598,0.0,0.0,0.0,0.0
223,-0.6565841,-0.3008976424603598,0.0,0.0,0.0,0.0
224,-0.6502981,-0.3008976424603598,0.0,0.0,0.0,0.0
225,-0.6342639,-0.2940837448247627,0.0,0.0,0.0,0.0
226,-0.6172443,-0.2880372704475921,0.0,0.0,0.0,0.0
227,-0.6100463,-0.2880372704475921,0.0,0.0,0.0,0.0
228,-0.6186512,-0.2880372704475921,0.0,0.0,0.0,0.0
229,-0.63820183,-0.2880372704475921,0.0,0.0,0.0,0.0
230,-0.66090596,-0.2880372704475921,0.0,0.0,0.0,0.0
231,-0.6786467,-0.2880372704475921,0.0,0.0,0.0,0.0
232,-0.68316597,-0.2880372704475921,0.0,0.0,0.0,0.0
233,-0.6776517,-0.2880372704475921,0.0,0.0,0.0,0.0
234,-0.6931485,-0.2880372704475921,0.0,0.0,0.0,0.0
235,-0.69787025,-0.2880372704475921,0.0,0.0,0.0,0.0
236,-0.69999063,-0.2880372704475921,0.0,0.0,0.0,0.0
237,-0.7077539,-0.2880372704475921,0.0,0.0,0.0,0.0
238,-0.7294559,-0.2880372704475921,0.0,0.0,0.0,0.0
239,-0.77248,-0.2880372704475921,0.0,0.0,0.0,0.0
240,-0.83653754,-0.2880372704475921,0.0,0.0,0.0,0.0
241,-0.90490127,0.5977961483407661,0.5977961483407661,0.5977961483407661,0.5977961483407661,0.59779614
242,-0.957776,7.54974903136192,5.0,4.402203851659234,5.0,5.0
243,-0.98450696,9.726051165463806,5.0,0.0,5.0,5.0
244,-0.994854,10.817090070039201,5.0,0.0,5.0,5.0
245,-1.0,11.359708036524115,5.0,0.0,5.0,5.0
246,-0.4733869,-0.21966601017399068,0.0,0.0,0.0,0.0
247,-0.47802114,-0.23064062843890862,0.0,0.0,0.0,0.0
248,-0.50610876,-0.2859579913168162,0.0,0.0,0.0,0.0
249,-0.5379126,-0.2827197816837637,0.0,0.0,0.0,0.0
250,-0.5504969,-0.27866813091382836,0.0,0.0,0.0,0.0
251,-0.5346192,-0.27050962434814096,0.0,0.0,0.0,0.0
252,-0.5101172,-0.27050962434814096,0.0,0.0,0.0,0.0
253,-0.50250036,-0.27050962434814096,0.0,0.0,0.0,0.0
254,-0.5253068,-0.27050962434814096,0.0,0.0,0.0,0.0
255,-0.56632227,-0.27050962434814096,0.0,0.0,0.0,0.0
0,-0.57892257,-0.27050962434814096,0.0,0.0,0.0,0.0
1,-0.55807275,-0.27050962434814096,0.0,0.0,0.0,0.0
2,-0.55099636,-0.27050962434814096,0.0,0.0,0.0,0.0
3,-0.55399746,-0.27050962434814096,0.0,0.0,0.0,0.0
4,-0.56043226,-0.27050962434814096,0.0,0.0,0.0,0.0
5,-0.565313,-0.27050962434814096,0.0,0.0,0.0,0.0
6,-0.56691563,-0.27050962434814096,0.0,0.0,0.0,0.0
7,-0.564445,-0.27050962434814096,0.0,0.0,0.0,0.0
8,-0.55890083,-0.27050962434814096,0.0,0.0,0.0,0.0
9,-0.5552369,-0.27050962434814096,0.0,0.0,0.0,0.0
10,-0.5591224,-0.27050962434814096,0.0,0.0,0.0,0.0
11,-0.57378596,-0.27050962434814096,0.0,0.0,0.0,0.0
12,-0.5967343,-0.27050962434814096,0.0,0.0,0.0,0.0
13,-0.62400824,-0.27050962434814096,0.0,0.0,0.0,0.0
14,-0.6516236,-0.27050962434814096,0.0,0.0,0.0,0.0
15,-0.67545724,-0.27050962434814096,0.0,0.0,0.0,0.0
16,-0.69123715,-0.27050962434814096,0.0,0.0,0.0,0.0
17,-0.701404,-0.27050962434814096,0.0,0.0,0.0,0.0
18,-0.7274969,-0.27050962434814096,0.0,0.0,0.0,0.0
19,-0.7623097,-0.27050962434814096,0.0,0.0,0.0,0.0
20,-0.79856515,-0.27050962434814096,0.0,0.0,0.0,0.0
21,-0.82902426,-0.27050962434814096,0.0,0.0,0.0,0.0
22,-0.84714425,-0.27050962434814096,0.0,0.0,0.0,0.0
23,-0.85177004,-0.27050962434814096,0.0,0.0,0.0,0.0
24,-0.8541367,-0.266063679030297,0.0,0.0,0.0,0.0
25,-0.8682098,-0.25996259800083016,0.0,0.0,0.0,0.0
26,-0.9005339,0.37203794313926347,0.37203794313926347,0.37203794313926347,0.37203794313926347,0.37203795
27,-0.94111544,2.6588682969994286,2.6588682969994286,2.2868303538601653,2.6588682969994286,2.6588683
28,-0.9768145,9.37433520429558,5.0,2.3411317030005714,5.0,5.0
29,-0.9975508,11.39312101264604,5.0,0.0,5.0,5.0
30,-0.61385244,-0.27054449060260805,0.0,0.0,0.0,0.0
31,-0.6206256,-0.27054449060260805,0.0,0.0,0.0,0.0
32,-0.61527103,-0.27054449060260805,0.0,0.0,0.0,0.0
33,-0.6038168,-0.27054449060260805,0.0,0.0,0.0,0.0
34,-0.5941097,-0.27054449060260805,0.0,0.0,0.0,0.0
35,-0.5911119,-0.27054449060260805,0.0,0.0,0.0,0.0
36,-0.59359235,-0.27054449060260805,0.0,0.0,0.0,0.0
37,-0.59907484,-0.27054449060260805,0.0,0.0,0.0,0.0
38,-0.606141,-0.27054449060260805,0.0,0.0,0.0,0.0
39,-0.6158142,-0.27054449060260805,0.0,0.0,0.0,0.0
40,-0.6295173,-0.27054449060260805,0.0,0.0,0.0,0.0
41,-0.64834344,-0.27054449060260805,0.0,0.0,0.0,0.0
42,-0.67253053,-0.27054449060260805,0.0,0.0,0.0,0.0
43,-0.701897,-0.27054449060260805,0.0,0.0,0.0,0.0
44,-0.73609465,-0.27054449060260805,0.0,0.0,0.0,0.0
45,-0.77469677,-0.27054449060260805,0.0,0.0,0.0,0.0
46,-0.8134053,-0.27054449060260805,0.0,0.0,0.0,0.0
47,-0.8396562,-0.27054449060260805,0.0,0.0,0.0,0.0
48,-0.86662775,-0.27054449060260805,0.0,0.0,0.0,0.0
49,-0.894341,-0.00838826002475972,0.0,0.0,0.0,0.0
50,-0.9221139,1.4903650660273884,1.4903650660273884,1.4903650660273884,1.4903650660273884,1.490365
51,-0.949791,6.181382660934229,5.0,3.5096349339726114,5.0,5.0
52,-0.97764,8.842470295877302,5.0,0.0,5.0,5.0
53,-1.0,11.57921850804358,5.0,0.0,5.0,5.0
54,-0.57566047,-0.2687286399494384,0.0,0.0,0.0,0.0
55,-0.5970077,-0.2687286399494384,0.0,0.0,0.0,0.0
56,-0.6103866,-0.2687286399494384,0.0,0.0,0.0,0.0
57,-0.61953795,-0.2687286399494384,0.0,0.0,0.0,0.0
58,-0.6295567,-0.2687286399494384,0.0,0.0,0.0,0.0
59,-0.6428639,-0.2687286399494384,0.0,0.0,0.0,0.0
60,-0.65615195,-0.2687286399494384,0.0,0.0,0.0,0.0
61,-0.6651038,-0.2687286399494384,0.0,0.0,0.0,0.0
62,-0.66739875,-0.2687286399494384,0.0,0.0,0.0,0.0
63,-0.6648481,-0.2687286399494384,0.0,0.0,0.0,0.0
64,-0.65997213,-0.2687286399494384,0.0,0.0,0.0,0.0
65,-0.65510845,-0.2687286399494384,0.0,0.0,0.0,0.0
66,-0.65271693,-0.2687286399494384,0.0,0.0,0.0,0.0
67,-0.65528405,-0.2687286399494384,0.0,0.0,0.0,0.0
68,-0.66529435,-0.2687286399494384,0.0,0.0,0.0,0.0
69,-0.68521506,-0.2687286399494384,0.0,0.0,0.0,0.0
70,-0.7134956,-0.2687286399494384,0.0,0.0,0.0,0.0
71,-0.73930144,-0.26382647548662813,0.0,0.0,0.0,0.0
72,-0.7748871,-0.2605456118765122,0.0,0.0,0.0,0.0
73,-0.8160721,-0.2528148050349633,0.0,0.0,0.0,0.0
74,-0.8587273,-0.2528148050349633,0.0,0.0,0.0,0.0
75,-0.89876086,0.2735309193627452,0.2735309193627452,0.2735309193627452,0.2735309193627452,0.27353093
76,-0.9321854,2.168150260855732,2.168150260855732,1.8946193414929868,2.168150260855732,2.1681502
77,-0.95722765,7.309882007822222,5.0,2.831849739144268,5.0,5.0
78,-0.9784058,9.338111889741272,5.0,0.0,5.0,5.0
79,-0.996883,11.334758230453927,5.0,0.0,5.0,5.0
80,-0.6376085,-0.2708722503084732,0.0,0.0,0.0,0.0
81,-0.6301232,-0.2708722503084732,0.0,0.0,0.0,0.0
82,-0.62254834,-0.2708722503084732,0.0,0.0,0.0,0.0
83,-0.61859083,-0.2708722503084732,0.0,0.0,0.0,0.0
84,-0.62177795,-0.2708722503084732,0.0,0.0,0.0,0.0
85,-0.63227314,-0.2708722503084732,0.0,0.0,0.0,0.0
86,-0.6430032,-0.2708722503084732,0.0,0.0,0.0,0.0
87,-0.64583415,-0.2708722503084732,0.0,0.0,0.0,0.0
88,-0.637989,-0.2708722503084732,0.0,0.0,0.0,0.0
89,-0.6282264,-0.2708722503084732,0.0,0.0,0.0,0.0
90,-0.6276984,-0.2708722503084732,0.0,0.0,0.0,0.0
91,-0.642448,-0.2708722503084732,0.0,0.0,0.0,0.0
92,-0.66654676,-0.2708722503084732,0.0,0.0,0.0,0.0
93,-0.6907885,-0.2708722503084732,0.0,0.0,0.0,0.0
94,-0.70517695,-0.2708722503084732,0.0,0.0,0.0,0.0
95,-0.69901997,-0.2708722503084732,0.0,0.0,0.0,0.0
96,-0.68329525,-0.2708722503084732,0.0,0.0,0.0,0.0
97,-0.72232497,-0.2708722503084732,0.0,0.0,0.0,0.0
98,-0.7565771,-0.2708722503084732,0.0,0.0,0.0,0.0
99,-0.7858114,-0.2708722503084732,0.0,0.0,0.0,0.0
100,-0.8100009,-0.26966481584354307,0.0,0.0,0.0,0.0
101,-0.8292044,-0.2619170839797382,0.0,0.0,0.0,0.0
102,-0.84326404,-0.25344718785135,0.0,0.0,0.0,0.0
103,-0.854098,-0.25344718785135,0.0,0.0,0.0,0.0
104,-0.8696134,-0.25344718785135,0.0,0.0,0.0,0.0
105,-0.8984946,0.2590691904994566,0.2590691904994566,0.2590691904994566,0.2590691904994566,0.2590692
106,-0.94239444,2.754367448915377,2.754367448915377,2.4952982584159207,2.754367448915377,2.7543674
107,-0.98447305,10.253086990904556,5.0,2.245632551084623,5.0,5.0
108,-1.0,11.717028635625107,5.0,0.0,5.0,5.0
109,-0.5834958,-0.271926915215642,0.0,0.0,0.0,0.0
110,-0.5966466,-0.271926915215642,0.0,0.0,0.0,0.0
111,-0.6121669,-0.271926915215642,0.0,0.0,0.0,0.0
112,-0.627226,-0.271926915215642,0.0,0.0,0.0,0.0
113,-0.63858044,-0.271926915215642,0.0,0.0,0.0,0.0
114,-0.6449695,-0.271926915215642,0.0,0.0,0.0,0.0
115,-0.648442,-0.271926915215642,0.0,0.0,0.0,0.0
116,-0.6518333,-0.271926915215642,0.0,0.0,0.0,0.0
117,-0.6578488,-0.271926915215642,0.0,0.0,0.0,0.0
118,-0.6692291,-0.271926915215642,0.0,0.0,0.0,0.0
119,-0.6881711,-0.271926915215642,0.0,0.0,0.0,0.0
120,-0.71520114,-0.271926915215642,0.0,0.0,0.0,0.0
121,-0.7479404,-0.271926915215642,0.0,0.0,0.0,0.0
122,-0.78341025,-0.271926915215642,0.0,0.0,0.0,0.0
123,-0.81878364,-0.271926915215642,0.0,0.0,0.0,0.0
124,-0.8513695,-0.271926915215642,0.0,0.0,0.0,0.0
125,-0.8804269,-0.271926915215642,0.0,0.0,0.0,0.0
126,-0.9132761,1.0186160072270354,1.0186160072270354,1.0186160072270354,1.0186160072270354,1.018616
127,-0.9548669,6.7933872688206804,5.0,3.9813839927729644,5.0,5.0
128,-0.9925942,10.190879823164474,5.0,0.0,5.0,5.0
129,-1.0,10.943143094278359,5.0,0.0,5.0,5.0
130,-0.6329945,-0.28291476458837533,0.0,0.0,0.0,0.0
131,-0.63799757,-0.2813160919158205,0.0,0.0,0.0,0.0
132,-0.6394464,-0.27649777201094755,0.0,0.0,0.0,0.0
133,-0.6396173,-0.2711827842276802,0.0,0.0,0.0,0.0
134,-0.64124733,-0.26278985570848745,0.0,0.0,0.0,0.0
135,-0.6455596,-0.26278985570848745,0.0,0.0,0.0,0.0
136,-0.65055585,-0.26278985570848745,0.0,0.0,0.0,0.0
137,-0.65373063,-0.26278985570848745,0.0,0.0,0.0,0.0
138,-0.6540089,-0.26278985570848745,0.0,0.0,0.0,0.0
139,-0.65305334,-0.26278985570848745,0.0,0.0,0.0,0.0
140,-0.65300006,-0.26278985570848745,0.0,0.0,0.0,0.0
141,-0.6552992,-0.26278985570848745,0.0,0.0,0.0,0.0
142,-0.6600909,-0.26278985570848745,0.0,0.0,0.0,0.0
143,-0.66723156,-0.26278985570848745,0.0,0.0,0.0,0.0
144,-0.67666763,-0.26278985570848745,0.0,0.0,0.0,0.0
145,-0.6884754,-0.26278985570848745,0.0,0.0,0.0,0.0
146,-0.7017633,-0.26278985570848745,0.0,0.0,0.0,0.0
147,-0.7141394,-0.26278985570848745,0.0,0.0,0.0,0.0
148,-0.7305686,-0.26278985570848745,0.0,0.0,0.0,0.0
149,-0.75019366,-0.26278985570848745,0.0,0.0,0.0,0.0
150,-0.77204305,-0.26278985570848745,0.0,0.0,0.0,0.0
151,-0.79499537,-0.26278985570848745,0.0,0.0,0.0,0.0
152,-0.8179767,-0.26278985570848745,0.0,0.0,0.0,0.0
153,-0.8407421,-0.26278985570848745,0.0,0.0,0.0,0.0
154,-0.8647345,-0.26278985570848745,0.0,0.0,0.0,0.0
155,-0.8915728,-0.14864436121489058,0.0,0.0,0.0,0.0
156,-0.9211228,1.4311897713036028,1.4311897713036028,1.4311897713036028,1.4311897713036028,1.4311898
157,-0.949348,6.205415691574936,5.0,3.568810228696397,5.0,5.0
158,-0.9717725,8.177316218848087,5.0,0.0,5.0,5.0
159,-0.98602194,9.637808783552577,5.0,0.0,5.0,5.0
160,-0.9932294,10.37653638759434,5.0,0.0,5.0,5.0
161,-0.9955103,10.610319400758108,5.0,0.0,5.0,5.0
162,-0.9955145,10.610750183302509,5.0,0.0,5.0,5.0
163,-0.9967082,10.733100342144942,5.0,0.0,5.0,5.0
164,-0.6326222,-0.2569221542738642,0.0,0.0,0.0,0.0
165,-0.6267407,-0.2569221542738642,0.0,0.0,0.0,0.0
166,-0.6231148,-0.2569221542738642,0.0,0.0,0.0,0.0
167,-0.619993,-0.2569221542738642,0.0,0.0,0.0,0.0
168,-0.61535156,-0.2569221542738642,0.0,0.0,0.0,0.0
169,-0.60895586,-0.2569221542738642,0.0,0.0,0.0,0.0
170,-0.604023,-0.2569221542738642,0.0,0.0,0.0,0.0
171,-0.6043572,-0.2569221542738642,0.0,0.0,0.0,0.0
172,-0.612653,-0.2569221542738642,0.0,0.0,0.0,0.0
173,-0.6292466,-0.2569221542738642,0.0,0.0,0.0,0.0
174,-0.6535885,-0.2569221542738642,0.0,0.0,0.0,0.0
175,-0.68401927,-0.2569221542738642,0.0,0.0,0.0,0.0
176,-0.7168561,-0.2569221542738642,0.0,0.0,0.0,0.0
177,-0.74794036,-0.2569221542738642,0.0,0.0,0.0,0.0
178,-0.77314776,-0.2569221542738642,0.0,0.0,0.0,0.0
179,-0.78842187,-0.2569221542738642,0.0,0.0,0.0,0.0
180,-0.7936631,-0.2569221542738642,0.0,0.0,0.0,0.0
181,-0.8031658,-0.2569221542738642,0.0,0.0,0.0,0.0
182,-0.82377964,-0.2569221542738642,0.0,0.0,0.0,0.0
183,-0.8518164,-0.2569221542738642,0.0,0.0,0.0,0.0
184,-0.883616,-0.2569221542738642,0.0,0.0,0.0,0.0
185,-0.9155076,1.0827467439382235,1.0827467439382235,1.0827467439382235,1.0827467439382235,1.0827467
186,-0.94374216,2.7342257761024924,2.7342257761024924,1.651479032164269,2.7342257761024924,2.7342257
187,-0.96573395,8.046604409480421,5.0,2.2657742238975076,5.0,5.0
188,-0.98257303,9.670532636959699,5.0,0.0,5.0,5.0
189,-0.99507505,11.005226532624143,5.0,0.0,5.0,5.0
190,-1.0,11.531008123699834,5.0,0.0,5.0,5.0
191,-0.59465826,-0.26760978110701006,0.0,0.0,0.0,0.0
192,-0.57662,-0.26760978110701006,0.0,0.0,0.0,0.0
193,-0.52709,-0.26760978110701006,0.0,0.0,0.0,0.0
194,-0.47729766,-0.20651792763133156,0.0,0.0,0.0,0.0
195,-0.4644382,-0.167293442615577,0.0,0.0,0.0,0.0
196,-0.50562084,-0.26760978110701006,0.0,0.0,0.0,0.0
197,-0.5753488,-0.26760978110701006,0.0,0.0,0.0,0.0
198,-0.6395163,-0.26760978110701006,0.0,0.0,0.0,0.0
199,-0.67768925,-0.26760978110701006,0.0,0.0,0.0,0.0
200,-0.69894904,-0.26760978110701006,0.0,0.0,0.0,0.0
201,-0.7186436,-0.26760978110701006,0.0,0.0,0.0,0.0
202,-0.74662256,-0.26760978110701006,0.0,0.0,0.0,0.0
203,-0.7810826,-0.26760978110701006,0.0,0.0,0.0,0.0
204,-0.8176,-0.26760978110701006,0.0,0.0,0.0,0.0
205,-0.8519274,-0.26760978110701006,0.0,0.0,0.0,0.0
206,-0.8798459,-0.26760978110701006,0.0,0.0,0.0,0.0
207,-0.8999495,0.2910813301775571,0.2910813301775571,0.2910813301775571,0.2910813301775571,0.29108134
208,-0.9224946,1.4929107053367923,1.4929107053367923,1.2018293751592353,1.4929107053367923,1.4929107
209,-0.9552504,6.714538694619672,5.0,3.5070892946632077,5.0,5.0
210,-0.9878195,9.689250763900356,5.0,0.0,5.0,5.0
211,-1.0,10.923995350711074,5.0,0.0,5.0,5.0
212,-0.6245016,-0.2779280070797217,0.0,0.0,0.0,0.0
213,-0.61494774,-0.2755350797009405,0.0,0.0,0.0,0.0
214,-0.6029812,-0.2709159228837124,0.0,0.0,0.0,0.0
215,-0.59061134,-0.26252911270639945,0.0,0.0,0.0,0.0
216,-0.5798554,-0.26252911270639945,0.0,0.0,0.0,0.0
217,-0.5721,-0.26252911270639945,0.0,0.0,0.0,0.0
218,-0.5673139,-0.26252911270639945,0.0,0.0,0.0,0.0
219,-0.56546414,-0.26252911270639945,0.0,0.0,0.0,0.0
220,-0.566757,-0.26252911270639945,0.0,0.0,0.0,0.0
221,-0.5716736,-0.26252911270639945,0.0,0.0,0.0,0.0
222,-0.5805787,-0.26252911270639945,0.0,0.0,0.0,0.0
223,-0.5942174,-0.26252911270639945,0.0,0.0,0.0,0.0
224,-0.6146146,-0.26252911270639945,0.0,0.0,0.0,0.0
225,-0.64404386,-0.26252911270639945,0.0,0.0,0.0,0.0
226,-0.6847744,-0.26252911270639945,0.0,0.0,0.0,0.0
227,-0.7391466,-0.26252911270639945,0.0,0.0,0.0,0.0
228,-0.80015033,-0.26252911270639945,0.0,0.0,0.0,0.0
229,-0.8360608,-0.26252911270639945,0.0,0.0,0.0,0.0
230,-0.86428565,-0.26252911270639945,0.0,0.0,0.0,0.0
231,-0.8882797,-0.26252911270639945,0.0,0.0,0.0,0.0
232,-0.9110345,0.8660289208892685,0.8660289208892685,0.8660289208892685,0.8660289208892685,0.8660289
233,-0.93498725,2.111213059060982,2.111213059060982,1.2451841381717137,2.111213059060982,2.1112132
234,-0.9626275,7.3366014826957855,5.0,2.888786940939018,5.0,5.0
235,-0.99012053,9.876972657148743,5.0,0.0,5.0,5.0
236,-1.0,10.874180789894078,5.0,0.0,5.0,5.0
237,-0.6109788,-0.2811318715070858,0.0,0.0,0.0,0.0
238,-0.6172029,-0.2811318715070858,0.0,0.0,0.0,0.0
239,-0.6353186,-0.2811318715070858,0.0,0.0,0.0,0.0
240,-0.6540479,-0.2811318715070858,0.0,0.0,0.0,0.0
241,-0.6602773,-0.2811318715070858,0.0,0.0,0.0,0.0
242,-0.6483068,-0.27791153984023115,0.0,0.0,0.0,0.0
243,-0.6281754,-0.27358833375527986,0.0,0.0,0.0,0.0
244,-0.61295605,-0.27358833375527986,0.0,0.0,0.0,0.0
245,-0.61030537,-0.27358833375527986,0.0,0.0,0.0,0.0
246,-0.61634153,-0.27358833375527986,0.0,0.0,0.0,0.0
247,-0.6247156,-0.27358833375527986,0.0,0.0,0.0,0.0
248,-0.6312106,-0.27358833375527986,0.0,0.0,0.0,0.0
249,-0.63617086,-0.27358833375527986,0.0,0.0,0.0,0.0
250,-0.64101136,-0.27358833375527986,0.0,0.0,0.0,0.0
251,-0.6471283,-0.27358833375527986,0.0,0.0,0.0,0.0
252,-0.655882,-0.27358833375527986,0.0,0.0,0.0,0.0
253,-0.6683879,-0.27358833375527986,0.0,0.0,0.0,0.0
254,-0.68299484,-0.27358833375527986,0.0,0.0,0.0,0.0
255,-0.6926678,-0.27358833375527986,0.0,0.0,0.0,0.0
0,-0.5984002,-0.27358833375527986,0.0,0.0,0.0,0.0
1,-0.6278742,-0.27358833375527986,0.0,0.0,0.0,0.0
2,-0.63969994,-0.27358833375527986,0.0,0.0,0.0,0.0
3,-0.6389128,-0.27358833375527986,0.0,0.0,0.0,0.0
4,-0.63375473,-0.27358833375527986,0.0,0.0,0.0,0.0
5,-0.6304399,-0.27358833375527986,0.0,0.0,0.0,0.0
6,-0.6307831,-0.27358833375527986,0.0,0.0,0.0,0.0
7,-0.63552487,-0.27358833375527986,0.0,0.0,0.0,0.0
8,-0.64479494,-0.27358833375527986,0.0,0.0,0.0,0.0
9,-0.65771914,-0.27358833375527986,0.0,0.0,0.0,0.0
10,-0.6729845,-0.27358833375527986,0.0,0.0,0.0,0.0
11,-0.68951356,-0.27358833375527986,0.0,0.0,0.0,0.0
12,-0.7071833,-0.27358833375527986,0.0,0.0,0.0,0.0
13,-0.7260949,-0.27358833375527986,0.0,0.0,0.0,0.0
14,-0.74638784,-0.27358833375527986,0.0,0.0,0.0,0.0
15,-0.7682632,-0.27358833375527986,0.0,0.0,0.0,0.0
16,-0.7917181,-0.27358833375527986,0.0,0.0,0.0,0.0
17,-0.8168942,-0.27358833375527986,0.0,0.0,0.0,0.0
18,-0.8470482,-0.27358833375527986,0.0,0.0,0.0,0.0
19,-0.8805572,-0.27358833375527986,0.0,0.0,0.0,0.0
20,-0.9158484,1.165213727705135,1.165213727705135,1.165213727705135,1.165213727705135,1.1652137
21,-0.95134515,6.442496485643995,5.0,3.834786272294865,5.0,5.0
22,-0.98320615,9.318618954298985,5.0,0.0,5.0,5.0
23,-1.0,11.039520620326968,5.0,0.0,5.0,5.0
24,-0.63647056,-0.2854064276196217,0.0,0.0,0.0,0.0
25,-0.6394039,-0.2854064276196217,0.0,0.0,0.0,0.0
26,-0.63095295,-0.2854064276196217,0.0,0.0,0.0,0.0
27,-0.6161196,-0.28327525137012,0.0,0.0,0.0,0.0
28,-0.6020766,-0.2752777067227843,0.0,0.0,0.0,0.0
29,-0.5947082,-0.26707861572510116,0.0,0.0,0.0,0.0
30,-0.5968168,-0.26707861572510116,0.0,0.0,0.0,0.0
31,-0.6100264,-0.26707861572510116,0.0,0.0,0.0,0.0
32,-0.6333455,-0.26707861572510116,0.0,0.0,0.0,0.0
33,-0.6604486,-0.26707861572510116,0.0,0.0,0.0,0.0
34,-0.6840167,-0.26707861572510116,0.0,0.0,0.0,0.0
35,-0.69911826,-0.26707861572510116,0.0,0.0,0.0,0.0
36,-0.7060071,-0.26707861572510116,0.0,0.0,0.0,0.0
37,-0.70630884,-0.26707861572510116,0.0,0.0,0.0,0.0
38,-0.70194036,-0.26707861572510116,0.0,0.0,0.0,0.0
39,-0.69483626,-0.26707861572510116,0.0,0.0,0.0,0.0
40,-0.6852912,-0.26707861572510116,0.0,0.0,0.0,0.0
41,-0.67562485,-0.26707861572510116,0.0,0.0,0.0,0.0
42,-0.6917829,-0.26707861572510116,0.0,0.0,0.0,0.0
43,-0.7263659,-0.26707861572510116,0.0,0.0,0.0,0.0
44,-0.7719459,-0.26707861572510116,0.0,0.0,0.0,0.0
45,-0.82111835,-0.26707861572510116,0.0,0.0,0.0,0.0
46,-0.8668923,-0.26707861572510116,0.0,0.0,0.0,0.0
47,-0.90512085,0.5659963285660761,0.5659963285660761,0.5659963285660761,0.5659963285660761,0.56599635
48,-0.9373785,2.2798756497339197,2.2798756497339197,1.7138793211678436,2.2798756497339197,2.2798758
49,-0.96582043,7.768019376781444,5.0,2.7201243502660803,5.0,5.0
50,-0.9895302,9.974653966228368,5.0,0.0,5.0,5.0
51,-1.0,11.133788023683515,5.0,0.0,5.0,5.0
52,-0.5995066,-0.2718796602094264,0.0,0.0,0.0,0.0
53,-0.59845376,-0.2718796602094264,0.0,0.0,0.0,0.0
54,-0.59416044,-0.2718796602094264,0.0,0.0,0.0,0.0
55,-0.5886035,-0.2718796602094264,0.0,0.0,0.0,0.0
56,-0.58467126,-0.2718796602094264,0.0,0.0,0.0,0.0
57,-0.58443654,-0.2718796602094264,0.0,0.0,0.0,0.0
58,-0.5873461,-0.2718796602094264,0.0,0.0,0.0,0.0
59,-0.5921733,-0.2718796602094264,0.0,0.0,0.0,0.0
60,-0.59916097,-0.2718796602094264,0.0,0.0,0.0,0.0
61,-0.6120543,-0.2718796602094264,0.0,0.0,0.0,0.0
62,-0.63483655,-0.2718796602094264,0.0,0.0,0.0,0.0
63,-0.66862404,-0.2718796602094264,0.0,0.0,0.0,0.0
64,-0.708839,-0.2718796602094264,0.0,0.0,0.0,0.0
65,-0.74965847,-0.2718796602094264,0.0,0.0,0.0,0.0
66,-0.7852884,-0.2718796602094264,0.0,0.0,0.0,0.0
67,-0.8099382,-0.2718796602094264,0.0,0.0,0.0,0.0
68,-0.8250154,-0.2718796602094264,0.0,0.0,0.0,0.0
69,-0.8535476,-0.2718796602094264,0.0,0.0,0.0,0.0
70,-0.8903191,-0.22654049677351426,0.0,0.0,0.0,0.0
71,-0.93022424,1.9375515222069903,1.9375515222069903,1.9375515222069903,1.9375515222069903,1.9375515
72,-0.96778774,8.094633614486705,5.0,3.0624484777930094,5.0,5.0
73,-0.9946121,10.558015355400709,5.0,0.0,5.0,5.0
74,-1.0,11.113844132492476,5.0,0.0,5.0,5.0
75,-0.6394219,-0.28732792483175995,0.0,0.0,0.0,0.0
76,-0.6354676,-0.28571771751551517,0.0,0.0,0.0,0.0
77,-0.62619126,-0.2782237711504156,0.0,0.0,0.0,0.0
78,-0.615888,-0.27005755041120977,0.0,0.0,0.0,0.0
79,-0.6096732,-0.27005755041120977,0.0,0.0,0.0,0.0
80,-0.6104943,-0.27005755041120977,0.0,0.0,0.0,0.0
81,-0.61672413,-0.27005755041120977,0.0,0.0,0.0,0.0
82,-0.62595326,-0.27005755041120977,0.0,0.0,0.0,0.0
83,-0.63673353,-0.27005755041120977,0.0,0.0,0.0,0.0
84,-0.6493923,-0.27005755041120977,0.0,0.0,0.0,0.0
85,-0.66458774,-0.27005755041120977,0.0,0.0,0.0,0.0
86,-0.68240064,-0.27005755041120977,0.0,0.0,0.0,0.0
87,-0.70119673,-0.27005755041120977,0.0,0.0,0.0,0.0
88,-0.71854293,-0.27005755041120977,0.0,0.0,0.0,0.0
89,-0.7316659,-0.27005755041120977,0.0,0.0,0.0,0.0
90,-0.73763114,-0.27005755041120977,0.0,0.0,0.0,0.0
91,-0.7369236,-0.27005755041120977,0.0,0.0,0.0,0.0
92,-0.7430634,-0.27005755041120977,0.0,0.0,0.0,0.0
93,-0.7634771,-0.27005755041120977,0.0,0.0,0.0,0.0
94,-0.79370445,-0.27005755041120977,0.0,0.0,0.0,0.0
95,-0.829369,-0.27005755041120977,0.0,0.0,0.0,0.0
96,-0.86616594,-0.27005755041120977,0.0,0.0,0.0,0.0
97,-0.9000969,0.3016823152761984,0.3016823152761984,0.3016823152761984,0.3016823152761984,0.30168232
98,-0.9296498,1.8919444163447179,1.8919444163447179,1.5902621010685194,1.8919444163447179,1.8919444
99,-0.95958495,7.2068163306812485,5.0,3.108055583655282,5.0,5.0
100,-0.9897653,10.032756581233082,5.0,0.0,5.0,5.0
101,-1.0,11.085942615358537,5.0,0.0,5.0,5.0
102,-0.63130623,-0.28660658261009664,0.0,0.0,0.0,0.0
103,-0.6141832,-0.28660658261009664,0.0,0.0,0.0,0.0
104,-0.6035935,-0.28660658261009664,0.0,0.0,0.0,0.0
105,-0.5996558,-0.28660658261009664,0.0,0.0,0.0,0.0
106,-0.60162896,-0.28508100459993735,0.0,0.0,0.0,0.0
107,-0.60906553,-0.2770002809106874,0.0,0.0,0.0,0.0
108,-0.62154377,-0.2688905965244227,0.0,0.0,0.0,0.0
109,-0.63797426,-0.2688905965244227,0.0,0.0,0.0,0.0
110,-0.65648735,-0.2688905965244227,0.0,0.0,0.0,0.0
111,-0.67447007,-0.2688905965244227,0.0,0.0,0.0,0.0
112,-0.6894185,-0.2688905965244227,0.0,0.0,0.0,0.0
113,-0.70127887,-0.2688905965244227,0.0,0.0,0.0,0.0
114,-0.71524143,-0.2688905965244227,0.0,0.0,0.0,0.0
115,-0.7378421,-0.2688905965244227,0.0,0.0,0.0,0.0
116,-0.77576643,-0.2688905965244227,0.0,0.0,0.0,0.0
117,-0.83565646,-0.2688905965244227,0.0,0.0,0.0,0.0
118,-0.90370226,0.4937523359752764,0.4937523359752764,0.4937523359752764,0.4937523359752764,0.49375233
119,-0.9207479,1.4045931997730625,1.4045931997730625,0.9108408637977861,1.4045931997730625,1.4045932
120,-0.9472377,5.9026098453201215,5.0,3.5954068002269377,5.0,5.0
121,-0.97817475,8.742645109115246,5.0,0.0,5.0,5.0
122,-1.0,10.963789380298874,5.0,0.0,5.0,5.0
123,-0.6098667,-0.28344853620214255,0.0,0.0,0.0,0.0
124,-0.6059595,-0.28344853620214255,0.0,0.0,0.0,0.0
125,-0.6087574,-0.28344853620214255,0.0,0.0,0.0,0.0
126,-0.61395717,-0.28344853620214255,0.0,0.0,0.0,0.0
127,-0.6164608,-0.2784122531629497,0.0,0.0,0.0,0.0
128,-0.614144,-0.2725122556221731,0.0,0.0,0.0,0.0
129,-0.61065024,-0.2725122556221731,0.0,0.0,0.0,0.0
130,-0.610625,-0.2725122556221731,0.0,0.0,0.0,0.0
131,-0.61686814,-0.2725122556221731,0.0,0.0,0.0,0.0
132,-0.6282949,-0.2725122556221731,0.0,0.0,0.0,0.0
133,-0.6428151,-0.2725122556221731,0.0,0.0,0.0,0.0
134,-0.6588981,-0.2725122556221731,0.0,0.0,0.0,0.0
135,-0.67666775,-0.2725122556221731,0.0,0.0,0.0,0.0
136,-0.6964547,-0.2725122556221731,0.0,0.0,0.0,0.0
137,-0.7184408,-0.2725122556221731,0.0,0.0,0.0,0.0
138,-0.74281895,-0.2725122556221731,0.0,0.0,0.0,0.0
139,-0.7691021,-0.2725122556221731,0.0,0.0,0.0,0.0
140,-0.7963512,-0.2725122556221731,0.0,0.0,0.0,0.0
141,-0.8316593,-0.2725122556221731,0.0,0.0,0.0,0.0
142,-0.8721476,-0.2725122556221731,0.0,0.0,0.0,0.0
143,-0.9145487,1.0899821069074047,1.0899821069074047,1.0899821069074047,1.0899821069074047,1.0899822
144,-0.9549955,6.817460834062776,5.0,3.9100178930925953,5.0,5.0
145,-0.987465,9.704602124310377,5.0,0.0,5.0,5.0
146,-1.0,10.982450226946357,5.0,0.0,5.0,5.0
147,-0.58880913,-0.2839309779458727,0.0,0.0,0.0,0.0
148,-0.5761544,-0.2839309779458727,0.0,0.0,0.0,0.0
149,-0.5528516,-0.2839309779458727,0.0,0.0,0.0,0.0
150,-0.52970266,-0.2839309779458727,0.0,0.0,0.0,0.0
151,-0.5201938,-0.2839309779458727,0.0,0.0,0.0,0.0
152,-0.53186333,-0.2839309779458727,0.0,0.0,0.0,0.0
153,-0.55967623,-0.2839309779458727,0.0,0.0,0.0,0.0
154,-0.59544945,-0.2839309779458727,0.0,0.0,0.0,0.0
155,-0.6326412,-0.2839309779458727,0.0,0.0,0.0,0.0
156,-0.66885537,-0.2839309779458727,0.0,0.0,0.0,0.0
157,-0.7027837,-0.2775241972258091,0.0,0.0,0.0,0.0
158,-0.73380095,-0.27037379375013637,0.0,0.0,0.0,0.0
159,-0.7626751,-0.27037379375013637,0.0,0.0,0.0,0.0
160,-0.7905992,-0.27037379375013637,0.0,0.0,0.0,0.0
161,-0.81892276,-0.27037379375013637,0.0,0.0,0.0,0.0
162,-0.8491565,-0.27037379375013637,0.0,0.0,0.0,0.0
163,-0.8865018,-0.27037379375013637,0.0,0.0,0.0,0.0
164,-0.93742174,2.314986519843868,2.314986519843868,2.314986519843868,2.314986519843868,2.3149865
165,-0.9658785,7.794529982931649,5.0,2.685013480156132,5.0,5.0
166,-0.9790576,8.929593529811045,5.0,0.0,5.0,5.0
167,-0.98450583,9.490147175097455,5.0,0.0,5.0,5.0
168,-0.9899729,10.052646209120757,5.0,0.0,5.0,5.0
169,-0.9987019,10.950754732637034,5.0,0.0,5.0,5.0
170,-0.630385,-0.2865644742956879,0.0,0.0,0.0,0.0
171,-0.6254604,-0.2865644742956879,0.0,0.0,0.0,0.0
172,-0.62611634,-0.2865644742956879,0.0,0.0,0.0,0.0
173,-0.62906027,-0.2865644742956879,0.0,0.0,0.0,0.0
174,-0.6297384,-0.2865644742956879,0.0,0.0,0.0,0.0
175,-0.62685204,-0.2865644742956879,0.0,0.0,0.0,0.0
176,-0.6253016,-0.2865644742956879,0.0,0.0,0.0,0.0
177,-0.6310128,-0.2865644742956879,0.0,0.0,0.0,0.0
178,-0.64682096,-0.2865644742956879,0.0,0.0,0.0,0.0
179,-0.66856575,-0.2865644742956879,0.0,0.0,0.0,0.0
180,-0.69035596,-0.2865644742956879,0.0,0.0,0.0,0.0
181,-0.7084809,-0.2865644742956879,0.0,0.0,0.0,0.0
182,-0.7245472,-0.2865644742956879,0.0,0.0,0.0,0.0
183,-0.7414079,-0.2865644742956879,0.0,0.0,0.0,0.0
184,-0.7619569,-0.2865644742956879,0.0,0.0,0.0,0.0
185,-0.7892095,-0.2865644742956879,0.0,0.0,0.0,0.0
186,-0.8210989,-0.2812519437920906,0.0,0.0,0.0,0.0
187,-0.8436588,-0.27421226189525616,0.0,0.0,0.0,0.0
188,-0.87386984,-0.266062737548766,0.0,0.0,0.0,0.0
189,-0.9104854,0.8485447401973579,0.8485447401973579,0.8485447401973579,0.8485447401973579,0.8485447
190,-0.9518538,6.337167222732093,5.0,4.151455259802642,5.0,5.0
191,-0.98994225,9.69251079155955,5.0,0.0,5.0,5.0
192,-1.0,10.690572350955325,5.0,0.0,5.0,5.0
193,-0.60837126,-0.27638501424393286,0.0,0.0,0.0,0.0
194,-0.61187893,-0.27638501424393286,0.0,0.0,0.0,0.0
195,-0.6197701,-0.27638501424393286,0.0,0.0,0.0,0.0
196,-0.6278262,-0.27638501424393286,0.0,0.0,0.0,0.0
197,-0.63094777,-0.27638501424393286,0.0,0.0,0.0,0.0
198,-0.6266418,-0.27638501424393286,0.0,0.0,0.0,0.0
199,-0.6179652,-0.27638501424393286,0.0,0.0,0.0,0.0
200,-0.6093841,-0.27638501424393286,0.0,0.0,0.0,0.0
201,-0.6047487,-0.27638501424393286,0.0,0.0,0.0,0.0
202,-0.6057131,-0.27638501424393286,0.0,0.0,0.0,0.0
203,-0.6128213,-0.27638501424393286,0.0,0.0,0.0,0.0
204,-0.62516344,-0.27638501424393286,0.0,0.0,0.0,0.0
205,-0.6395022,-0.27638501424393286,0.0,0.0,0.0,0.0
206,-0.6519655,-0.27638501424393286,0.0,0.0,0.0,0.0
207,-0.65863985,-0.27638501424393286,0.0,0.0,0.0,0.0
208,-0.6556501,-0.27474521082199976,0.0,0.0,0.0,0.0
209,-0.6545669,-0.2691394458402034,0.0,0.0,0.0,0.0
210,-0.7012772,-0.26128283500097765,0.0,0.0,0.0,0.0
211,-0.74544096,-0.26128283500097765,0.0,0.0,0.0,0.0
212,-0.78762084,-0.26128283500097765,0.0,0.0,0.0,0.0
213,-0.82846355,-0.26128283500097765,0.0,0.0,0.0,0.0
214,-0.86867386,-0.26128283500097765,0.0,0.0,0.0,0.0
215,-0.90867275,0.7388288608749284,0.7388288608749284,0.7388288608749284,0.7388288608749284,0.73882884
216,-0.94711417,5.734547844833797,5.0,4.2611711391250715,5.0,5.0
217,-0.9799175,8.536493129323741,5.0,0.0,5.0,5.0
218,-1.0,10.49240395945445,5.0,0.0,5.0,5.0
219,-0.5540869,-0.27126173628372413,0.0,0.0,0.0,0.0
220,-0.55367315,-0.27126173628372413,0.0,0.0,0.0,0.0
221,-0.56820625,-0.27126173628372413,0.0,0.0,0.0,0.0
222,-0.5929156,-0.27126173628372413,0.0,0.0,0.0,0.0
223,-0.6208043,-0.27126173628372413,0.0,0.0,0.0,0.0
224,-0.6457729,-0.27126173628372413,0.0,0.0,0.0,0.0
225,-0.6636705,-0.27126173628372413,0.0,0.0,0.0,0.0
226,-0.67102915,-0.27126173628372413,0.0,0.0,0.0,0.0
227,-0.6669693,-0.27126173628372413,0.0,0.0,0.0,0.0
228,-0.6562666,-0.27126173628372413,0.0,0.0,0.0,0.0
229,-0.6448497,-0.27126173628372413,0.0,0.0,0.0,0.0
230,-0.6372241,-0.27126173628372413,0.0,0.0,0.0,0.0
231,-0.6348019,-0.27126173628372413,0.0,0.0,0.0,0.0
232,-0.6383808,-0.27126173628372413,0.0,0.0,0.0,0.0
233,-0.64862335,-0.2669807157157709,0.0,0.0,0.0,0.0
234,-0.6659171,-0.2612818969239905,0.0,0.0,0.0,0.0
235,-0.6962904,-0.2526455383405487,0.0,0.0,0.0,0.0
236,-0.7517816,-0.2526455383405487,0.0,0.0,0.0,0.0
237,-0.7885248,-0.2526455383405487,0.0,0.0,0.0,0.0
238,-0.81364965,-0.2526455383405487,0.0,0.0,0.0,0.0
239,-0.8342606,-0.2526455383405487,0.0,0.0,0.0,0.0
240,-0.8571487,-0.2526455383405487,0.0,0.0,0.0,0.0
241,-0.8877972,-0.2526455383405487,0.0,0.0,0.0,0.0
242,-0.9279368,1.6852061537334904,1.6852061537334904,1.6852061537334904,1.6852061537334904,1.6852062
243,-0.9706301,7.8461231256720945,5.0,3.3147938462665096,5.0,5.0
244,-1.0,10.368830473573258,5.0,0.0,5.0,5.0
245,-0.6274871,-0.26806697191244205,0.0,0.0,0.0,0.0
246,-0.6191951,-0.26806697191244205,0.0,0.0,0.0,0.0
247,-0.60512865,-0.26806697191244205,0.0,0.0,0.0,0.0
248,-0.58933413,-0.26806697191244205,0.0,0.0,0.0,0.0
249,-0.57665765,-0.26806697191244205,0.0,0.0,0.0,0.0
250,-0.56957257,-0.26806697191244205,0.0,0.0,0.0,0.0
251,-0.5656537,-0.26806697191244205,0.0,0.0,0.0,0.0
252,-0.5619884,-0.26806697191244205,0.0,0.0,0.0,0.0
253,-0.5579652,-0.26806697191244205,0.0,0.0,0.0,0.0
254,-0.5573484,-0.26806697191244205,0.0,0.0,0.0,0.0
255,-0.56443703,-0.26806697191244205,0.0,0.0,0.0,0.0
0,-0.62147677,-0.26806697191244205,0.0,0.0,0.0,0.0
1,-0.6299087,-0.26806697191244205,0.0,0.0,0.0,0.0
2,-0.6387736,-0.26806697191244205,0.0,0.0,0.0,0.0
3,-0.6478564,-0.26806697191244205,0.0,0.0,0.0,0.0
4,-0.6568724,-0.26806697191244205,0.0,0.0,0.0,0.0
5,-0.66460997,-0.26806697191244205,0.0,0.0,0.0,0.0
6,-0.66791797,-0.26806697191244205,0.0,0.0,0.0,0.0
7,-0.6638056,-0.26806697191244205,0.0,0.0,0.0,0.0
8,-0.65351,-0.26806697191244205,0.0,0.0,0.0,0.0
9,-0.6466641,-0.26806697191244205,0.0,0.0,0.0,0.0
10,-0.6538415,-0.26806697191244205,0.0,0.0,0.0,0.0
11,-0.67964464,-0.26806697191244205,0.0,0.0,0.0,0.0
12,-0.71680814,-0.26806697191244205,0.0,0.0,0.0,0.0
13,-0.75511736,-0.26806697191244205,0.0,0.0,0.0,0.0
14,-0.784283,-0.26806697191244205,0.0,0.0,0.0,0.0
15,-0.79408544,-0.26806697191244205,0.0,0.0,0.0,0.0
16,-0.7900813,-0.26806697191244205,0.0,0.0,0.0,0.0
17,-0.8180306,-0.26806697191244205,0.0,0.0,0.0,0.0
18,-0.84289026,-0.26806697191244205,0.0,0.0,0.0,0.0
19,-0.86517775,-0.26806697191244205,0.0,0.0,0.0,0.0
20,-0.88538957,-0.26806697191244205,0.0,0.0,0.0,0.0
21,-0.90362126,0.4199639984636972,0.4199639984636972,0.4199639984636972,0.4199639984636972,0.419964
22,-0.9195271,1.2704121262552284,1.2704121262552284,0.8504481277915312,1.2704121262552284,1.2704121
23,-0.93296146,1.9453790977835492,1.9453790977835492,0.6749669715283209,1.9453790977835492,1.945379
24,-0.943494,2.474093220157637,2.474093220157637,0.5287141223740877,2.474093220157637,2.4740932
25,-0.9507447,5.9438936965554525,5.0,2.525906779842363,5.0,5.0
26,-0.9544938,6.174641135687519,5.0,0.0,5.0,5.0
27,-0.9546963,6.194731802618924,5.0,0.0,5.0,5.0
28,-0.951741,5.901476312435207,5.0,0.0,5.0,5.0
29,-0.9490799,5.637413074952128,5.0,0.0,5.0,5.0
30,-0.956593,6.382938117735678,5.0,0.0,5.0,5.0
31,-0.9798599,8.691712908678136,5.0,0.0,5.0,5.0
32,-1.0,10.690217090144083,5.0,0.0,5.0,5.0
33,-0.57736516,-0.2763758296314396,0.0,0.0,0.0,0.0
34,-0.5702259,-0.2763758296314396,0.0,0.0,0.0,0.0
35,-0.5599046,-0.2763758296314396,0.0,0.0,0.0,0.0
36,-0.5523229,-0.2763758296314396,0.0,0.0,0.0,0.0
37,-0.5547587,-0.2763758296314396,0.0,0.0,0.0,0.0
38,-0.56943643,-0.2763758296314396,0.0,0.0,0.0,0.0
39,-0.5878035,-0.2763758296314396,0.0,0.0,0.0,0.0
40,-0.5995279,-0.2763758296314396,0.0,0.0,0.0,0.0
41,-0.60045797,-0.2763758296314396,0.0,0.0,0.0,0.0
42,-0.5995109,-0.2763758296314396,0.0,0.0,0.0,0.0
43,-0.6079456,-0.2763758296314396,0.0,0.0,0.0,0.0
44,-0.6315749,-0.2763758296314396,0.0,0.0,0.0,0.0
45,-0.6646783,-0.2763758296314396,0.0,0.0,0.0,0.0
46,-0.6988072,-0.2763758296314396,0.0,0.0,0.0,0.0
47,-0.7255231,-0.2763758296314396,0.0,0.0,0.0,0.0
48,-0.73643196,-0.27335474918361635,0.0,0.0,0.0,0.0
49,-0.73278916,-0.2662716648950051,0.0,0.0,0.0,0.0
50,-0.7451595,-0.25776900693745386,0.0,0.0,0.0,0.0
51,-0.7669804,-0.25776900693745386,0.0,0.0,0.0,0.0
52,-0.7947385,-0.25776900693745386,0.0,0.0,0.0,0.0
53,-0.8248447,-0.25776900693745386,0.0,0.0,0.0,0.0
54,-0.8536873,-0.25776900693745386,0.0,0.0,0.0,0.0
55,-0.8778452,-0.25776900693745386,0.0,0.0,0.0,0.0
56,-0.8952415,0.03830694195875646,0.03830694195875646,0.03830694195875646,0.03830694195875646,0.03830694
57,-0.9066182,0.6230677848719669,0.6230677848719669,0.5847608429132104,0.6230677848719669,0.6230678
58,-0.9136174,0.9790536116740388,0.9790536116740388,0.3559858268020719,0.9790536116740388,0.9790536
59,-0.9195509,1.28194170069182,1.28194170069182,0.3028880890177811,1.28194170069182,1.2819417
60,-0.9310433,1.8709394304367173,1.8709394304367173,0.5889977297448974,1.8709394304367173,1.8709394
61,-0.9549264,6.454793643575504,5.0,3.1290605695632827,5.0,5.0
62,-0.9874353,9.441831626055102,5.0,0.0,5.0,5.0
63,-1.0,10.688419507901335,5.0,0.0,5.0,5.0
64,-0.5791624,-0.2763293564607377,0.0,0.0,0.0,0.0
65,-0.59702045,-0.2763293564607377,0.0,0.0,0.0,0.0
66,-0.6057551,-0.2763293564607377,0.0,0.0,0.0,0.0
67,-0.609314,-0.2763293564607377,0.0,0.0,0.0,0.0
68,-0.61366785,-0.2763293564607377,0.0,0.0,0.0,0.0
69,-0.6227894,-0.2763293564607377,0.0,0.0,0.0,0.0
70,-0.63654053,-0.2763293564607377,0.0,0.0,0.0,0.0
71,-0.6535082,-0.2763293564607377,0.0,0.0,0.0,0.0
72,-0.6723063,-0.26880537279541433,0.0,0.0,0.0,0.0
73,-0.69211364,-0.26044396072781456,0.0,0.0,0.0,0.0
74,-0.71230286,-0.26044396072781456,0.0,0.0,0.0,0.0
75,-0.7327409,-0.26044396072781456,0.0,0.0,0.0,0.0
76,-0.75434047,-0.26044396072781456,0.0,0.0,0.0,0.0
77,-0.77837366,-0.26044396072781456,0.0,0.0,0.0,0.0
78,-0.806267,-0.26044396072781456,0.0,0.0,0.0,0.0
79,-0.83948874,-0.26044396072781456,0.0,0.0,0.0,0.0
80,-0.8743566,-0.26044396072781456,0.0,0.0,0.0,0.0
81,-0.8988239,0.2248114087385937,0.2248114087385937,0.2248114087385937,0.2248114087385937,0.2248114
82,-0.9403093,2.3789640751470147,2.3789640751470147,2.154152666408421,2.3789640751470147,2.378964
83,-0.98374814,9.367232284469456,5.0,2.6210359248529853,5.0,5.0
84,-1.0,10.75471735256014,5.0,0.0,5.0,5.0
85,-0.60326517,-0.27804336485419184,0.0,0.0,0.0,0.0
86,-0.5808852,-0.27804336485419184,0.0,0.0,0.0,0.0
87,-0.5534238,-0.27804336485419184,0.0,0.0,0.0,0.0
88,-0.5330791,-0.27804336485419184,0.0,0.0,0.0,0.0
89,-0.532819,-0.27804336485419184,0.0,0.0,0.0,0.0
90,-0.5564014,-0.27804336485419184,0.0,0.0,0.0,0.0
91,-0.5880559,-0.27804336485419184,0.0,0.0,0.0,0.0
92,-0.6090327,-0.27804336485419184,0.0,0.0,0.0,0.0
93,-0.61044353,-0.27804336485419184,0.0,0.0,0.0,0.0
94,-0.6039572,-0.27804336485419184,0.0,0.0,0.0,0.0
95,-0.604964,-0.27804336485419184,0.0,0.0,0.0,0.0
96,-0.622411,-0.27804336485419184,0.0,0.0,0.0,0.0
97,-0.652071,-0.27804336485419184,0.0,0.0,0.0,0.0
98,-0.68659616,-0.27633679598270794,0.0,0.0,0.0,0.0
99,-0.7186894,-0.2695518781924655,0.0,0.0,0.0,0.0
100,-0.74117357,-0.26125082407151656,0.0,0.0,0.0,0.0
101,-0.7558961,-0.26125082407151656,0.0,0.0,0.0,0.0
102,-0.79000336,-0.26125082407151656,0.0,0.0,0.0,0.0
103,-0.8306136,-0.26125082407151656,0.0,0.0,0.0,0.0
104,-0.873797,-0.26125082407151656,0.0,0.0,0.0,0.0
105,-0.91565406,1.1025405760947775,1.1025405760947775,1.1025405760947775,1.1025405760947775,1.1025406
106,-0.9522804,6.255015045503332,5.0,3.8974594239052225,5.0,5.0
107,-0.979906,8.609293066098525,5.0,0.0,5.0,5.0
108,-0.99586,10.176569875730054,5.0,0.0,5.0,5.0
109,-1.0,10.583273206772105,5.0,0.0,5.0,5.0
110,-0.62704724,-0.2736109929361972,0.0,0.0,0.0,0.0
111,-0.6594497,-0.2736109929361972,0.0,0.0,0.0,0.0
112,-0.67473954,-0.2736109929361972,0.0,0.0,0.0,0.0
113,-0.6801399,-0.2736109929361972,0.0,0.0,0.0,0.0
114,-0.68630326,-0.2736109929361972,0.0,0.0,0.0,0.0
115,-0.6985558,-0.2736109929361972,0.0,0.0,0.0,0.0
116,-0.710757,-0.2736109929361972,0.0,0.0,0.0,0.0
117,-0.71473545,-0.2736109929361972,0.0,0.0,0.0,0.0
118,-0.7075341,-0.2736109929361972,0.0,0.0,0.0,0.0
119,-0.69734955,-0.27096294676703514,0.0,0.0,0.0,0.0
120,-0.6943707,-0.2664691571270566,0.0,0.0,0.0,0.0
121,-0.70454365,-0.2585812106176192,0.0,0.0,0.0,0.0
122,-0.72501045,-0.2585812106176192,0.0,0.0,0.0,0.0
123,-0.7509183,-0.2585812106176192,0.0,0.0,0.0,0.0
124,-0.77736735,-0.2585812106176192,0.0,0.0,0.0,0.0
125,-0.7993733,-0.2585812106176192,0.0,0.0,0.0,0.0
126,-0.8105505,-0.2585812106176192,0.0,0.0,0.0,0.0
127,-0.80858773,-0.2585812106176192,0.0,0.0,0.0,0.0
128,-0.82150847,-0.2585812106176192,0.0,0.0,0.0,0.0
129,-0.84462523,-0.2585812106176192,0.0,0.0,0.0,0.0
130,-0.87329257,-0.2585812106176192,0.0,0.0,0.0,0.0
131,-0.90283716,0.43019967427519323,0.43019967427519323,0.43019967427519323,0.43019967427519323,0.43019968
132,-0.92905635,1.779822037823051,1.779822037823051,1.3496223635478577,1.779822037823051,1.7798221
133,-0.95170784,6.114824617785719,5.0,3.2201779621769493,5.0,5.0
134,-0.97707933,8.38397142336622,5.0,0.0,5.0,5.0
135,-1.0,10.649784746782965,5.0,0.0,5.0,5.0
136,-0.61276615,-0.27533052602851515,0.0,0.0,0.0,0.0
137,-0.6070345,-0.27533052602851515,0.0,0.0,0.0,0.0
138,-0.60476714,-0.27533052602851515,0.0,0.0,0.0,0.0
139,-0.6051714,-0.27533052602851515,0.0,0.0,0.0,0.0
140,-0.6066138,-0.27533052602851515,0.0,0.0,0.0,0.0
141,-0.60818356,-0.27533052602851515,0.0,0.0,0.0,0.0
142,-0.6104197,-0.27533052602851515,0.0,0.0,0.0,0.0
143,-0.61409557,-0.27533052602851515,0.0,0.0,0.0,0.0
144,-0.6192,-0.270133719000227,0.0,0.0,0.0,0.0
145,-0.62412095,-0.2631822246337106,0.0,0.0,0.0,0.0
146,-0.6273413,-0.2631822246337106,0.0,0.0,0.0,0.0
147,-0.629113,-0.2631822246337106,0.0,0.0,0.0,0.0
148,-0.63257307,-0.2631822246337106,0.0,0.0,0.0,0.0
149,-0.64097446,-0.2631822246337106,0.0,0.0,0.0,0.0
150,-0.65703404,-0.2631822246337106,0.0,0.0,0.0,0.0
151,-0.6832174,-0.2631822246337106,0.0,0.0,0.0,0.0
152,-0.72140336,-0.2631822246337106,0.0,0.0,0.0,0.0
153,-0.7666385,-0.2631822246337106,0.0,0.0,0.0,0.0
154,-0.8010628,-0.2631822246337106,0.0,0.0,0.0,0.0
155,-0.8288694,-0.2631822246337106,0.0,0.0,0.0,0.0
156,-0.8543406,-0.2631822246337106,0.0,0.0,0.0,0.0
157,-0.8818009,-0.2631822246337106,0.0,0.0,0.0,0.0
158,-0.91493124,1.0727455130922776,1.0727455130922776,1.0727455130922776,1.0727455130922776,1.0727456
159,-0.9537825,6.459764003039464,5.0,3.9272544869077226,5.0,5.0
160,-0.98852515,9.511830626735472,5.0,0.0,5.0,5.0
161,-1.0,10.645744289214486,5.0,0.0,5.0,5.0
162,-0.63147205,-0.27522606745642414,0.0,0.0,0.0,0.0
163,-0.61868894,-0.27522606745642414,0.0,0.0,0.0,0.0
164,-0.6016576,-0.27522606745642414,0.0,0.0,0.0,0.0
165,-0.5866122,-0.26716172453716663,0.0,0.0,0.0,0.0
166,-0.58017224,-0.25868459368303715,0.0,0.0,0.0,0.0
167,-0.5847169,-0.25868459368303715,0.0,0.0,0.0,0.0
168,-0.5936478,-0.25868459368303715,0.0,0.0,0.0,0.0
169,-0.5990719,-0.25868459368303715,0.0,0.0,0.0,0.0
170,-0.59853876,-0.25868459368303715,0.0,0.0,0.0,0.0
171,-0.6008958,-0.25868459368303715,0.0,0.0,0.0,0.0
172,-0.6166894,-0.25868459368303715,0.0,0.0,0.0,0.0
173,-0.6510177,-0.25868459368303715,0.0,0.0,0.0,0.0
174,-0.69809324,-0.25868459368303715,0.0,0.0,0.0,0.0
175,-0.7494611,-0.25868459368303715,0.0,0.0,0.0,0.0
176,-0.7966185,-0.25868459368303715,0.0,0.0,0.0,0.0
177,-0.8311203,-0.25868459368303715,0.0,0.0,0.0,0.0
178,-0.8484841,-0.25868459368303715,0.0,0.0,0.0,0.0
179,-0.86065125,-0.25868459368303715,0.0,0.0,0.0,0.0
180,-0.88018596,-0.25868459368303715,0.0,0.0,0.0,0.0
181,-0.9057723,0.5818244791796846,0.5818244791796846,0.5818244791796846,0.5818244791796846,0.5818245
182,-0.93597794,2.135860725107833,2.135860725107833,1.5540362459281485,2.135860725107833,2.1358607
183,-0.9687633,7.845001770093872,5.0,2.864139274892167,5.0,5.0
184,-0.9963068,10.345658481144243,5.0,0.0,5.0,5.0
185,-1.0,10.71291546299876,5.0,0.0,5.0,5.0
186,-0.610319,-0.27696265416232574,0.0,0.0,0.0,0.0
187,-0.61559194,-0.27696265416232574,0.0,0.0,0.0,0.0
188,-0.6191475,-0.27696265416232574,0.0,0.0,0.0,0.0
189,-0.62122893,-0.27696265416232574,0.0,0.0,0.0,0.0
190,-0.62246794,-0.27268179316700186,0.0,0.0,0.0,0.0
191,-0.6242892,-0.266699198605588,0.0,0.0,0.0,0.0
192,-0.63000065,-0.266699198605588,0.0,0.0,0.0,0.0
193,-0.64280057,-0.266699198605588,0.0,0.0,0.0,0.0
194,-0.66306996,-0.266699198605588,0.0,0.0,0.0,0.0
195,-0.68567896,-0.266699198605588,0.0,0.0,0.0,0.0
196,-0.70467883,-0.266699198605588,0.0,0.0,0.0,0.0
197,-0.717603,-0.266699198605588,0.0,0.0,0.0,0.0
198,-0.7293323,-0.266699198605588,0.0,0.0,0.0,0.0
199,-0.7463661,-0.266699198605588,0.0,0.0,0.0,0.0
200,-0.77505445,-0.266699198605588,0.0,0.0,0.0,0.0
201,-0.8216912,-0.266699198605588,0.0,0.0,0.0,0.0
202,-0.883555,-0.266699198605588,0.0,0.0,0.0,0.0
203,-0.93036646,1.9081976171025676,1.9081976171025676,1.9081976171025676,1.9081976171025676,1.9081976
204,-0.96584564,7.744347192170386,5.0,3.0918023828974324,5.0,5.0
205,-0.9905268,9.958604857899218,5.0,0.0,5.0,5.0
206,-1.0,10.918726929536886,5.0,0.0,5.0,5.0
207,-0.5922408,-0.28228352971915427,0.0,0.0,0.0,0.0
208,-0.58225715,-0.28228352971915427,0.0,0.0,0.0,0.0
209,-0.5655949,-0.28228352971915427,0.0,0.0,0.0,0.0
210,-0.5515433,-0.28228352971915427,0.0,0.0,0.0,0.0
211,-0.55019265,-0.28228352971915427,0.0,0.0,0.0,0.0
212,-0.5653778,-0.28228352971915427,0.0,0.0,0.0,0.0
213,-0.58757937,-0.28228352971915427,0.0,0.0,0.0,0.0
214,-0.6048166,-0.28228352971915427,0.0,0.0,0.0,0.0
215,-0.61111754,-0.28228352971915427,0.0,0.0,0.0,0.0
216,-0.6134609,-0.27840714321749205,0.0,0.0,0.0,0.0
217,-0.62145114,-0.27355321144802824,0.0,0.0,0.0,0.0
218,-0.6402106,-0.27355321144802824,0.0,0.0,0.0,0.0
219,-0.66501826,-0.27355321144802824,0.0,0.0,0.0,0.0
220,-0.6886548,-0.27355321144802824,0.0,0.0,0.0,0.0
221,-0.70375776,-0.27355321144802824,0.0,0.0,0.0,0.0
222,-0.70291156,-0.27355321144802824,0.0,0.0,0.0,0.0
223,-0.69092435,-0.27355321144802824,0.0,0.0,0.0,0.0
224,-0.7074407,-0.27355321144802824,0.0,0.0,0.0,0.0
225,-0.7376296,-0.27355321144802824,0.0,0.0,0.0,0.0
226,-0.77541655,-0.27355321144802824,0.0,0.0,0.0,0.0
227,-0.81475896,-0.27355321144802824,0.0,0.0,0.0,0.0
228,-0.8496202,-0.27355321144802824,0.0,0.0,0.0,0.0
229,-0.87450516,-0.27355321144802824,0.0,0.0,0.0,0.0
230,-0.8882885,-0.27355321144802824,0.0,0.0,0.0,0.0
231,-0.89899135,0.24526216591223768,0.24526216591223768,0.24526216591223768,0.24526216591223768,0.24526216
232,-0.91555035,1.1474543423229595,1.1474543423229595,0.9021921764107218,1.1474543423229595,1.1474544
233,-0.9417236,2.564322781221355,2.564322781221355,1.4168684388983954,2.564322781221355,2.564323
234,-0.97048134,8.472198975845433,5.0,2.435677218778645,5.0,5.0
235,-0.9922474,10.568358484356537,5.0,0.0,5.0,5.0
236,-1.0,11.387850138549128,5.0,0.0,5.0,5.0
237,-0.6327321,-0.2944118443265028,0.0,0.0,0.0,0.0
238,-0.63459194,-0.2944118443265028,0.0,0.0,0.0,0.0
239,-0.62613297,-0.2944118443265028,0.0,0.0,0.0,0.0
240,-0.610811,-0.2944118443265028,0.0,0.0,0.0,0.0
241,-0.59395,-0.2944118443265028,0.0,0.0,0.0,0.0
242,-0.5802127,-0.2944118443265028,0.0,0.0,0.0,0.0
243,-0.57285035,-0.2872984578917655,0.0,0.0,0.0,0.0
244,-0.5745785,-0.28028078258737393,0.0,0.0,0.0,0.0
245,-0.5860038,-0.28028078258737393,0.0,0.0,0.0,0.0
246,-0.6032136,-0.28028078258737393,0.0,0.0,0.0,0.0
247,-0.62163043,-0.28028078258737393,0.0,0.0,0.0,0.0
248,-0.6387139,-0.28028078258737393,0.0,0.0,0.0,0.0
249,-0.6553333,-0.28028078258737393,0.0,0.0,0.0,0.0
250,-0.6726617,-0.28028078258737393,0.0,0.0,0.0,0.0
251,-0.6911729,-0.28028078258737393,0.0,0.0,0.0,0.0
252,-0.71091247,-0.28028078258737393,0.0,0.0,0.0,0.0
253,-0.7300239,-0.28028078258737393,0.0,0.0,0.0,0.0
254,-0.7459014,-0.28028078258737393,0.0,0.0,0.0,0.0
255,-0.77621275,-0.28028078258737393,0.0,0.0,0.0,0.0
0,-0.6534317,-0.28028078258737393,0.0,0.0,0.0,0.0
1,-0.6576485,-0.28028078258737393,0.0,0.0,0.0,0.0
2,-0.65983784,-0.28028078258737393,0.0,0.0,0.0,0.0
3,-0.6595805,-0.28028078258737393,0.0,0.0,0.0,0.0
4,-0.6565922,-0.28028078258737393,0.0,0.0,0.0,0.0
5,-0.6511895,-0.28028078258737393,0.0,0.0,0.0,0.0
6,-0.64488524,-0.28028078258737393,0.0,0.0,0.0,0.0
7,-0.6395136,-0.28028078258737393,0.0,0.0,0.0,0.0
8,-0.6368675,-0.28028078258737393,0.0,0.0,0.0,0.0
9,-0.6386715,-0.28028078258737393,0.0,0.0,0.0,0.0
10,-0.64636314,-0.28028078258737393,0.0,0.0,0.0,0.0
11,-0.66004443,-0.28028078258737393,0.0,0.0,0.0,0.0
12,-0.677143,-0.28028078258737393,0.0,0.0,0.0,0.0
13,-0.694441,-0.28028078258737393,0.0,0.0,0.0,0.0
14,-0.70872563,-0.28028078258737393,0.0,0.0,0.0,0.0
15,-0.71679044,-0.28028078258737393,0.0,0.0,0.0,0.0
16,-0.7235893,-0.28028078258737393,0.0,0.0,0.0,0.0
17,-0.7503794,-0.28028078258737393,0.0,0.0,0.0,0.0
18,-0.7630579,-0.28028078258737393,0.0,0.0,0.0,0.0
19,-0.7676525,-0.28028078258737393,0.0,0.0,0.0,0.0
20,-0.770216,-0.28028078258737393,0.0,0.0,0.0,0.0
21,-0.7768276,-0.28028078258737393,0.0,0.0,0.0,0.0
22,-0.7930894,-0.2777056195994043,0.0,0.0,0.0,0.0
23,-0.82063514,-0.27299141626485973,0.0,0.0,0.0,0.0
24,-0.85264,-0.26908230914543835,0.0,0.0,0.0,0.0
25,-0.8807405,-0.265914671718227,0.0,0.0,0.0,0.0
26,-0.9001713,0.35994591336431114,0.35994591336431114,0.35994591336431114,0.35994591336431114,0.35994592
27,-0.91380733,1.1451344272577455,1.1451344272577455,0.7851885138934344,1.1451344272577455,1.1451344
28,-0.9261268,1.8479915211735614,1.8479915211735614,0.7028570939158159,1.8479915211735614,1.8479915
29,-0.9398044,2.6281954716849745,2.6281954716849745,0.7802039505114131,2.6281954716849745,2.6281953
30,-0.9535578,7.089975158823665,5.0,2.3718045283150255,5.0,5.0
31,-0.9653902,8.229277381963781,5.0,0.0,5.0,5.0
32,-0.9751164,9.319721828211927,5.0,0.0,5.0,5.0
33,-0.9863459,10.578716993087756,5.0,0.0,5.0,5.0
34,-0.998866,11.982406812011524,5.0,0.0,5.0,5.0
35,-0.58914703,-0.28103633673892187,0.0,0.0,0.0,0.0
36,-0.59046865,-0.28103633673892187,0.0,0.0,0.0,0.0
37,-0.58045965,-0.28103633673892187,0.0,0.0,0.0,0.0
38,-0.5671305,-0.28103633673892187,0.0,0.0,0.0,0.0
39,-0.5604752,-0.28103633673892187,0.0,0.0,0.0,0.0
40,-0.5653822,-0.28103633673892187,0.0,0.0,0.0,0.0
41,-0.57568085,-0.28103633673892187,0.0,0.0,0.0,0.0
42,-0.5830071,-0.28103633673892187,0.0,0.0,0.0,0.0
43,-0.5831758,-0.28103633673892187,0.0,0.0,0.0,0.0
44,-0.5812083,-0.28103633673892187,0.0,0.0,0.0,0.0
45,-0.58431196,-0.28103633673892187,0.0,0.0,0.0,0.0
46,-0.597409,-0.28103633673892187,0.0,0.0,0.0,0.0
47,-0.62028927,-0.28103633673892187,0.0,0.0,0.0,0.0
48,-0.65129006,-0.28103633673892187,0.0,0.0,0.0,0.0
49,-0.68855745,-0.28103633673892187,0.0,0.0,0.0,0.0
50,-0.730191,-0.28103633673892187,0.0,0.0,0.0,0.0
51,-0.7748521,-0.28103633673892187,0.0,0.0,0.0,0.0
52,-0.8180271,-0.28103633673892187,0.0,0.0,0.0,0.0
53,-0.84079945,-0.28103633673892187,0.0,0.0,0.0,0.0
54,-0.8508882,-0.28103633673892187,0.0,0.0,0.0,0.0
55,-0.8560695,-0.28103633673892187,0.0,0.0,0.0,0.0
56,-0.8641842,-0.28103633673892187,0.0,0.0,0.0,0.0
57,-0.88259673,-0.28078029532053406,0.0,0.0,0.0,0.0
58,-0.91449356,1.125585101898617,1.125585101898617,1.125585101898617,1.125585101898617,1.1255851
59,-0.9540248,6.928399545957781,5.0,3.8744148981013833,5.0,5.0
60,-0.98922414,10.173502650469334,5.0,0.0,5.0,5.0
61,-1.0,11.312943080671925,5.0,0.0,5.0,5.0
62,-0.62297523,-0.2735223092468203,0.0,0.0,0.0,0.0
63,-0.6260973,-0.2735223092468203,0.0,0.0,0.0,0.0
64,-0.6309475,-0.2735223092468203,0.0,0.0,0.0,0.0
65,-0.6324262,-0.2735223092468203,0.0,0.0,0.0,0.0
66,-0.62534547,-0.2735223092468203,0.0,0.0,0.0,0.0
67,-0.6085989,-0.2735223092468203,0.0,0.0,0.0,0.0
68,-0.58967906,-0.2735223092468203,0.0,0.0,0.0,0.0
69,-0.57773215,-0.2735223092468203,0.0,0.0,0.0,0.0
70,-0.5787468,-0.2735223092468203,0.0,0.0,0.0,0.0
71,-0.5923733,-0.2735223092468203,0.0,0.0,0.0,0.0
72,-0.61658573,-0.2735223092468203,0.0,0.0,0.0,0.0
73,-0.6483894,-0.2735223092468203,0.0,0.0,0.0,0.0
74,-0.682977,-0.2735223092468203,0.0,0.0,0.0,0.0
75,-0.7150442,-0.2735223092468203,0.0,0.0,0.0,0.0
76,-0.73924196,-0.2735223092468203,0.0,0.0,0.0,0.0
77,-0.7503048,-0.2735223092468203,0.0,0.0,0.0,0.0
78,-0.7444116,-0.2735223092468203,0.0,0.0,0.0,0.0
79,-0.7331967,-0.2735223092468203,0.0,0.0,0.0,0.0
80,-0.7572171,-0.2735223092468203,0.0,0.0,0.0,0.0
81,-0.8055385,-0.2735223092468203,0.0,0.0,0.0,0.0
82,-0.8667388,-0.27211944746450395,0.0,0.0,0.0,0.0
83,-0.9285428,1.9072738409407926,1.9072738409407926,1.9072738409407926,1.9072738409407926,1.9072739
84,-0.9778128,9.704289731352652,5.0,3.0927261590592074,5.0,5.0
85,-1.0,11.6953122318036,5.0,0.0,5.0,5.0
86,-0.59374535,-0.2714229244100887,0.0,0.0,0.0,0.0
87,-0.59512055,-0.2714229244100887,0.0,0.0,0.0,0.0
88,-0.60326463,-0.2714229244100887,0.0,0.0,0.0,0.0
89,-0.613766,-0.2714229244100887,0.0,0.0,0.0,0.0
90,-0.6193901,-0.2714229244100887,0.0,0.0,0.0,0.0
91,-0.6163234,-0.2714229244100887,0.0,0.0,0.0,0.0
92,-0.6080015,-0.2714229244100887,0.0,0.0,0.0,0.0
93,-0.5994042,-0.2714229244100887,0.0,0.0,0.0,0.0
94,-0.5941255,-0.2714229244100887,0.0,0.0,0.0,0.0
95,-0.5927758,-0.2714229244100887,0.0,0.0,0.0,0.0
96,-0.595226,-0.2714229244100887,0.0,0.0,0.0,0.0
97,-0.6010884,-0.2714229244100887,0.0,0.0,0.0,0.0
98,-0.60943925,-0.2714229244100887,0.0,0.0,0.0,0.0
99,-0.6192157,-0.2714229244100887,0.0,0.0,0.0,0.0
100,-0.62937605,-0.2714229244100887,0.0,0.0,0.0,0.0
101,-0.6389335,-0.2714229244100887,0.0,0.0,0.0,0.0
102,-0.6460223,-0.2714229244100887,0.0,0.0,0.0,0.0
103,-0.6496533,-0.2714229244100887,0.0,0.0,0.0,0.0
104,-0.66313803,-0.2714229244100887,0.0,0.0,0.0,0.0
105,-0.6826918,-0.2714229244100887,0.0,0.0,0.0,0.0
106,-0.70434934,-0.26580555270673434,0.0,0.0,0.0,0.0
107,-0.72393876,-0.25975992342282533,0.0,0.0,0.0,0.0
108,-0.7375131,-0.25975992342282533,0.0,0.0,0.0,0.0
109,-0.7440493,-0.25975992342282533,0.0,0.0,0.0,0.0
110,-0.74893594,-0.25975992342282533,0.0,0.0,0.0,0.0
111,-0.75886744,-0.25975992342282533,0.0,0.0,0.0,0.0
112,-0.77779067,-0.25975992342282533,0.0,0.0,0.0,0.0
113,-0.8036114,-0.25975992342282533,0.0,0.0,0.0,0.0
114,-0.8328057,-0.25975992342282533,0.0,0.0,0.0,0.0
115,-0.8622635,-0.25975992342282533,0.0,0.0,0.0,0.0
116,-0.8898588,-0.23785867163442678,0.0,0.0,0.0,0.0
117,-0.9137594,1.155309729571233,1.155309729571233,1.155309729571233,1.155309729571233,1.1553097
118,-0.9338772,2.308441193023353,2.308441193023353,1.1531314634521201,2.308441193023353,2.3084412
119,-0.9555221,7.348245306404631,5.0,2.691558806976647,5.0,5.0
120,-0.981914,10.045623542150373,5.0,0.0,5.0,5.0
121,-1.0,12.066053303619457,5.0,0.0,5.0,5.0
122,-0.56687,-0.2800270235497037,0.0,0.0,0.0,0.0
123,-0.5677261,-0.2800270235497037,0.0,0.0,0.0,0.0
124,-0.579526,-0.2800270235497037,0.0,0.0,0.0,0.0
125,-0.59436893,-0.2800270235497037,0.0,0.0,0.0,0.0
126,-0.6024635,-0.2800270235497037,0.0,0.0,0.0,0.0
127,-0.5992802,-0.2800270235497037,0.0,0.0,0.0,0.0
128,-0.5913868,-0.2800270235497037,0.0,0.0,0.0,0.0
129,-0.5874799,-0.2800270235497037,0.0,0.0,0.0,0.0
130,-0.59255135,-0.2800270235497037,0.0,0.0,0.0,0.0
131,-0.60378146,-0.2800270235497037,0.0,0.0,0.0,0.0
132,-0.61666656,-0.2773974902160554,0.0,0.0,0.0,0.0
133,-0.62788147,-0.2708281920188569,0.0,0.0,0.0,0.0
134,-0.6366028,-0.2632900224808524,0.0,0.0,0.0,0.0
135,-0.64254314,-0.2632900224808524,0.0,0.0,0.0,0.0
136,-0.6453484,-0.2632900224808524,0.0,0.0,0.0,0.0
137,-0.64462066,-0.2632900224808524,0.0,0.0,0.0,0.0
138,-0.6393053,-0.2632900224808524,0.0,0.0,0.0,0.0
139,-0.6329764,-0.2632900224808524,0.0,0.0,0.0,0.0
140,-0.64969337,-0.2632900224808524,0.0,0.0,0.0,0.0
141,-0.6802523,-0.2632900224808524,0.0,0.0,0.0,0.0
142,-0.7154789,-0.2632900224808524,0.0,0.0,0.0,0.0
143,-0.74620587,-0.2632900224808524,0.0,0.0,0.0,0.0
144,-0.76404345,-0.2632900224808524,0.0,0.0,0.0,0.0
145,-0.76685333,-0.2632900224808524,0.0,0.0,0.0,0.0
146,-0.76577795,-0.2632900224808524,0.0,0.0,0.0,0.0
147,-0.77419865,-0.2632900224808524,0.0,0.0,0.0,0.0
148,-0.79844666,-0.2632900224808524,0.0,0.0,0.0,0.0
149,-0.82990927,-0.2632900224808524,0.0,0.0,0.0,0.0
150,-0.85704315,-0.2632900224808524,0.0,0.0,0.0,0.0
151,-0.8724741,-0.2632900224808524,0.0,0.0,0.0,0.0
152,-0.87755966,-0.2632900224808524,0.0,0.0,0.0,0.0
153,-0.87585604,-0.2632900224808524,0.0,0.0,0.0,0.0
154,-0.872389,-0.2632900224808524,0.0,0.0,0.0,0.0
155,-0.87530935,-0.2632900224808524,0.0,0.0,0.0,0.0
156,-0.8925109,-0.08439836078329233,0.0,0.0,0.0,0.0
157,-0.9260339,1.8962178600481838,1.8962178600481838,1.8962178600481838,1.8962178600481838,1.8962178
158,-0.9664645,8.678034327006062,5.0,3.103782139951816,5.0,5.0
159,-0.99767804,11.80895559647441,5.0,0.0,5.0,5.0
160,-0.62186396,-0.2683144268748407,0.0,0.0,0.0,0.0
161,-0.6168786,-0.2683144268748407,0.0,0.0,0.0,0.0
162,-0.60941815,-0.2683144268748407,0.0,0.0,0.0,0.0
163,-0.59889394,-0.2683144268748407,0.0,0.0,0.0,0.0
164,-0.5851854,-0.2683144268748407,0.0,0.0,0.0,0.0
165,-0.56963974,-0.2683144268748407,0.0,0.0,0.0,0.0
166,-0.55669445,-0.2683144268748407,0.0,0.0,0.0,0.0
167,-0.55124146,-0.2683144268748407,0.0,0.0,0.0,0.0
168,-0.55600876,-0.2683144268748407,0.0,0.0,0.0,0.0
169,-0.5690709,-0.2683144268748407,0.0,0.0,0.0,0.0
170,-0.5874045,-0.2683144268748407,0.0,0.0,0.0,0.0
171,-0.60817385,-0.2683144268748407,0.0,0.0,0.0,0.0
172,-0.6289231,-0.2683144268748407,0.0,0.0,0.0,0.0
173,-0.6472263,-0.2683144268748407,0.0,0.0,0.0,0.0
174,-0.66037625,-0.2683144268748407,0.0,0.0,0.0,0.0
175,-0.6654963,-0.2683144268748407,0.0,0.0,0.0,0.0
176,-0.6663309,-0.2683144268748407,0.0,0.0,0.0,0.0
177,-0.68610936,-0.2683144268748407,0.0,0.0,0.0,0.0
178,-0.7198928,-0.2683144268748407,0.0,0.0,0.0,0.0
179,-0.7620362,-0.2683144268748407,0.0,0.0,0.0,0.0
180,-0.80689317,-0.2683144268748407,0.0,0.0,0.0,0.0
181,-0.84885216,-0.2683144268748407,0.0,0.0,0.0,0.0
182,-0.8827697,-0.2646525737017263,0.0,0.0,0.0,0.0
183,-0.9067278,0.7939923771897964,0.7939923771897964,0.7939923771897964,0.7939923771897964,0.7939924
184,-0.9251893,2.01823539228229,2.01823539228229,1.2242430150924934,2.01823539228229,2.0182354
185,-0.94360244,3.157893055147665,3.157893055147665,1.1396576628653752,3.157893055147665,3.1578932
186,-0.96616066,9.360960301667522,5.0,1.8421069448523348,5.0,5.0
187,-0.98978263,12.101457076763678,5.0,0.0,5.0,5.0
188,-1.0,13.362224656192902,5.0,0.0,5.0,5.0
189,-0.62533826,-0.2749428941603478,0.0,0.0,0.0,0.0
190,-0.62112474,-0.2749428941603478,0.0,0.0,0.0,0.0
191,-0.62219656,-0.2749428941603478,0.0,0.0,0.0,0.0
192,-0.62205905,-0.2749428941603478,0.0,0.0,0.0,0.0
193,-0.61363685,-0.2749428941603478,0.0,0.0,0.0,0.0
194,-0.595673,-0.2749428941603478,0.0,0.0,0.0,0.0
195,-0.5796421,-0.2749428941603478,0.0,0.0,0.0,0.0
196,-0.5790735,-0.2749428941603478,0.0,0.0,0.0,0.0
197,-0.60047436,-0.2749428941603478,0.0,0.0,0.0,0.0
198,-0.63569105,-0.2749428941603478,0.0,0.0,0.0,0.0
199,-0.6735059,-0.2749428941603478,0.0,0.0,0.0,0.0
200,-0.70655394,-0.2749428941603478,0.0,0.0,0.0,0.0
201,-0.7358104,-0.2749428941603478,0.0,0.0,0.0,0.0
202,-0.76427424,-0.2749428941603478,0.0,0.0,0.0,0.0
203,-0.79503286,-0.2749428941603478,0.0,0.0,0.0,0.0
204,-0.83127683,-0.266809252964723,0.0,0.0,0.0,0.0
205,-0.86723936,-0.2597121151168153,0.0,0.0,0.0,0.0
206,-0.8776888,-0.2597121151168153,0.0,0.0,0.0,0.0
207,-0.8953611,0.13179470737728474,0.13179470737728474,0.13179470737728474,0.13179470737728474,0.1317947
208,-0.9164776,1.5374859876414866,1.5374859876414866,1.4056912802642019,1.5374859876414866,1.537486
209,-0.93763417,2.904154428539899,2.904154428539899,1.3666684408984122,2.904154428539899,2.9041543
210,-0.9558032,8.376016585848255,5.0,2.095845571460101,5.0,5.0
211,-0.9685113,9.773581742555663,5.0,0.0,5.0,5.0
212,-0.9761895,10.750714197075213,5.0,0.0,5.0,5.0
213,-0.9852627,11.905371906527572,5.0,0.0,5.0,5.0
214,-0.9979466,13.519528221907954,5.0,0.0,5.0,5.0
215,-0.594019,-0.2835564536881625,0.0,0.0,0.0,0.0
216,-0.60191995,-0.2835564536881625,0.0,0.0,0.0,0.0
217,-0.6047931,-0.2835564536881625,0.0,0.0,0.0,0.0
218,-0.6030628,-0.2835564536881625,0.0,0.0,0.0,0.0
219,-0.5981489,-0.2835564536881625,0.0,0.0,0.0,0.0
220,-0.5914918,-0.2835564536881625,0.0,0.0,0.0,0.0
221,-0.5845573,-0.2835564536881625,0.0,0.0,0.0,0.0
222,-0.578851,-0.2835564536881625,0.0,0.0,0.0,0.0
223,-0.57584614,-0.2835564536881625,0.0,0.0,0.0,0.0
224,-0.57704735,-0.2835564536881625,0.0,0.0,0.0,0.0
225,-0.58423847,-0.2835564536881625,0.0,0.0,0.0,0.0
226,-0.5985898,-0.2835564536881625,0.0,0.0,0.0,0.0
227,-0.61965215,-0.2835564536881625,0.0,0.0,0.0,0.0
228,-0.6465393,-0.2835564536881625,0.0,0.0,0.0,0.0
229,-0.67787254,-0.2835564536881625,0.0,0.0,0.0,0.0
230,-0.71145266,-0.2835564536881625,0.0,0.0,0.0,0.0
231,-0.75247175,-0.2835564536881625,0.0,0.0,0.0,0.0
232,-0.8180933,-0.28178833739931136,0.0,0.0,0.0,0.0
233,-0.8602803,-0.27634936594338566,0.0,0.0,0.0,0.0
234,-0.88637745,-0.269047773882637,0.0,0.0,0.0,0.0
235,-0.9035888,0.6825008281627718,0.6825008281627718,0.6825008281627718,0.6825008281627718,0.68250084
236,-0.9182788,1.6564727498085778,1.6564727498085778,0.973971921645806,1.6564727498085778,1.6564727
237,-0.93674475,2.867983635808966,2.867983635808966,1.2115108860003883,2.867983635808966,2.8679836
238,-0.9631727,9.435620589433,5.0,2.132016364191034,5.0,5.0
239,-0.9910129,12.751371915227416,5.0,0.0,5.0,5.0
240,-1.0,13.905413662150861,5.0,0.0,5.0,5.0
241,-0.5750621,-0.2861196226780013,0.0,0.0,0.0,0.0
242,-0.56469667,-0.2861196226780013,0.0,0.0,0.0,0.0
243,-0.5598083,-0.2861196226780013,0.0,0.0,0.0,0.0
244,-0.5574901,-0.2861196226780013,0.0,0.0,0.0,0.0
245,-0.55388516,-0.2861196226780013,0.0,0.0,0.0,0.0
246,-0.54744166,-0.2861196226780013,0.0,0.0,0.0,0.0
247,-0.5414246,-0.2861196226780013,0.0,0.0,0.0,0.0
248,-0.53985506,-0.2861196226780013,0.0,0.0,0.0,0.0
249,-0.5438712,-0.2861196226780013,0.0,0.0,0.0,0.0
250,-0.5485385,-0.2861196226780013,0.0,0.0,0.0,0.0
251,-0.5479442,-0.2861196226780013,0.0,0.0,0.0,0.0
252,-0.5399881,-0.2861196226780013,0.0,0.0,0.0,0.0
253,-0.53069806,-0.2861196226780013,0.0,0.0,0.0,0.0
254,-0.5280257,-0.2861196226780013,0.0,0.0,0.0,0.0
255,-0.5398214,-0.2861196226780013,0.0,0.0,0.0,0.0
0,-0.64499384,-0.2861196226780013,0.0,0.0,0.0,0.0
1,-0.6350386,-0.2861196226780013,0.0,0.0,0.0,0.0
2,-0.6164889,-0.2861196226780013,0.0,0.0,0.0,0.0
3,-0.59702903,-0.2861196226780013,0.0,0.0,0.0,0.0
4,-0.5853829,-0.2861196226780013,0.0,0.0,0.0,0.0
5,-0.5862334,-0.2861196226780013,0.0,0.0,0.0,0.0
6,-0.5949345,-0.2861196226780013,0.0,0.0,0.0,0.0
7,-0.6049193,-0.2861196226780013,0.0,0.0,0.0,0.0
8,-0.6131379,-0.2861196226780013,0.0,0.0,0.0,0.0
9,-0.624723,-0.2861196226780013,0.0,0.0,0.0,0.0
10,-0.6462538,-0.2861196226780013,0.0,0.0,0.0,0.0
11,-0.68069714,-0.2861196226780013,0.0,0.0,0.0,0.0
12,-0.7234069,-0.2861196226780013,0.0,0.0,0.0,0.0
13,-0.7677615,-0.2861196226780013,0.0,0.0,0.0,0.0
14,-0.8071278,-0.2861196226780013,0.0,0.0,0.0,0.0
15,-0.83500063,-0.2861196226780013,0.0,0.0,0.0,0.0
16,-0.8521566,-0.2861196226780013,0.0,0.0,0.0,0.0
17,-0.8789324,-0.2861196226780013,0.0,0.0,0.0,0.0
18,-0.90187144,0.5092803595478914,0.5092803595478914,0.5092803595478914,0.5092803595478914,0.5092804
19,-0.92235476,1.8195914593744693,1.8195914593744693,1.310311099826578,1.8195914593744693,1.8195915
20,-0.9422356,3.060029534366505,3.060029534366505,1.2404380749920356,3.060029534366505,3.0600295
21,-0.96362495,9.064084087243806,5.0,1.939970465633495,5.0,5.0
22,-0.98627084,11.68438215308093,5.0,0.0,5.0,5.0
23,-1.0,13.38585638927832,5.0,0.0,5.0,5.0
24,-0.6245212,-0.3106568011952163,0.0,0.0,0.0,0.0
25,-0.63512033,-0.3106568011952163,0.0,0.0,0.0,0.0
26,-0.6413296,-0.3106568011952163,0.0,0.0,0.0,0.0
27,-0.6419694,-0.30817853374280113,0.0,0.0,0.0,0.0
28,-0.6368648,-0.3033972883047096,0.0,0.0,0.0,0.0
29,-0.62805057,-0.29900244762453543,0.0,0.0,0.0,0.0
30,-0.6212174,-0.2942264356377735,0.0,0.0,0.0,0.0
31,-0.6223143,-0.2864872201808774,0.0,0.0,0.0,0.0
32,-0.6342897,-0.2864872201808774,0.0,0.0,0.0,0.0
33,-0.65371317,-0.2864872201808774,0.0,0.0,0.0,0.0
34,-0.67554146,-0.2864872201808774,0.0,0.0,0.0,0.0
35,-0.696538,-0.2864872201808774,0.0,0.0,0.0,0.0
36,-0.71795946,-0.2864872201808774,0.0,0.0,0.0,0.0
37,-0.7422275,-0.2864872201808774,0.0,0.0,0.0,0.0
38,-0.77196604,-0.2864872201808774,0.0,0.0,0.0,0.0
39,-0.8099147,-0.2864872201808774,0.0,0.0,0.0,0.0
40,-0.8483085,-0.2864872201808774,0.0,0.0,0.0,0.0
41,-0.85872805,-0.2864872201808774,0.0,0.0,0.0,0.0
42,-0.8856577,-0.2864872201808774,0.0,0.0,0.0,0.0
43,-0.9221832,1.8157295041553252,1.8157295041553252,1.8157295041553252,1.8157295041553252,1.8157295
44,-0.9618617,8.850154719747344,5.0,3.184270495844675,5.0,5.0
45,-0.993952,12.200364627501367,5.0,0.0,5.0,5.0
46,-1.0,12.92404909446746,5.0,0.0,5.0,5.0
47,-0.5826715,-0.2999392518055883,0.0,0.0,0.0,0.0
48,-0.58928835,-0.2999392518055883,0.0,0.0,0.0,0.0
49,-0.58817416,-0.2999392518055883,0.0,0.0,0.0,0.0
50,-0.5842611,-0.2999392518055883,0.0,0.0,0.0,0.0
51,-0.5841724,-0.2999392518055883,0.0,0.0,0.0,0.0
52,-0.5913072,-0.2999392518055883,0.0,0.0,0.0,0.0
53,-0.6020659,-0.2999392518055883,0.0,0.0,0.0,0.0
54,-0.61144364,-0.2999392518055883,0.0,0.0,0.0,0.0
55,-0.6167257,-0.2999392518055883,0.0,0.0,0.0,0.0
56,-0.6200914,-0.2999392518055883,0.0,0.0,0.0,0.0
57,-0.62468725,-0.2999392518055883,0.0,0.0,0.0,0.0
58,-0.63260597,-0.2999392518055883,0.0,0.0,0.0,0.0
59,-0.6437985,-0.2939048860816501,0.0,0.0,0.0,0.0
60,-0.65774083,-0.29198686825415815,0.0,0.0,0.0,0.0
61,-0.67399573,-0.29198686825415815,0.0,0.0,0.0,0.0
62,-0.6922542,-0.29198686825415815,0.0,0.0,0.0,0.0
63,-0.71037513,-0.29198686825415815,0.0,0.0,0.0,0.0
64,-0.7229592,-0.29198686825415815,0.0,0.0,0.0,0.0
65,-0.74014646,-0.29198686825415815,0.0,0.0,0.0,0.0
66,-0.7594141,-0.29198686825415815,0.0,0.0,0.0,0.0
67,-0.7781495,-0.29198686825415815,0.0,0.0,0.0,0.0
68,-0.7937036,-0.29198686825415815,0.0,0.0,0.0,0.0
69,-0.803793,-0.29198686825415815,0.0,0.0,0.0,0.0
70,-0.809119,-0.29198686825415815,0.0,0.0,0.0,0.0
71,-0.81667864,-0.29198686825415815,0.0,0.0,0.0,0.0
72,-0.83445877,-0.29198686825415815,0.0,0.0,0.0,0.0
73,-0.8663882,-0.29198686825415815,0.0,0.0,0.0,0.0
74,-0.9075008,0.888569704967552,0.888569704967552,0.888569704967552,0.888569704967552,0.8885697
75,-0.95033175,7.648863470409598,5.0,4.111430295032448,5.0,5.0
76,-0.98588,11.145170340905652,5.0,0.0,5.0,5.0
77,-1.0,12.821267873192502,5.0,0.0,5.0,5.0
78,-0.6121308,-0.29755392176052736,0.0,0.0,0.0,0.0
79,-0.61549544,-0.29755392176052736,0.0,0.0,0.0,0.0
80,-0.6072519,-0.29755392176052736,0.0,0.0,0.0,0.0
81,-0.59593505,-0.29755392176052736,0.0,0.0,0.0,0.0
82,-0.59300965,-0.29755392176052736,0.0,0.0,0.0,0.0
83,-0.6047457,-0.29755392176052736,0.0,0.0,0.0,0.0
84,-0.6257671,-0.28981917684734615,0.0,0.0,0.0,0.0
85,-0.64797676,-0.28343449377808394,0.0,0.0,0.0,0.0
86,-0.66607845,-0.28343449377808394,0.0,0.0,0.0,0.0
87,-0.68135506,-0.28343449377808394,0.0,0.0,0.0,0.0
88,-0.69649297,-0.28343449377808394,0.0,0.0,0.0,0.0
89,-0.71337885,-0.28343449377808394,0.0,0.0,0.0,0.0
90,-0.7321948,-0.28343449377808394,0.0,0.0,0.0,0.0
91,-0.75271773,-0.28343449377808394,0.0,0.0,0.0,0.0
92,-0.7747538,-0.28343449377808394,0.0,0.0,0.0,0.0
93,-0.798168,-0.28343449377808394,0.0,0.0,0.0,0.0
94,-0.8188444,-0.28343449377808394,0.0,0.0,0.0,0.0
95,-0.82893157,-0.28343449377808394,0.0,0.0,0.0,0.0
96,-0.86022085,-0.28343449377808394,0.0,0.0,0.0,0.0
97,-0.904208,0.653112114698193,0.653112114698193,0.653112114698193,0.653112114698193,0.6531121
98,-0.95221597,7.6810119718930645,5.0,4.346887885301807,5.0,5.0
99,-0.9911697,11.389479199430772,5.0,0.0,5.0,5.0
100,-1.0,12.4035205791224,5.0,0.0,5.0,5.0
101,-0.4820901,-0.23786850299269038,0.0,0.0,0.0,0.0
102,-0.4772265,-0.2219109274628705,0.0,0.0,0.0,0.0
103,-0.5049686,-0.2878589097784982,0.0,0.0,0.0,0.0
104,-0.5488478,-0.2878589097784982,0.0,0.0,0.0,0.0
105,-0.5877351,-0.2878589097784982,0.0,0.0,0.0,0.0
106,-0.60867244,-0.2878589097784982,0.0,0.0,0.0,0.0
107,-0.61600995,-0.2878589097784982,0.0,0.0,0.0,0.0
108,-0.6177742,-0.2878589097784982,0.0,0.0,0.0,0.0
109,-0.61896145,-0.2878589097784982,0.0,0.0,0.0,0.0
110,-0.61813515,-0.2878589097784982,0.0,0.0,0.0,0.0
111,-0.6126397,-0.2878589097784982,0.0,0.0,0.0,0.0
112,-0.60234076,-0.2878589097784982,0.0,0.0,0.0,0.0
113,-0.59248155,-0.2878589097784982,0.0,0.0,0.0,0.0
114,-0.5895609,-0.2878589097784982,0.0,0.0,0.0,0.0
115,-0.6000256,-0.2878589097784982,0.0,0.0,0.0,0.0
116,-0.63026696,-0.2878589097784982,0.0,0.0,0.0,0.0
117,-0.66941255,-0.2878589097784982,0.0,0.0,0.0,0.0
118,-0.6675012,-0.2818504416178149,0.0,0.0,0.0,0.0
119,-0.67939705,-0.27581233671961203,0.0,0.0,0.0,0.0
120,-0.70065814,-0.2677019201861365,0.0,0.0,0.0,0.0
121,-0.726746,-0.2677019201861365,0.0,0.0,0.0,0.0
122,-0.7530047,-0.2677019201861365,0.0,0.0,0.0,0.0
123,-0.7749822,-0.2677019201861365,0.0,0.0,0.0,0.0
124,-0.79048675,-0.2677019201861365,0.0,0.0,0.0,0.0
125,-0.8022101,-0.2677019201861365,0.0,0.0,0.0,0.0
126,-0.81379473,-0.2677019201861365,0.0,0.0,0.0,0.0
127,-0.82720953,-0.2677019201861365,0.0,0.0,0.0,0.0
128,-0.8408516,-0.2677019201861365,0.0,0.0,0.0,0.0
129,-0.8525321,-0.2677019201861365,0.0,0.0,0.0,0.0
130,-0.86159253,-0.2677019201861365,0.0,0.0,0.0,0.0
131,-0.870495,-0.2677019201861365,0.0,0.0,0.0,0.0
132,-0.88229823,-0.2677019201861365,0.0,0.0,0.0,0.0
133,-0.8991659,0.3139691863649587,0.3139691863649587,0.3139691863649587,0.3139691863649587,0.3139692
134,-0.92135036,1.6445379468094041,1.6445379468094041,1.3305687604444454,1.6445379468094041,1.6445379
135,-0.9482401,6.728967381421928,5.0,3.355462053190596,5.0,5.0
136,-0.977683,9.678867771491515,5.0,0.0,5.0,5.0
137,-1.0,12.199527472727919,5.0,0.0,5.0,5.0
138,-0.58093655,-0.2831246705893534,0.0,0.0,0.0,0.0
139,-0.570634,-0.2831246705893534,0.0,0.0,0.0,0.0
140,-0.55381054,-0.2831246705893534,0.0,0.0,0.0,0.0
141,-0.53909546,-0.2831246705893534,0.0,0.0,0.0,0.0
142,-0.53656477,-0.2831246705893534,0.0,0.0,0.0,0.0
143,-0.5502098,-0.2831246705893534,0.0,0.0,0.0,0.0
144,-0.5708772,-0.2831246705893534,0.0,0.0,0.0,0.0
145,-0.587029,-0.2831246705893534,0.0,0.0,0.0,0.0
146,-0.5927448,-0.2831246705893534,0.0,0.0,0.0,0.0
147,-0.59402966,-0.2831246705893534,0.0,0.0,0.0,0.0
148,-0.5992068,-0.2831246705893534,0.0,0.0,0.0,0.0
149,-0.61310804,-0.2831246705893534,0.0,0.0,0.0,0.0
150,-0.633263,-0.2831246705893534,0.0,0.0,0.0,0.0
151,-0.6554251,-0.2831246705893534,0.0,0.0,0.0,0.0
152,-0.6753121,-0.2831246705893534,0.0,0.0,0.0,0.0
153,-0.688654,-0.2831246705893534,0.0,0.0,0.0,0.0
154,-0.69584095,-0.2831246705893534,0.0,0.0,0.0,0.0
155,-0.71164477,-0.2831246705893534,0.0,0.0,0.0,0.0
156,-0.73426133,-0.2831246705893534,0.0,0.0,0.0,0.0
157,-0.76360667,-0.2831246705893534,0.0,0.0,0.0,0.0
158,-0.7997853,-0.27533115818252263,0.0,0.0,0.0,0.0
159,-0.84290755,-0.26785704250242137,0.0,0.0,0.0,0.0
160,-0.89268607,-0.07533542008400672,0.0,0.0,0.0,0.0
161,-0.94647294,3.157639052970672,3.157639052970672,3.157639052970672,3.157639052970672,3.157639
162,-0.99069244,11.311250781265148,5.0,1.842360947029328,5.0,5.0
163,-1.0,12.191136968497814,5.0,0.0,5.0,5.0
164,-0.50036216,-0.2829299451172778,0.0,0.0,0.0,0.0
165,-0.5281381,-0.2829299451172778,0.0,0.0,0.0,0.0
166,-0.5363265,-0.2829299451172778,0.0,0.0,0.0,0.0
167,-0.5356603,-0.2829299451172778,0.0,0.0,0.0,0.0
168,-0.5411848,-0.2829299451172778,0.0,0.0,0.0,0.0
169,-0.56083685,-0.2829299451172778,0.0,0.0,0.0,0.0
170,-0.587468,-0.2829299451172778,0.0,0.0,0.0,0.0
171,-0.6108252,-0.2829299451172778,0.0,0.0,0.0,0.0
172,-0.62444365,-0.2829299451172778,0.0,0.0,0.0,0.0
173,-0.6300423,-0.2829299451172778,0.0,0.0,0.0,0.0
174,-0.6312648,-0.2829299451172778,0.0,0.0,0.0,0.0
175,-0.63181865,-0.2829299451172778,0.0,0.0,0.0,0.0
176,-0.63539064,-0.2829299451172778,0.0,0.0,0.0,0.0
177,-0.6455103,-0.2829299451172778,0.0,0.0,0.0,0.0
178,-0.66556925,-0.2829299451172778,0.0,0.0,0.0,0.0
179,-0.6989304,-0.2829299451172778,0.0,0.0,0.0,0.0
180,-0.7421656,-0.2829299451172778,0.0,0.0,0.0,0.0
181,-0.7709399,-0.2829299451172778,0.0,0.0,0.0,0.0
182,-0.7873296,-0.2829299451172778,0.0,0.0,0.0,0.0
183,-0.79490596,-0.2829299451172778,0.0,0.0,0.0,0.0
184,-0.7971403,-0.2784366868255833,0.0,0.0,0.0,0.0
185,-0.7975035,-0.2722252809299863,0.0,0.0,0.0,0.0
186,-0.7996215,-0.2662696602439513,0.0,0.0,0.0,0.0
187,-0.80768055,-0.2583301174776076,0.0,0.0,0.0,0.0
188,-0.8268625,-0.2583301174776076,0.0,0.0,0.0,0.0
189,-0.8618791,-0.2583301174776076,0.0,0.0,0.0,0.0
190,-0.9095327,0.9039342140084776,0.9039342140084776,0.9039342140084776,0.9039342140084776,0.90393424
191,-0.9489944,6.616743091332588,5.0,4.096065785991522,5.0,5.0
192,-0.95751214,7.022603182791042,5.0,0.0,5.0,5.0
193,-0.929367,1.868690889216176,1.868690889216176,0,5.0,5.0
194,-0.89486307,0.019646845237542045,0.019646845237542045,0,5.0,5.0
195,-0.89046246,-0.21617869708740578,0.0,0,5.0,5.0
196,-0.9338103,2.1068053625466128,2.1068053625466128,0,5.0,5.0
197,-0.99086416,10.597226516142388,5.0,0.0,5.0,5.0
198,-1.0,11.576396756969585,5.0,0.0,5.0,5.0
199,-0.59669536,-0.2686631532045546,0.0,0.0,0.0,0.0
200,-0.5924561,-0.2686631532045546,0.0,0.0,0.0,0.0
201,-0.5840966,-0.2686631532045546,0.0,0.0,0.0,0.0
202,-0.5762816,-0.2686631532045546,0.0,0.0,0.0,0.0
203,-0.57406694,-0.2686631532045546,0.0,0.0,0.0,0.0
204,-0.58008593,-0.2686631532045546,0.0,0.0,0.0,0.0
205,-0.5913355,-0.2686631532045546,0.0,0.0,0.0,0.0
206,-0.60360897,-0.2686631532045546,0.0,0.0,0.0,0.0
207,-0.61514586,-0.2686631532045546,0.0,0.0,0.0,0.0
208,-0.63013566,-0.26784102200827203,0.0,0.0,0.0,0.0
209,-0.6535716,-0.261232330063572,0.0,0.0,0.0,0.0
210,-0.6875358,-0.25468521081186873,0.0,0.0,0.0,0.0
211,-0.7283032,-0.24633718341681957,0.0,0.0,0.0,0.0
212,-0.7709185,-0.24633718341681957,0.0,0.0,0.0,0.0
213,-0.8105601,-0.24633718341681957,0.0,0.0,0.0,0.0
214,-0.8424898,-0.24633718341681957,0.0,0.0,0.0,0.0
215,-0.8644797,-0.24633718341681957,0.0,0.0,0.0,0.0
216,-0.8851218,-0.24633718341681957,0.0,0.0,0.0,0.0
217,-0.9136445,1.0892592149260567,1.0892592149260567,1.0892592149260567,1.0892592149260567,1.0892593
218,-0.9464345,2.883365644932743,2.883365644932743,1.7941064300066865,2.883365644932743,2.8833656
219,-0.97902846,9.477288302733818,5.0,2.116634355067257,5.0,5.0
220,-1.0,11.543173248650534,5.0,0.0,5.0,5.0
221,-0.62194175,-0.26789210736940383,0.0,0.0,0.0,0.0
222,-0.6119526,-0.26789210736940383,0.0,0.0,0.0,0.0
223,-0.6048142,-0.26789210736940383,0.0,0.0,0.0,0.0
224,-0.6021818,-0.26789210736940383,0.0,0.0,0.0,0.0
225,-0.6052612,-0.26789210736940383,0.0,0.0,0.0,0.0
226,-0.61391693,-0.26789210736940383,0.0,0.0,0.0,0.0
227,-0.6243355,-0.26789210736940383,0.0,0.0,0.0,0.0
228,-0.6320162,-0.26789210736940383,0.0,0.0,0.0,0.0
229,-0.63519263,-0.26789210736940383,0.0,0.0,0.0,0.0
230,-0.6380526,-0.26789210736940383,0.0,0.0,0.0,0.0
231,-0.64602554,-0.26789210736940383,0.0,0.0,0.0,0.0
232,-0.6627916,-0.26789210736940383,0.0,0.0,0.0,0.0
233,-0.6882322,-0.26789210736940383,0.0,0.0,0.0,0.0
234,-0.7210522,-0.26789210736940383,0.0,0.0,0.0,0.0
235,-0.75976795,-0.26789210736940383,0.0,0.0,0.0,0.0
236,-0.80291545,-0.26410200055759475,0.0,0.0,0.0,0.0
237,-0.8504983,-0.259023072387562,0.0,0.0,0.0,0.0
238,-0.90192777,0.4178003875582672,0.4178003875582672,0.4178003875582672,0.4178003875582672,0.4178004
239,-0.93855006,2.4456594189655125,2.4456594189655125,2.027859031407245,2.4456594189655125,2.4456594
240,-0.96468014,7.865062603589575,5.0,2.5543405810344875,5.0,5.0
241,-0.9851178,9.803353390955499,5.0,0.0,5.0,5.0
242,-1.0,11.369966463895562,5.0,0.0,5.0,5.0
243,-0.61201954,-0.2638723521791131,0.0,0.0,0.0,0.0
244,-0.6014153,-0.2638723521791131,0.0,0.0,0.0,0.0
245,-0.60426414,-0.2638723521791131,0.0,0.0,0.0,0.0
246,-0.6134226,-0.2638723521791131,0.0,0.0,0.0,0.0
247,-0.61860085,-0.2638723521791131,0.0,0.0,0.0,0.0
248,-0.6144666,-0.2638723521791131,0.0,0.0,0.0,0.0
249,-0.6062986,-0.2638723521791131,0.0,0.0,0.0,0.0
250,-0.6018062,-0.2638723521791131,0.0,0.0,0.0,0.0
251,-0.6061804,-0.2638723521791131,0.0,0.0,0.0,0.0
252,-0.61895263,-0.2638723521791131,0.0,0.0,0.0,0.0
253,-0.638124,-0.2638723521791131,0.0,0.0,0.0,0.0
254,-0.6611424,-0.2638723521791131,0.0,0.0,0.0,0.0
255,-0.6845069,-0.2638723521791131,0.0,0.0,0.0,0.0
0,-0.6061745,-0.2638723521791131,0.0,0.0,0.0,0.0
1,-0.6031072,-0.2638723521791131,0.0,0.0,0.0,0.0
2,-0.59514266,-0.2638723521791131,0.0,0.0,0.0,0.0
3,-0.58334535,-0.2638723521791131,0.0,0.0,0.0,0.0
4,-0.56994265,-0.2638723521791131,0.0,0.0,0.0,0.0
5,-0.55777717,-0.2638723521791131,0.0,0.0,0.0,0.0
6,-0.55079937,-0.2638723521791131,0.0,0.0,0.0,0.0
7,-0.55275446,-0.2638723521791131,0.0,0.0,0.0,0.0
8,-0.56422025,-0.2638723521791131,0.0,0.0,0.0,0.0
9,-0.57916653,-0.2638723521791131,0.0,0.0,0.0,0.0
10,-0.5903823,-0.2638723521791131,0.0,0.0,0.0,0.0
11,-0.5938116,-0.2638723521791131,0.0,0.0,0.0,0.0
12,-0.5921225,-0.2638723521791131,0.0,0.0,0.0,0.0
13,-0.5895467,-0.2638723521791131,0.0,0.0,0.0,0.0
14,-0.5903153,-0.2638723521791131,0.0,0.0,0.0,0.0
15,-0.5987237,-0.2638723521791131,0.0,0.0,0.0,0.0
16,-0.6226375,-0.2638723521791131,0.0,0.0,0.0,0.0
17,-0.6674457,-0.2638723521791131,0.0,0.0,0.0,0.0
18,-0.68715423,-0.2638723521791131,0.0,0.0,0.0,0.0
19,-0.6907099,-0.26097946423264945,0.0,0.0,0.0,0.0
20,-0.6871113,-0.2547200054222725,0.0,0.0,0.0,0.0
21,-0.6854493,-0.24865316315210348,0.0,0.0,0.0,0.0
22,-0.6943164,-0.2405774578488827,0.0,0.0,0.0,0.0
23,-0.7173741,-0.2405774578488827,0.0,0.0,0.0,0.0
24,-0.7478587,-0.2405774578488827,0.0,0.0,0.0,0.0
25,-0.7771468,-0.2405774578488827,0.0,0.0,0.0,0.0
26,-0.801449,-0.2405774578488827,0.0,0.0,0.0,0.0
27,-0.8273899,-0.2405774578488827,0.0,0.0,0.0,0.0
28,-0.8631951,-0.2405774578488827,0.0,0.0,0.0,0.0
29,-0.9109458,0.9181004369485061,0.9181004369485061,0.9181004369485061,0.9181004369485061,0.9181004
30,-0.9610739,7.464564784508724,5.0,4.081899563051494,5.0,5.0
31,-0.9973431,10.622482119116665,5.0,0.0,5.0,5.0
32,-0.5473827,-0.2527419110453234,0.0,0.0,0.0,0.0
33,-0.5456063,-0.2527419110453234,0.0,0.0,0.0,0.0
34,-0.5574657,-0.2527419110453234,0.0,0.0,0.0,0.0
35,-0.5760291,-0.2527419110453234,0.0,0.0,0.0,0.0
36,-0.59248066,-0.2527419110453234,0.0,0.0,0.0,0.0
37,-0.6027201,-0.2527419110453234,0.0,0.0,0.0,0.0
38,-0.61201227,-0.2527419110453234,0.0,0.0,0.0,0.0
39,-0.6269696,-0.2527419110453234,0.0,0.0,0.0,0.0
40,-0.6513833,-0.2527419110453234,0.0,0.0,0.0,0.0
41,-0.6839926,-0.2527419110453234,0.0,0.0,0.0,0.0
42,-0.7223157,-0.2527419110453234,0.0,0.0,0.0,0.0
43,-0.76380104,-0.2527419110453234,0.0,0.0,0.0,0.0
44,-0.8057044,-0.24520321730590702,0.0,0.0,0.0,0.0
45,-0.8453319,-0.23616976575819482,0.0,0.0,0.0,0.0
46,-0.88010395,-0.23616976575819482,0.0,0.0,0.0,0.0
47,-0.90741664,0.7142472204756996,0.7142472204756996,0.7142472204756996,0.7142472204756996,0.7142472
48,-0.9279358,1.7951914224108385,1.7951914224108385,1.080944201935139,1.7951914224108385,1.7951914
49,-0.95346826,6.503225408434933,5.0,3.2048085775891613,5.0,5.0
50,-0.9806871,8.997286425763875,5.0,0.0,5.0,5.0
51,-1.0,10.95635316768162,5.0,0.0,5.0,5.0
52,-0.576165,-0.2542732813541377,0.0,0.0,0.0,0.0
53,-0.5842312,-0.2542732813541377,0.0,0.0,0.0,0.0
54,-0.59501696,-0.2542732813541377,0.0,0.0,0.0,0.0
55,-0.6064508,-0.2542732813541377,0.0,0.0,0.0,0.0
56,-0.61620003,-0.2542732813541377,0.0,0.0,0.0,0.0
57,-0.62337047,-0.2542732813541377,0.0,0.0,0.0,0.0
58,-0.63006043,-0.2542732813541377,0.0,0.0,0.0,0.0
59,-0.63873816,-0.2542732813541377,0.0,0.0,0.0,0.0
60,-0.6493664,-0.2542732813541377,0.0,0.0,0.0,0.0
61,-0.6566984,-0.2542732813541377,0.0,0.0,0.0,0.0
62,-0.65492755,-0.2542732813541377,0.0,0.0,0.0,0.0
63,-0.6423432,-0.2542732813541377,0.0,0.0,0.0,0.0
64,-0.62507236,-0.2542732813541377,0.0,0.0,0.0,0.0
65,-0.6107289,-0.2542732813541377,0.0,0.0,0.0,0.0
66,-0.60654765,-0.2542732813541377,0.0,0.0,0.0,0.0
67,-0.61950034,-0.2542732813541377,0.0,0.0,0.0,0.0
68,-0.64538884,-0.2542732813541377,0.0,0.0,0.0,0.0
69,-0.655646,-0.2542732813541377,0.0,0.0,0.0,0.0
70,-0.6887047,-0.2542732813541377,0.0,0.0,0.0,0.0
71,-0.73400533,-0.2542732813541377,0.0,0.0,0.0,0.0
72,-0.781051,-0.2542732813541377,0.0,0.0,0.0,0.0
73,-0.81941974,-0.2542732813541377,0.0,0.0,0.0,0.0
74,-0.8397888,-0.2542732813541377,0.0,0.0,0.0,0.0
75,-0.84103054,-0.24974305521239618,0.0,0.0,0.0,0.0
76,-0.8393441,-0.24246603825381238,0.0,0.0,0.0,0.0
77,-0.8537864,-0.24246603825381238,0.0,0.0,0.0,0.0
78,-0.89330137,-0.0347145122505707,0.0,0.0,0.0,0.0
79,-0.94530183,2.794596903374506,2.794596903374506,2.794596903374506,2.794596903374506,2.794597
80,-0.9887651,10.21769504725792,5.0,2.205403096625494,5.0,5.0
81,-1.0,11.18828702535474,5.0,0.0,5.0,5.0
82,-0.54796314,-0.2596559650030754,0.0,0.0,0.0,0.0
83,-0.5521042,-0.2596559650030754,0.0,0.0,0.0,0.0
84,-0.58166575,-0.2596559650030754,0.0,0.0,0.0,0.0
85,-0.6207084,-0.2596559650030754,0.0,0.0,0.0,0.0
86,-0.6490589,-0.2596559650030754,0.0,0.0,0.0,0.0
87,-0.65551347,-0.2596559650030754,0.0,0.0,0.0,0.0
88,-0.64777845,-0.2596559650030754,0.0,0.0,0.0,0.0
89,-0.6374747,-0.2596559650030754,0.0,0.0,0.0,0.0
90,-0.6323983,-0.2596559650030754,0.0,0.0,0.0,0.0
91,-0.63242286,-0.2596559650030754,0.0,0.0,0.0,0.0
92,-0.63583565,-0.2596559650030754,0.0,0.0,0.0,0.0
93,-0.64148754,-0.2596559650030754,0.0,0.0,0.0,0.0
94,-0.649164,-0.2596559650030754,0.0,0.0,0.0,0.0
95,-0.6587218,-0.2596559650030754,0.0,0.0,0.0,0.0
96,-0.6698192,-0.2596559650030754,0.0,0.0,0.0,0.0
97,-0.68195605,-0.2596559650030754,0.0,0.0,0.0,0.0
98,-0.69760424,-0.256104282801295,0.0,0.0,0.0,0.0
99,-0.72640324,-0.25042283404128085,0.0,0.0,0.0,0.0
100,-0.7593856,-0.25042283404128085,0.0,0.0,0.0,0.0
101,-0.794532,-0.25042283404128085,0.0,0.0,0.0,0.0
102,-0.82991385,-0.25042283404128085,0.0,0.0,0.0,0.0
103,-0.8637142,-0.25042283404128085,0.0,0.0,0.0,0.0
104,-0.89429986,0.020256674561547065,0.020256674561547065,0.020256674561547065,0.020256674561547065,0.020256674
105,-0.92057014,1.4964294942034553,1.4964294942034553,1.4761728196419082,1.4964294942034553,1.4964294
106,-0.9422458,2.6823805337868034,2.6823805337868034,1.1859510395833481,2.6823805337868034,2.6823804
107,-0.9587442,7.416520526112071,5.0,2.3176194662131966,5.0,5.0
108,-0.9709158,8.562547843975013,5.0,0.0,5.0,5.0
109,-0.98256046,9.825856483607916,5.0,0.0,5.0,5.0
110,-0.9951216,11.188589018729353,5.0,0.0,5.0,5.0
111,-1.0,11.717841139045868,5.0,0.0,5.0,5.0
112,-0.6061747,-0.27194577166429296,0.0,0.0,0.0,0.0
113,-0.60311574,-0.27194577166429296,0.0,0.0,0.0,0.0
114,-0.5952255,-0.27194577166429296,0.0,0.0,0.0,0.0
115,-0.58372056,-0.27194577166429296,0.0,0.0,0.0,0.0
116,-0.5709695,-0.27194577166429296,0.0,0.0,0.0,0.0
117,-0.55980814,-0.27194577166429296,0.0,0.0,0.0,0.0
118,-0.5540791,-0.27194577166429296,0.0,0.0,0.0,0.0
119,-0.557409,-0.27194577166429296,0.0,0.0,0.0,0.0
120,-0.5702801,-0.27194577166429296,0.0,0.0,0.0,0.0
121,-0.58658785,-0.27194577166429296,0.0,0.0,0.0,0.0
122,-0.59906167,-0.27194577166429296,0.0,0.0,0.0,0.0
123,-0.60358936,-0.27194577166429296,0.0,0.0,0.0,0.0
124,-0.6027986,-0.27194577166429296,0.0,0.0,0.0,0.0
125,-0.6009006,-0.27194577166429296,0.0,0.0,0.0,0.0
126,-0.60211295,-0.27194577166429296,0.0,0.0,0.0,0.0
127,-0.6107051,-0.27194577166429296,0.0,0.0,0.0,0.0
128,-0.6345049,-0.27194577166429296,0.0,0.0,0.0,0.0
129,-0.6789871,-0.27194577166429296,0.0,0.0,0.0,0.0
130,-0.6985149,-0.27194577166429296,0.0,0.0,0.0,0.0
131,-0.7025398,-0.27194577166429296,0.0,0.0,0.0,0.0
132,-0.7005059,-0.27194577166429296,0.0,0.0,0.0,0.0
133,-0.7015802,-0.27194577166429296,0.0,0.0,0.0,0.0
134,-0.71396637,-0.27003399140975554,0.0,0.0,0.0,0.0
135,-0.7408023,-0.2636160577602859,0.0,0.0,0.0,0.0
136,-0.77486664,-0.25583323370751976,0.0,0.0,0.0,0.0
137,-0.8071602,-0.25583323370751976,0.0,0.0,0.0,0.0
138,-0.8336827,-0.25583323370751976,0.0,0.0,0.0,0.0
139,-0.8607798,-0.25583323370751976,0.0,0.0,0.0,0.0
140,-0.8959486,0.11534444690721815,0.11534444690721815,0.11534444690721815,0.11534444690721815,0.11534445
141,-0.94141144,2.7249072858310472,2.7249072858310472,2.609562838923829,2.7249072858310472,2.7249074
142,-0.9841671,10.283031515148025,5.0,2.2750927141689528,5.0,5.0
143,-1.0,11.780175119763065,5.0,0.0,5.0,5.0
144,-0.58460456,-0.2733924086587612,0.0,0.0,0.0,0.0
145,-0.5872884,-0.2733924086587612,0.0,0.0,0.0,0.0
146,-0.5964879,-0.2733924086587612,0.0,0.0,0.0,0.0
147,-0.6057279,-0.2733924086587612,0.0,0.0,0.0,0.0
148,-0.6075768,-0.2733924086587612,0.0,0.0,0.0,0.0
149,-0.59980947,-0.2733924086587612,0.0,0.0,0.0,0.0
150,-0.59138644,-0.2733924086587612,0.0,0.0,0.0,0.0
151,-0.59349966,-0.2733924086587612,0.0,0.0,0.0,0.0
152,-0.61135125,-0.2733924086587612,0.0,0.0,0.0,0.0
153,-0.63692516,-0.2733924086587612,0.0,0.0,0.0,0.0
154,-0.6594789,-0.2733924086587612,0.0,0.0,0.0,0.0
155,-0.6728046,-0.2733924086587612,0.0,0.0,0.0,0.0
156,-0.6807116,-0.2733924086587612,0.0,0.0,0.0,0.0
157,-0.68917334,-0.2733924086587612,0.0,0.0,0.0,0.0
158,-0.7040277,-0.2733924086587612,0.0,0.0,0.0,0.0
159,-0.73110765,-0.2733924086587612,0.0,0.0,0.0,0.0
160,-0.7683188,-0.2733924086587612,0.0,0.0,0.0,0.0
161,-0.7915762,-0.2733924086587612,0.0,0.0,0.0,0.0
162,-0.81378335,-0.26562206528543914,0.0,0.0,0.0,0.0
163,-0.8365611,-0.25768266275492513,0.0,0.0,0.0,0.0
164,-0.8616145,-0.25768266275492513,0.0,0.0,0.0,0.0
165,-0.89071345,-0.18653741491081854,0.0,0.0,0.0,0.0
166,-0.9253244,1.8148062722894749,1.8148062722894749,1.8148062722894749,1.8148062722894749,1.8148062
167,-0.96472263,8.31295499661751,5.0,3.185193727710525,5.0,5.0
168,-0.9976612,11.52106032508753,5.0,0.0,5.0,5.0
169,-0.6067677,-0.2732968686679882,0.0,0.0,0.0,0.0
170,-0.59554386,-0.2732968686679882,0.0,0.0,0.0,0.0
171,-0.5861232,-0.2732968686679882,0.0,0.0,0.0,0.0
172,-0.5804785,-0.2732968686679882,0.0,0.0,0.0,0.0
173,-0.58035123,-0.2732968686679882,0.0,0.0,0.0,0.0
174,-0.5860483,-0.2732968686679882,0.0,0.0,0.0,0.0
175,-0.5947666,-0.2732968686679882,0.0,0.0,0.0,0.0
176,-0.60307455,-0.2732968686679882,0.0,0.0,0.0,0.0
177,-0.60871917,-0.2732968686679882,0.0,0.0,0.0,0.0
178,-0.611996,-0.2732968686679882,0.0,0.0,0.0,0.0
179,-0.6138138,-0.2732968686679882,0.0,0.0,0.0,0.0
180,-0.6153295,-0.2732968686679882,0.0,0.0,0.0,0.0
181,-0.61829084,-0.2732968686679882,0.0,0.0,0.0,0.0
182,-0.62454706,-0.2732968686679882,0.0,0.0,0.0,0.0
183,-0.6359218,-0.2732968686679882,0.0,0.0,0.0,0.0
184,-0.6542204,-0.2732968686679882,0.0,0.0,0.0,0.0
185,-0.6783209,-0.2732968686679882,0.0,0.0,0.0,0.0
186,-0.6988099,-0.2732968686679882,0.0,0.0,0.0,0.0
187,-0.7190531,-0.2732968686679882,0.0,0.0,0.0,0.0
188,-0.7399867,-0.2732968686679882,0.0,0.0,0.0,0.0
189,-0.7625551,-0.2732968686679882,0.0,0.0,0.0,0.0
190,-0.7876338,-0.2732968686679882,0.0,0.0,0.0,0.0
191,-0.81586486,-0.2684446570416428,0.0,0.0,0.0,0.0
192,-0.84646267,-0.26356686572461435,0.0,0.0,0.0,0.0
193,-0.8756817,-0.26356686572461435,0.0,0.0,0.0,0.0
194,-0.8994273,0.32457910713128035,0.32457910713128035,0.32457910713128035,0.32457910713128035,0.32457912
195,-0.91601205,1.3033116440364603,1.3033116440364603,0.9787325369051799,1.3033116440364603,1.3033116
196,-0.9288132,2.0466310689773795,2.0466310689773795,0.7433194249409192,2.0466310689773795,2.046631
197,-0.9422524,2.8289088504282756,2.8289088504282756,0.7822777814508961,2.8289088504282756,2.828909
198,-0.9596513,7.960063500687185,5.0,2.1710911495717244,5.0,5.0
199,-0.9813375,10.271665864117946,5.0,0.0,5.0,5.0
200,-1.0,12.41715943084882,5.0,0.0,5.0,5.0
201,-0.61813277,-0.28817543805476886,0.0,0.0,0.0,0.0
202,-0.6177311,-0.28817543805476886,0.0,0.0,0.0,0.0
203,-0.6246622,-0.28817543805476886,0.0,0.0,0.0,0.0
204,-0.6326227,-0.28817543805476886,0.0,0.0,0.0,0.0
205,-0.6337642,-0.28817543805476886,0.0,0.0,0.0,0.0
206,-0.6246995,-0.28817543805476886,0.0,0.0,0.0,0.0
207,-0.6115218,-0.28817543805476886,0.0,0.0,0.0,0.0
208,-0.6021321,-0.28817543805476886,0.0,0.0,0.0,0.0
209,-0.60077935,-0.28817543805476886,0.0,0.0,0.0,0.0
210,-0.6038582,-0.28817543805476886,0.0,0.0,0.0,0.0
211,-0.6064428,-0.28817543805476886,0.0,0.0,0.0,0.0
212,-0.6063339,-0.28817543805476886,0.0,0.0,0.0,0.0
213,-0.6062291,-0.28817543805476886,0.0,0.0,0.0,0.0
214,-0.6095413,-0.28817543805476886,0.0,0.0,0.0,0.0
215,-0.6192096,-0.28817543805476886,0.0,0.0,0.0,0.0
216,-0.63783896,-0.28817543805476886,0.0,0.0,0.0,0.0
217,-0.6680145,-0.28817543805476886,0.0,0.0,0.0,0.0
218,-0.70960414,-0.28240052583550623,0.0,0.0,0.0,0.0
219,-0.75185955,-0.27469317213072825,0.0,0.0,0.0,0.0
220,-0.79333097,-0.2664614211140263,0.0,0.0,0.0,0.0
221,-0.83263284,-0.2664614211140263,0.0,0.0,0.0,0.0
222,-0.8684246,-0.2664614211140263,0.0,0.0,0.0,0.0
223,-0.8995034,0.3326927127503251,0.3326927127503251,0.3326927127503251,0.3326927127503251,0.3326927
224,-0.9254057,1.879211340543451,1.879211340543451,1.5465186277931258,1.879211340543451,1.8792114
225,-0.94712543,6.544052291951941,5.0,3.120788659456549,5.0,5.0
226,-0.9657872,8.338321658769077,5.0,0.0,5.0,5.0
227,-0.98274267,10.254114335000791,5.0,0.0,5.0,5.0
228,-0.9974157,11.912014698345713,5.0,0.0,5.0,5.0
229,-0.57477003,-0.28322870272126666,0.0,0.0,0.0,0.0
230,-0.5805143,-0.28322870272126666,0.0,0.0,0.0,0.0
231,-0.5876086,-0.28322870272126666,0.0,0.0,0.0,0.0
232,-0.59386075,-0.28322870272126666,0.0,0.0,0.0,0.0
233,-0.59642506,-0.28322870272126666,0.0,0.0,0.0,0.0
234,-0.59353685,-0.28322870272126666,0.0,0.0,0.0,0.0
235,-0.5856882,-0.28322870272126666,0.0,0.0,0.0,0.0
236,-0.57410014,-0.28322870272126666,0.0,0.0,0.0,0.0
237,-0.56139696,-0.28322870272126666,0.0,0.0,0.0,0.0
238,-0.5532527,-0.28322870272126666,0.0,0.0,0.0,0.0
239,-0.55556166,-0.28063945021259235,0.0,0.0,0.0,0.0
240,-0.57075125,-0.2726482771930078,0.0,0.0,0.0,0.0
241,-0.5939388,-0.26432262638344023,0.0,0.0,0.0,0.0
242,-0.61847305,-0.26432262638344023,0.0,0.0,0.0,0.0
243,-0.63768125,-0.26432262638344023,0.0,0.0,0.0,0.0
244,-0.64492077,-0.26432262638344023,0.0,0.0,0.0,0.0
245,-0.64741623,-0.26432262638344023,0.0,0.0,0.0,0.0
246,-0.6844644,-0.26432262638344023,0.0,0.0,0.0,0.0
247,-0.71354204,-0.26432262638344023,0.0,0.0,0.0,0.0
248,-0.73626775,-0.26432262638344023,0.0,0.0,0.0,0.0
249,-0.75404865,-0.26432262638344023,0.0,0.0,0.0,0.0
250,-0.7681691,-0.26432262638344023,0.0,0.0,0.0,0.0
251,-0.77956957,-0.26432262638344023,0.0,0.0,0.0,0.0
252,-0.78670585,-0.26432262638344023,0.0,0.0,0.0,0.0
253,-0.7828115,-0.26432262638344023,0.0,0.0,0.0,0.0
254,-0.761291,-0.26432262638344023,0.0,0.0,0.0,0.0
255,-0.7264054,-0.26432262638344023,0.0,0.0,0.0,0.0
0,-0.5834958,-0.26432262638344023,0.0,0.0,0.0,0.0
1,-0.59664553,-0.26432262638344023,0.0,0.0,0.0,0.0
2,-0.61215687,-0.26432262638344023,0.0,0.0,0.0,0.0
3,-0.6271428,-0.26432262638344023,0.0,0.0,0.0,0.0
4,-0.63802457,-0.26432262638344023,0.0,0.0,0.0,0.0
5,-0.6426294,-0.26432262638344023,0.0,0.0,0.0,0.0
6,-0.64176446,-0.26432262638344023,0.0,0.0,0.0,0.0
7,-0.6370545,-0.26432262638344023,0.0,0.0,0.0,0.0
8,-0.630538,-0.26432262638344023,0.0,0.0,0.0,0.0
9,-0.6251243,-0.26432262638344023,0.0,0.0,0.0,0.0
10,-0.62385535,-0.26432262638344023,0.0,0.0,0.0,0.0
11,-0.6284181,-0.26432262638344023,0.0,0.0,0.0,0.0
12,-0.6375407,-0.26432262638344023,0.0,0.0,0.0,0.0
13,-0.6491067,-0.26432262638344023,0.0,0.0,0.0,0.0
14,-0.6608664,-0.26432262638344023,0.0,0.0,0.0,0.0
15,-0.6705347,-0.26432262638344023,0.0,0.0,0.0,0.0
16,-0.6780811,-0.26432262638344023,0.0,0.0,0.0,0.0
17,-0.69231945,-0.26432262638344023,0.0,0.0,0.0,0.0
18,-0.7192136,-0.26432262638344023,0.0,0.0,0.0,0.0
19,-0.7534239,-0.26432262638344023,0.0,0.0,0.0,0.0
20,-0.789647,-0.26432262638344023,0.0,0.0,0.0,0.0
21,-0.82251346,-0.26432262638344023,0.0,0.0,0.0,0.0
22,-0.84711486,-0.26432262638344023,0.0,0.0,0.0,0.0
23,-0.8627413,-0.26432262638344023,0.0,0.0,0.0,0.0
24,-0.8776527,-0.26432262638344023,0.0,0.0,0.0,0.0
25,-0.9014983,0.4483503898135043,0.4483503898135043,0.4483503898135043,0.4483503898135043,0.4483504
26,-0.93817174,2.619756080466936,2.619756080466936,2.171405690653432,2.619756080466936,2.6197562
27,-0.9774528,9.930620306160105,5.0,2.380243919533064,5.0,5.0
28,-1.0,12.218257787565472,5.0,0.0,5.0,5.0
29,-0.6109788,-0.2835593607222518,0.0,0.0,0.0,0.0
30,-0.61720204,-0.27851608112714815,0.0,0.0,0.0,0.0
31,-0.6353108,-0.2751856535291859,0.0,0.0,0.0,0.0
32,-0.6540153,-0.2751856535291859,0.0,0.0,0.0,0.0
33,-0.66019285,-0.2751856535291859,0.0,0.0,0.0,0.0
34,-0.6481419,-0.2751856535291859,0.0,0.0,0.0,0.0
35,-0.6279067,-0.2751856535291859,0.0,0.0,0.0,0.0
36,-0.61256623,-0.2751856535291859,0.0,0.0,0.0,0.0
37,-0.60976046,-0.2751856535291859,0.0,0.0,0.0,0.0
38,-0.6155848,-0.2751856535291859,0.0,0.0,0.0,0.0
39,-0.6237046,-0.2751856535291859,0.0,0.0,0.0,0.0
40,-0.6300155,-0.2751856535291859,0.0,0.0,0.0,0.0
41,-0.6351317,-0.2751856535291859,0.0,0.0,0.0,0.0
42,-0.6407533,-0.2751856535291859,0.0,0.0,0.0,0.0
43,-0.6485001,-0.2751856535291859,0.0,0.0,0.0,0.0
44,-0.6599478,-0.2751856535291859,0.0,0.0,0.0,0.0
45,-0.67633605,-0.2751856535291859,0.0,0.0,0.0,0.0
46,-0.6959821,-0.2751856535291859,0.0,0.0,0.0,0.0
47,-0.7116675,-0.2751856535291859,0.0,0.0,0.0,0.0
48,-0.7251843,-0.2707462614839146,0.0,0.0,0.0,0.0
49,-0.73832506,-0.2646537032579969,0.0,0.0,0.0,0.0
50,-0.7530152,-0.25771237794879254,0.0,0.0,0.0,0.0
51,-0.77130866,-0.25771237794879254,0.0,0.0,0.0,0.0
52,-0.79455966,-0.25771237794879254,0.0,0.0,0.0,0.0
53,-0.82249486,-0.25771237794879254,0.0,0.0,0.0,0.0
54,-0.8543356,-0.25771237794879254,0.0,0.0,0.0,0.0
55,-0.8887901,-0.25771237794879254,0.0,0.0,0.0,0.0
56,-0.92353547,1.9928837936853838,1.9928837936853838,1.9928837936853838,1.9928837936853838,1.9928838
57,-0.9561752,8.347938589456945,5.0,3.007116206314616,5.0,5.0
58,-0.98402876,11.328670321170561,5.0,0.0,5.0,5.0
59,-1.0,13.288564294162928,5.0,0.0,5.0,5.0
60,-0.5968746,-0.27342724885108904,0.0,0.0,0.0,0.0
61,-0.59934807,-0.27342724885108904,0.0,0.0,0.0,0.0
62,-0.5952376,-0.27342724885108904,0.0,0.0,0.0,0.0
63,-0.58845615,-0.27342724885108904,0.0,0.0,0.0,0.0
64,-0.5843027,-0.27342724885108904,0.0,0.0,0.0,0.0
65,-0.5861558,-0.27342724885108904,0.0,0.0,0.0,0.0
66,-0.5933263,-0.27342724885108904,0.0,0.0,0.0,0.0
67,-0.60432,-0.27342724885108904,0.0,0.0,0.0,0.0
68,-0.61809653,-0.27342724885108904,0.0,0.0,0.0,0.0
69,-0.6347615,-0.27342724885108904,0.0,0.0,0.0,0.0
70,-0.6545163,-0.27342724885108904,0.0,0.0,0.0,0.0
71,-0.6775601,-0.27342724885108904,0.0,0.0,0.0,0.0
72,-0.7044267,-0.27342724885108904,0.0,0.0,0.0,0.0
73,-0.73574615,-0.27342724885108904,0.0,0.0,0.0,0.0
74,-0.7722132,-0.27342724885108904,0.0,0.0,0.0,0.0
75,-0.8146399,-0.27342724885108904,0.0,0.0,0.0,0.0
76,-0.85971105,-0.27342724885108904,0.0,0.0,0.0,0.0
77,-0.89308774,-0.05225468477740818,0.0,0.0,0.0,0.0
78,-0.92141944,1.6860970849343138,1.6860970849343138,1.6860970849343138,1.6860970849343138,1.686097
79,-0.9461581,3.149343682150383,3.149343682150383,1.463246597216069,3.149343682150383,3.1493435
80,-0.96840864,9.579216626589448,5.0,1.8506563178496171,5.0,5.0
81,-0.9877969,12.103846132236137,5.0,0.0,5.0,5.0
82,-1.0,13.64105795999549,5.0,0.0,5.0,5.0
83,-0.6675613,-0.2806802049381788,0.0,0.0,0.0,0.0
84,-0.668354,-0.2806802049381788,0.0,0.0,0.0,0.0
85,-0.66881764,-0.2806802049381788,0.0,0.0,0.0,0.0
86,-0.66276085,-0.2806802049381788,0.0,0.0,0.0,0.0
87,-0.6437146,-0.2806802049381788,0.0,0.0,0.0,0.0
88,-0.6111442,-0.2806802049381788,0.0,0.0,0.0,0.0
89,-0.5769983,-0.2806802049381788,0.0,0.0,0.0,0.0
90,-0.55527395,-0.2806802049381788,0.0,0.0,0.0,0.0
91,-0.5530291,-0.2806802049381788,0.0,0.0,0.0,0.0
92,-0.56260264,-0.2806802049381788,0.0,0.0,0.0,0.0
93,-0.5733915,-0.2806802049381788,0.0,0.0,0.0,0.0
94,-0.57888806,-0.2806802049381788,0.0,0.0,0.0,0.0
95,-0.5812508,-0.2806802049381788,0.0,0.0,0.0,0.0
96,-0.5846361,-0.2806802049381788,0.0,0.0,0.0,0.0
97,-0.59316546,-0.2806802049381788,0.0,0.0,0.0,0.0
98,-0.61094266,-0.2806802049381788,0.0,0.0,0.0,0.0
99,-0.64170176,-0.2806802049381788,0.0,0.0,0.0,0.0
100,-0.6811539,-0.2806802049381788,0.0,0.0,0.0,0.0
101,-0.70572156,-0.2806802049381788,0.0,0.0,0.0,0.0
102,-0.7214405,-0.2806802049381788,0.0,0.0,0.0,0.0
103,-0.73415923,-0.2806802049381788,0.0,0.0,0.0,0.0
104,-0.7495711,-0.2806802049381788,0.0,0.0,0.0,0.0
105,-0.7728478,-0.2805276455619006,0.0,0.0,0.0,0.0
106,-0.805607,-0.27315818194473745,0.0,0.0,0.0,0.0
107,-0.8419708,-0.2665629362858725,0.0,0.0,0.0,0.0
108,-0.8747025,-0.25808452218594585,0.0,0.0,0.0,0.0
109,-0.89962673,0.4132998333384783,0.4132998333384783,0.4132998333384783,0.4132998333384783,0.41329983
110,-0.9190612,1.6958971453907175,1.6958971453907175,1.2825973120522391,1.6958971453907175,1.6958971
111,-0.9366876,2.8275001578010106,2.8275001578010106,1.1316030124102932,2.8275001578010106,2.8275
112,-0.9544077,8.185922878985853,5.0,2.1724998421989894,5.0,5.0
113,-0.9699199,9.92352759615099,5.0,0.0,5.0,5.0
114,-0.97987515,11.186692642514508,5.0,0.0,5.0,5.0
115,-0.9841162,11.724821909257487,5.0,0.0,5.0,5.0
116,-0.9889285,12.335433320648377,5.0,0.0,5.0,5.0
117,-0.99774003,13.453480381268783,5.0,0.0,5.0,5.0
118,-0.5740073,-0.2827209998080279,0.0,0.0,0.0,0.0
119,-0.58425564,-0.2827209998080279,0.0,0.0,0.0,0.0
120,-0.5959339,-0.2827209998080279,0.0,0.0,0.0,0.0
121,-0.6046532,-0.2827209998080279,0.0,0.0,0.0,0.0
122,-0.6063823,-0.2827209998080279,0.0,0.0,0.0,0.0
123,-0.601021,-0.2827209998080279,0.0,0.0,0.0,0.0
124,-0.596376,-0.2827209998080279,0.0,0.0,0.0,0.0
125,-0.6012751,-0.2827209998080279,0.0,0.0,0.0,0.0
126,-0.6204223,-0.2827209998080279,0.0,0.0,0.0,0.0
127,-0.65011287,-0.2827209998080279,0.0,0.0,0.0,0.0
128,-0.68479174,-0.2827209998080279,0.0,0.0,0.0,0.0
129,-0.72056836,-0.2827209998080279,0.0,0.0,0.0,0.0
130,-0.75704837,-0.2827209998080279,0.0,0.0,0.0,0.0
131,-0.7946377,-0.2827209998080279,0.0,0.0,0.0,0.0
132,-0.8337848,-0.2827209998080279,0.0,0.0,0.0,0.0
133,-0.8750039,-0.2827209998080279,0.0,0.0,0.0,0.0
134,-0.91514015,1.345032671217678,1.345032671217678,1.345032671217678,1.345032671217678,1.3450327
135,-0.9433737,3.0994677150521177,3.0994677150521177,1.7544350438344396,3.0994677150521177,3.0994678
136,-0.9731344,10.062779252184276,5.0,1.9005322849478823,5.0,5.0
137,-0.9979629,12.894344695049979,5.0,0.0,5.0,5.0
138,-0.6138537,-0.3050022995761892,0.0,0.0,0.0,0.0
139,-0.6206767,-0.3050022995761892,0.0,0.0,0.0,0.0
140,-0.6157662,-0.3050022995761892,0.0,0.0,0.0,0.0
141,-0.60611004,-0.3041719084353406,0.0,0.0,0.0,0.0
142,-0.6008205,-0.2970122643206489,0.0,0.0,0.0,0.0
143,-0.605757,-0.2892691436499418,0.0,0.0,0.0,0.0
144,-0.6195054,-0.2892691436499418,0.0,0.0,0.0,0.0
145,-0.6385706,-0.2892691436499418,0.0,0.0,0.0,0.0
146,-0.660308,-0.2892691436499418,0.0,0.0,0.0,0.0
147,-0.6847446,-0.2892691436499418,0.0,0.0,0.0,0.0
148,-0.7126034,-0.2892691436499418,0.0,0.0,0.0,0.0
149,-0.7443676,-0.2892691436499418,0.0,0.0,0.0,0.0
150,-0.7799452,-0.2892691436499418,0.0,0.0,0.0,0.0
151,-0.819103,-0.2892691436499418,0.0,0.0,0.0,0.0
152,-0.8615093,-0.2892691436499418,0.0,0.0,0.0,0.0
153,-0.9061947,0.7955145021278572,0.7955145021278572,0.7955145021278572,0.7955145021278572,0.7955145
154,-0.94764775,7.237679489534893,5.0,4.204485497872143,5.0,5.0
155,-0.9727673,9.483021773178038,5.0,0.0,5.0,5.0
156,-0.9926155,11.813137005844766,5.0,0.0,5.0,5.0
157,-1.0,12.680050367242014,5.0,0.0,5.0,5.0
158,-0.5959185,-0.29427656860541035,0.0,0.0,0.0,0.0
159,-0.6055202,-0.29427656860541035,0.0,0.0,0.0,0.0
160,-0.6111635,-0.29427656860541035,0.0,0.0,0.0,0.0
161,-0.6113747,-0.29427656860541035,0.0,0.0,0.0,0.0
162,-0.60577273,-0.29427656860541035,0.0,0.0,0.0,0.0
163,-0.5962271,-0.29427656860541035,0.0,0.0,0.0,0.0
164,-0.58906925,-0.29427656860541035,0.0,0.0,0.0,0.0
165,-0.59101987,-0.29427656860541035,0.0,0.0,0.0,0.0
166,-0.60486346,-0.29427656860541035,0.0,0.0,0.0,0.0
167,-0.62551576,-0.28662626850429035,0.0,0.0,0.0,0.0
168,-0.6465327,-0.28027355068047677,0.0,0.0,0.0,0.0
169,-0.6644319,-0.28027355068047677,0.0,0.0,0.0,0.0
170,-0.6820736,-0.28027355068047677,0.0,0.0,0.0,0.0
171,-0.70368606,-0.28027355068047677,0.0,0.0,0.0,0.0
172,-0.73344445,-0.28027355068047677,0.0,0.0,0.0,0.0
173,-0.77557683,-0.28027355068047677,0.0,0.0,0.0,0.0
174,-0.8314511,-0.28027355068047677,0.0,0.0,0.0,0.0
175,-0.8860784,-0.28027355068047677,0.0,0.0,0.0,0.0
176,-0.9149374,1.3206340771508949,1.3206340771508949,1.3206340771508949,1.3206340771508949,1.3206341
177,-0.92709374,2.0588672393796434,2.0588672393796434,0.7382331622287486,2.0588672393796434,2.0588672
178,-0.93099475,2.292755812628134,2.292755812628134,0.23388857324849077,2.292755812628134,2.2927558
179,-0.9356155,2.579172042096982,2.579172042096982,0.2864162294688479,2.579172042096982,2.5791721
180,-0.9497279,7.207818750469735,5.0,2.420827957903018,5.0,5.0
181,-0.9762757,10.186379418054806,5.0,0.0,5.0,5.0
182,-1.0,13.053580013362337,5.0,0.0,5.0,5.0
183,-0.5828997,-0.3029453845287804,0.0,0.0,0.0,0.0
184,-0.58743155,-0.3029453845287804,0.0,0.0,0.0,0.0
185,-0.59414023,-0.3029453845287804,0.0,0.0,0.0,0.0
186,-0.6012037,-0.3029453845287804,0.0,0.0,0.0,0.0
187,-0.6063263,-0.3029453845287804,0.0,0.0,0.0,0.0
188,-0.608209,-0.3029453845287804,0.0,0.0,0.0,0.0
189,-0.6076874,-0.3029453845287804,0.0,0.0,0.0,0.0
190,-0.6060867,-0.3029453845287804,0.0,0.0,0.0,0.0
191,-0.60421324,-0.3029453845287804,0.0,0.0,0.0,0.0
192,-0.60169446,-0.3029453845287804,0.0,0.0,0.0,0.0
193,-0.5979171,-0.3029453845287804,0.0,0.0,0.0,0.0
194,-0.5924382,-0.3029453845287804,0.0,0.0,0.0,0.0
195,-0.5851407,-0.30074574011367916,0.0,0.0,0.0,0.0
196,-0.57595485,-0.2952208182559215,0.0,0.0,0.0,0.0
197,-0.56481636,-0.29071041772778855,0.0,0.0,0.0,0.0
198,-0.551563,-0.2860065521070715,0.0,0.0,0.0,0.0
199,-0.55182165,-0.27793451600542923,0.0,0.0,0.0,0.0
200,-0.60988176,-0.27793451600542923,0.0,0.0,0.0,0.0
201,-0.65024364,-0.27793451600542923,0.0,0.0,0.0,0.0
202,-0.67917305,-0.27793451600542923,0.0,0.0,0.0,0.0
203,-0.70290965,-0.27793451600542923,0.0,0.0,0.0,0.0
204,-0.7276832,-0.27793451600542923,0.0,0.0,0.0,0.0
205,-0.759083,-0.27793451600542923,0.0,0.0,0.0,0.0
206,-0.79738253,-0.27793451600542923,0.0,0.0,0.0,0.0
207,-0.83148646,-0.27793451600542923,0.0,0.0,0.0,0.0
208,-0.84887415,-0.27793451600542923,0.0,0.0,0.0,0.0
209,-0.84675777,-0.27793451600542923,0.0,0.0,0.0,0.0
210,-0.8429441,-0.27793451600542923,0.0,0.0,0.0,0.0
211,-0.8581606,-0.27793451600542923,0.0,0.0,0.0,0.0
212,-0.9006167,0.41645479111844164,0.41645479111844164,0.41645479111844164,0.41645479111844164,0.4164548
213,-0.9530854,7.650723252105161,5.0,4.583545208881558,5.0,5.0
214,-0.9917388,11.167811626195057,5.0,0.0,5.0,5.0
215,-1.0,12.092728012573652,5.0,0.0,5.0,5.0
216,-0.51642025,-0.28064608590294704,0.0,0.0,0.0,0.0
217,-0.5308168,-0.28064608590294704,0.0,0.0,0.0,0.0
218,-0.553394,-0.28064608590294704,0.0,0.0,0.0,0.0
219,-0.572185,-0.28064608590294704,0.0,0.0,0.0,0.0
220,-0.5739099,-0.28064608590294704,0.0,0.0,0.0,0.0
221,-0.5538891,-0.28064608590294704,0.0,0.0,0.0,0.0
222,-0.5257434,-0.28064608590294704,0.0,0.0,0.0,0.0
223,-0.50647,-0.28064608590294704,0.0,0.0,0.0,0.0
224,-0.5054354,-0.27856312179257636,0.0,0.0,0.0,0.0
225,-0.51575184,-0.27144552635552555,0.0,0.0,0.0,0.0
226,-0.5271175,-0.2637441091357155,0.0,0.0,0.0,0.0
227,-0.53267914,-0.2637441091357155,0.0,0.0,0.0,0.0
228,-0.53297913,-0.2637441091357155,0.0,0.0,0.0,0.0
229,-0.53052604,-0.2637441091357155,0.0,0.0,0.0,0.0
230,-0.5283312,-0.2637441091357155,0.0,0.0,0.0,0.0
231,-0.52961046,-0.2637441091357155,0.0,0.0,0.0,0.0
232,-0.5328274,-0.2637441091357155,0.0,0.0,0.0,0.0
233,-0.5304712,-0.2637441091357155,0.0,0.0,0.0,0.0
234,-0.55362886,-0.2637441091357155,0.0,0.0,0.0,0.0
235,-0.5930592,-0.2637441091357155,0.0,0.0,0.0,0.0
236,-0.6396481,-0.2637441091357155,0.0,0.0,0.0,0.0
237,-0.68423986,-0.2637441091357155,0.0,0.0,0.0,0.0
238,-0.7183345,-0.2637441091357155,0.0,0.0,0.0,0.0
239,-0.73984367,-0.2637441091357155,0.0,0.0,0.0,0.0
240,-0.76047826,-0.2637441091357155,0.0,0.0,0.0,0.0
241,-0.79421335,-0.2637441091357155,0.0,0.0,0.0,0.0
242,-0.84673184,-0.2637441091357155,0.0,0.0,0.0,0.0
243,-0.90566796,0.6941450504342236,0.6941450504342236,0.6941450504342236,0.6941450504342236,0.694145
244,-0.9551079,7.488631460514717,5.0,4.305854949565776,5.0,5.0
245,-0.98601526,10.188686033759177,5.0,0.0,5.0,5.0
246,-1.0,11.70408592959918,5.0,0.0,5.0,5.0
247,-0.6251076,-0.27162654297677313,0.0,0.0,0.0,0.0
248,-0.62626714,-0.27162654297677313,0.0,0.0,0.0,0.0
249,-0.633771,-0.27162654297677313,0.0,0.0,0.0,0.0
250,-0.6417513,-0.27162654297677313,0.0,0.0,0.0,0.0
251,-0.643376,-0.27162654297677313,0.0,0.0,0.0,0.0
252,-0.636579,-0.27162654297677313,0.0,0.0,0.0,0.0
253,-0.62917805,-0.27162654297677313,0.0,0.0,0.0,0.0
254,-0.6306496,-0.27162654297677313,0.0,0.0,0.0,0.0
255,-0.64544153,-0.27162654297677313,0.0,0.0,0.0,0.0
0,-0.6171922,-0.27162654297677313,0.0,0.0,0.0,0.0
1,-0.62064075,-0.27162654297677313,0.0,0.0,0.0,0.0
2,-0.62312394,-0.27162654297677313,0.0,0.0,0.0,0.0
3,-0.62124723,-0.27162654297677313,0.0,0.0,0.0,0.0
4,-0.61141586,-0.27162654297677313,0.0,0.0,0.0,0.0
5,-0.5943589,-0.27162654297677313,0.0,0.0,0.0,0.0
6,-0.57954895,-0.27162654297677313,0.0,0.0,0.0,0.0
7,-0.57773024,-0.27162654297677313,0.0,0.0,0.0,0.0
8,-0.59428114,-0.27162654297677313,0.0,0.0,0.0,0.0
9,-0.6235148,-0.27162654297677313,0.0,0.0,0.0,0.0
10,-0.65719056,-0.27162654297677313,0.0,0.0,0.0,0.0
11,-0.68946356,-0.27162654297677313,0.0,0.0,0.0,0.0
12,-0.7199326,-0.27162654297677313,0.0,0.0,0.0,0.0
13,-0.7494831,-0.27162654297677313,0.0,0.0,0.0,0.0
14,-0.77901417,-0.27162654297677313,0.0,0.0,0.0,0.0
15,-0.80949295,-0.27162654297677313,0.0,0.0,0.0,0.0
16,-0.84391594,-0.27162654297677313,0.0,0.0,0.0,0.0
17,-0.88652915,-0.27162654297677313,0.0,0.0,0.0,0.0
18,-0.92051554,1.4097267680338235,1.4097267680338235,1.4097267680338235,1.4097267680338235,1.4097267
19,-0.9494602,6.176438476613041,5.0,3.5902732319661768,5.0,5.0
20,-0.97645164,8.614038285567187,5.0,0.0,5.0,5.0
21,-0.99887574,10.908580054189523,5.0,0.0,5.0,5.0
22,-0.6065241,-0.284995311684486,0.0,0.0,0.0,0.0
23,-0.5994001,-0.284995311684486,0.0,0.0,0.0,0.0
24,-0.5969896,-0.284995311684486,0.0,0.0,0.0,0.0
25,-0.5968655,-0.284995311684486,0.0,0.0,0.0,0.0
26,-0.5961871,-0.28247108805164167,0.0,0.0,0.0,0.0
27,-0.5943504,-0.27457550209695625,0.0,0.0,0.0,0.0
28,-0.5951723,-0.2663429378462701,0.0,0.0,0.0,0.0
29,-0.60338724,-0.2663429378462701,0.0,0.0,0.0,0.0
30,-0.62111884,-0.2663429378462701,0.0,0.0,0.0,0.0
31,-0.64471984,-0.2663429378462701,0.0,0.0,0.0,0.0
32,-0.66885525,-0.2663429378462701,0.0,0.0,0.0,0.0
33,-0.68985975,-0.2663429378462701,0.0,0.0,0.0,0.0
34,-0.7086773,-0.2663429378462701,0.0,0.0,0.0,0.0
35,-0.72741544,-0.2663429378462701,0.0,0.0,0.0,0.0
36,-0.74829143,-0.2663429378462701,0.0,0.0,0.0,0.0
37,-0.7736557,-0.2663429378462701,0.0,0.0,0.0,0.0
38,-0.8071914,-0.2663429378462701,0.0,0.0,0.0,0.0
39,-0.853397,-0.2663429378462701,0.0,0.0,0.0,0.0
40,-0.90172726,0.38414858978419303,0.38414858978419303,0.38414858978419303,0.38414858978419303,0.3841486
41,-0.9490134,6.0563391710509835,5.0,4.615851410215807,5.0,5.0
42,-0.9878008,9.361251203001556,5.0,0.0,5.0,5.0
43,-1.0,10.556654430060822,5.0,0.0,5.0,5.0
44,-0.5834958,-0.2729228136003315,0.0,0.0,0.0,0.0
45,-0.59664595,-0.2729228136003315,0.0,0.0,0.0,0.0
46,-0.6121604,-0.2729228136003315,0.0,0.0,0.0,0.0
47,-0.62719494,-0.2729228136003315,0.0,0.0,0.0,0.0
48,-0.6384792,-0.2729228136003315,0.0,0.0,0.0,0.0
49,-0.6446468,-0.2729228136003315,0.0,0.0,0.0,0.0
50,-0.64736617,-0.2729228136003315,0.0,0.0,0.0,0.0
51,-0.64890003,-0.2729228136003315,0.0,0.0,0.0,0.0
52,-0.6518234,-0.2729228136003315,0.0,0.0,0.0,0.0
53,-0.6591426,-0.2729228136003315,0.0,0.0,0.0,0.0
54,-0.6733392,-0.2729228136003315,0.0,0.0,0.0,0.0
55,-0.6952065,-0.2729228136003315,0.0,0.0,0.0,0.0
56,-0.7226096,-0.2729228136003315,0.0,0.0,0.0,0.0
57,-0.7527654,-0.265311472097553,0.0,0.0,0.0,0.0
58,-0.78295195,-0.2568022394960925,0.0,0.0,0.0,0.0
59,-0.81053543,-0.2568022394960925,0.0,0.0,0.0,0.0
60,-0.83519715,-0.2568022394960925,0.0,0.0,0.0,0.0
61,-0.86552775,-0.2568022394960925,0.0,0.0,0.0,0.0
62,-0.90706444,0.6437781723667729,0.6437781723667729,0.6437781723667729,0.6437781723667729,0.64377815
63,-0.95331573,6.27410899818716,5.0,4.356221827633227,5.0,5.0
64,-0.99206686,9.549799776498727,5.0,0.0,5.0,5.0
65,-1.0,10.30892494447266,5.0,0.0,5.0,5.0
66,-0.6650182,-0.2665182250380729,0.0,0.0,0.0,0.0
67,-0.6550719,-0.2665182250380729,0.0,0.0,0.0,0.0
68,-0.64318746,-0.2665182250380729,0.0,0.0,0.0,0.0
69,-0.632363,-0.2665182250380729,0.0,0.0,0.0,0.0
70,-0.6263665,-0.2665182250380729,0.0,0.0,0.0,0.0
71,-0.6273257,-0.2665182250380729,0.0,0.0,0.0,0.0
72,-0.63363475,-0.2665182250380729,0.0,0.0,0.0,0.0
73,-0.6427638,-0.2665182250380729,0.0,0.0,0.0,0.0
74,-0.6524748,-0.2665182250380729,0.0,0.0,0.0,0.0
75,-0.661492,-0.2665182250380729,0.0,0.0,0.0,0.0
76,-0.6687873,-0.2665182250380729,0.0,0.0,0.0,0.0
77,-0.6742733,-0.2665182250380729,0.0,0.0,0.0,0.0
78,-0.6799306,-0.2665182250380729,0.0,0.0,0.0,0.0
79,-0.688204,-0.25961188339102986,0.0,0.0,0.0,0.0
80,-0.7015548,-0.2532485362183477,0.0,0.0,0.0,0.0
81,-0.7224607,-0.24579623446156354,0.0,0.0,0.0,0.0
82,-0.7452156,-0.24579623446156354,0.0,0.0,0.0,0.0
83,-0.74799514,-0.24579623446156354,0.0,0.0,0.0,0.0
84,-0.7656487,-0.24579623446156354,0.0,0.0,0.0,0.0
85,-0.7933429,-0.24579623446156354,0.0,0.0,0.0,0.0
86,-0.82628965,-0.24579623446156354,0.0,0.0,0.0,0.0
87,-0.85974234,-0.24579623446156354,0.0,0.0,0.0,0.0
88,-0.889295,-0.24579623446156354,0.0,0.0,0.0,0.0
89,-0.912943,0.9044021612524757,0.9044021612524757,0.9044021612524757,0.9044021612524757,0.90440214
90,-0.93350124,1.9037848861110587,1.9037848861110587,0.9993827248585829,1.9037848861110587,1.9037849
91,-0.9542537,6.068764949792842,5.0,3.0962151138889413,5.0,5.0
92,-0.97678757,8.001048066075755,5.0,0.0,5.0,5.0
93,-0.9959359,9.813735588307665,5.0,0.0,5.0,5.0
94,-1.0,10.198464098559295,5.0,0.0,5.0,5.0
95,-0.5230352,-0.2636624637683375,0.0,0.0,0.0,0.0
96,-0.50112826,-0.2636624637683375,0.0,0.0,0.0,0.0
97,-0.4905649,-0.24537501630770323,0.0,0.0,0.0,0.0
98,-0.4907253,-0.24580883493761227,0.0,0.0,0.0,0.0
99,-0.49798706,-0.2636624637683375,0.0,0.0,0.0,0.0
100,-0.50915813,-0.2636624637683375,0.0,0.0,0.0,0.0
101,-0.5219542,-0.2636624637683375,0.0,0.0,0.0,0.0
102,-0.5345207,-0.2636624637683375,0.0,0.0,0.0,0.0
103,-0.5460987,-0.2636624637683375,0.0,0.0,0.0,0.0
104,-0.5578184,-0.2636624637683375,0.0,0.0,0.0,0.0
105,-0.57107013,-0.2636624637683375,0.0,0.0,0.0,0.0
106,-0.586853,-0.2636624637683375,0.0,0.0,0.0,0.0
107,-0.60556644,-0.2636624637683375,0.0,0.0,0.0,0.0
108,-0.6274828,-0.2636624637683375,0.0,0.0,0.0,0.0
109,-0.65297276,-0.2636624637683375,0.0,0.0,0.0,0.0
110,-0.68239045,-0.26149235312975155,0.0,0.0,0.0,0.0
111,-0.7101833,-0.2557821003467491,0.0,0.0,0.0,0.0
112,-0.7179091,-0.2505631902499823,0.0,0.0,0.0,0.0
113,-0.72440493,-0.24249678143640566,0.0,0.0,0.0,0.0
114,-0.7332941,-0.24249678143640566,0.0,0.0,0.0,0.0
115,-0.74811274,-0.24249678143640566,0.0,0.0,0.0,0.0
116,-0.77234817,-0.24249678143640566,0.0,0.0,0.0,0.0
117,-0.80894625,-0.24249678143640566,0.0,0.0,0.0,0.0
118,-0.8565819,-0.24249678143640566,0.0,0.0,0.0,0.0
119,-0.9048183,0.49926796936256224,0.49926796936256224,0.49926796936256224,0.49926796936256224,0.49926797
120,-0.94173855,2.2817946197207704,2.2817946197207704,1.782526650358208,2.2817946197207704,2.2817945
121,-0.9608126,6.582221658134386,5.0,2.7182053802792296,5.0,5.0
122,-0.9675594,7.052575822731433,5.0,0.0,5.0,5.0
123,-0.9705767,7.335209239011258,5.0,0.0,5.0,5.0
124,-0.9762075,7.862645118149932,5.0,0.0,5.0,5.0
125,-0.9854664,8.72993971439076,5.0,0.0,5.0,5.0
126,-0.9960772,9.723857251535495,5.0,0.0,5.0,5.0
127,-1.0,10.091308592156086,5.0,0.0,5.0,5.0
128,-0.6775662,-0.2608921559502607,0.0,0.0,0.0,0.0
129,-0.68110245,-0.2608921559502607,0.0,0.0,0.0,0.0
130,-0.65903133,-0.2608921559502607,0.0,0.0,0.0,0.0
131,-0.6240815,-0.2608921559502607,0.0,0.0,0.0,0.0
132,-0.5932998,-0.2608921559502607,0.0,0.0,0.0,0.0
133,-0.57698727,-0.2608921559502607,0.0,0.0,0.0,0.0
134,-0.5710738,-0.2608921559502607,0.0,0.0,0.0,0.0
135,-0.56847,-0.2550237728250792,0.0,0.0,0.0,0.0
136,-0.5649325,-0.24794984023927685,0.0,0.0,0.0,0.0
137,-0.56222165,-0.24043567225573292,0.0,0.0,0.0,0.0
138,-0.56327635,-0.24043567225573292,0.0,0.0,0.0,0.0
139,-0.5693294,-0.24043567225573292,0.0,0.0,0.0,0.0
140,-0.57804316,-0.24043567225573292,0.0,0.0,0.0,0.0
141,-0.58629304,-0.24043567225573292,0.0,0.0,0.0,0.0
142,-0.59100664,-0.24043567225573292,0.0,0.0,0.0,0.0
143,-0.58914,-0.24043567225573292,0.0,0.0,0.0,0.0
144,-0.5877425,-0.24043567225573292,0.0,0.0,0.0,0.0
145,-0.61643106,-0.24043567225573292,0.0,0.0,0.0,0.0
146,-0.6435779,-0.24043567225573292,0.0,0.0,0.0,0.0
147,-0.6707994,-0.24043567225573292,0.0,0.0,0.0,0.0
148,-0.6990937,-0.24043567225573292,0.0,0.0,0.0,0.0
149,-0.7289141,-0.24043567225573292,0.0,0.0,0.0,0.0
150,-0.7602778,-0.24043567225573292,0.0,0.0,0.0,0.0
151,-0.7922097,-0.24043567225573292,0.0,0.0,0.0,0.0
152,-0.8218779,-0.24043567225573292,0.0,0.0,0.0,0.0
153,-0.8464769,-0.24043567225573292,0.0,0.0,0.0,0.0
154,-0.86612225,-0.23649276072890435,0.0,0.0,0.0,0.0
155,-0.88679886,-0.22804535818555427,0.0,0.0,0.0,0.0
156,-0.91469884,1.0623304613272562,1.0623304613272562,1.0623304613272562,1.0623304613272562,1.0623305
157,-0.9510372,6.045871392017575,5.0,3.937669538672744,5.0,5.0
158,-0.98536575,9.01180941109934,5.0,0.0,5.0,5.0
159,-1.0,10.424172761583774,5.0,0.0,5.0,5.0
160,-0.64126563,-0.24192252412133566,0.0,0.0,0.0,0.0
161,-0.6264404,-0.24192252412133566,0.0,0.0,0.0,0.0
162,-0.61942285,-0.24192252412133566,0.0,0.0,0.0,0.0
163,-0.6202937,-0.24192252412133566,0.0,0.0,0.0,0.0
164,-0.62763965,-0.24192252412133566,0.0,0.0,0.0,0.0
165,-0.63924533,-0.24192252412133566,0.0,0.0,0.0,0.0
166,-0.65119016,-0.24192252412133566,0.0,0.0,0.0,0.0
167,-0.65922856,-0.24192252412133566,0.0,0.0,0.0,0.0
168,-0.6614328,-0.24192252412133566,0.0,0.0,0.0,0.0
169,-0.6612902,-0.24192252412133566,0.0,0.0,0.0,0.0
170,-0.66337746,-0.24192252412133566,0.0,0.0,0.0,0.0
171,-0.6712446,-0.24192252412133566,0.0,0.0,0.0,0.0
172,-0.6863209,-0.24192252412133566,0.0,0.0,0.0,0.0
173,-0.70958966,-0.24192252412133566,0.0,0.0,0.0,0.0
174,-0.7421998,-0.24192252412133566,0.0,0.0,0.0,0.0
175,-0.78540814,-0.24192252412133566,0.0,0.0,0.0,0.0
176,-0.8388187,-0.24192252412133566,0.0,0.0,0.0,0.0
177,-0.89060664,-0.18146910506564456,0.0,0.0,0.0,0.0
178,-0.917764,1.1405515853866446,1.1405515853866446,1.1405515853866446,1.1405515853866446,1.1405516
179,-0.929534,1.7010007217983376,1.7010007217983376,0.560449136411693,1.7010007217983376,1.7010007
180,-0.9355844,1.9911663396910957,1.9911663396910957,0.2901656178927581,1.9911663396910957,1.9911664
181,-0.946164,2.5627298480745897,2.5627298480745897,0.571563508383494,2.5627298480745897,2.5627298
182,-0.9703399,7.73155637030863,5.0,2.4372701519254103,5.0,5.0
183,-1.0,10.436538721351718,5.0,0.0,5.0,5.0
184,-0.60294574,-0.24220951132585217,0.0,0.0,0.0,0.0
185,-0.616523,-0.24220951132585217,0.0,0.0,0.0,0.0
186,-0.6239257,-0.24220951132585217,0.0,0.0,0.0,0.0
187,-0.6258377,-0.24220951132585217,0.0,0.0,0.0,0.0
188,-0.62404484,-0.24220951132585217,0.0,0.0,0.0,0.0
189,-0.62104857,-0.24220951132585217,0.0,0.0,0.0,0.0
190,-0.6204501,-0.24220951132585217,0.0,0.0,0.0,0.0
191,-0.6259253,-0.24220951132585217,0.0,0.0,0.0,0.0
192,-0.6391968,-0.24220951132585217,0.0,0.0,0.0,0.0
193,-0.6579037,-0.24220951132585217,0.0,0.0,0.0,0.0
194,-0.67857313,-0.24220951132585217,0.0,0.0,0.0,0.0
195,-0.6985666,-0.24220951132585217,0.0,0.0,0.0,0.0
196,-0.7175148,-0.24220951132585217,0.0,0.0,0.0,0.0
197,-0.7355866,-0.24220951132585217,0.0,0.0,0.0,0.0
198,-0.75298744,-0.24220951132585217,0.0,0.0,0.0,0.0
199,-0.76997405,-0.24220951132585217,0.0,0.0,0.0,0.0
200,-0.7937037,-0.24220951132585217,0.0,0.0,0.0,0.0
201,-0.84229606,-0.24220951132585217,0.0,0.0,0.0,0.0
202,-0.8784081,-0.24220951132585217,0.0,0.0,0.0,0.0
203,-0.90574896,0.5436413008689281,0.5436413008689281,0.5436413008689281,0.5436413008689281,0.5436413
204,-0.9280254,1.6163302854447417,1.6163302854447417,1.0726889845758136,1.6163302854447417,1.6163303
205,-0.948681,5.451602385902156,5.0,3.3836697145552583,5.0,5.0
206,-0.9703911,7.2573888883611195,5.0,0.0,5.0,5.0
207,-0.9914936,9.217749329691895,5.0,0.0,5.0,5.0
208,-1.0,10.007972164225762,5.0,0.0,5.0,5.0
209,-0.6013913,-0.2587376464381014,0.0,0.0,0.0,0.0
210,-0.5964543,-0.2587376464381014,0.0,0.0,0.0,0.0
211,-0.5942746,-0.2587376464381014,0.0,0.0,0.0,0.0
212,-0.5949205,-0.2587376464381014,0.0,0.0,0.0,0.0
213,-0.59730226,-0.2565926672862674,0.0,0.0,0.0,0.0
214,-0.5997365,-0.2500141999574425,0.0,0.0,0.0,0.0
215,-0.5991276,-0.2500141999574425,0.0,0.0,0.0,0.0
216,-0.5924039,-0.2500141999574425,0.0,0.0,0.0,0.0
217,-0.5796595,-0.2500141999574425,0.0,0.0,0.0,0.0
218,-0.56782,-0.2500141999574425,0.0,0.0,0.0,0.0
219,-0.5651921,-0.2500141999574425,0.0,0.0,0.0,0.0
220,-0.5770738,-0.2500141999574425,0.0,0.0,0.0,0.0
221,-0.60156137,-0.2500141999574425,0.0,0.0,0.0,0.0
222,-0.634752,-0.2500141999574425,0.0,0.0,0.0,0.0
223,-0.672375,-0.2500141999574425,0.0,0.0,0.0,0.0
224,-0.70986784,-0.2500141999574425,0.0,0.0,0.0,0.0
225,-0.74793434,-0.2500141999574425,0.0,0.0,0.0,0.0
226,-0.796676,-0.2500141999574425,0.0,0.0,0.0,0.0
227,-0.82599944,-0.2500141999574425,0.0,0.0,0.0,0.0
228,-0.84222096,-0.2500141999574425,0.0,0.0,0.0,0.0
229,-0.8517391,-0.2500141999574425,0.0,0.0,0.0,0.0
230,-0.8610323,-0.2500141999574425,0.0,0.0,0.0,0.0
231,-0.87626165,-0.2500141999574425,0.0,0.0,0.0,0.0
232,-0.90058553,0.3036613640581289,0.3036613640581289,0.3036613640581289,0.3036613640581289,0.30366138
233,-0.9306473,1.8012453531972614,1.8012453531972614,1.4975839891391325,1.8012453531972614,1.8012453
234,-0.96137595,6.864838766660857,5.0,3.1987546468027386,5.0,5.0
235,-0.9871388,9.085582834987495,5.0,0.0,5.0,5.0
236,-1.0,10.31727537228041,5.0,0.0,5.0,5.0
237,-0.5822296,-0.26673410993486063,0.0,0.0,0.0,0.0
238,-0.58772564,-0.26673410993486063,0.0,0.0,0.0,0.0
239,-0.5899402,-0.26673410993486063,0.0,0.0,0.0,0.0
240,-0.5926744,-0.26673410993486063,0.0,0.0,0.0,0.0
241,-0.60076296,-0.26673410993486063,0.0,0.0,0.0,0.0
242,-0.61625654,-0.26673410993486063,0.0,0.0,0.0,0.0
243,-0.63528603,-0.26673410993486063,0.0,0.0,0.0,0.0
244,-0.65279037,-0.26323494885452814,0.0,0.0,0.0,0.0
245,-0.6648779,-0.25664562414824793,0.0,0.0,0.0,0.0
246,-0.6701224,-0.25664562414824793,0.0,0.0,0.0,0.0
247,-0.6678527,-0.25664562414824793,0.0,0.0,0.0,0.0
248,-0.6593532,-0.25664562414824793,0.0,0.0,0.0,0.0
249,-0.65015584,-0.25664562414824793,0.0,0.0,0.0,0.0
250,-0.64668715,-0.25664562414824793,0.0,0.0,0.0,0.0
251,-0.6552927,-0.25664562414824793,0.0,0.0,0.0,0.0
252,-0.68231964,-0.25664562414824793,0.0,0.0,0.0,0.0
253,-0.7234786,-0.25664562414824793,0.0,0.0,0.0,0.0
254,-0.7473281,-0.25664562414824793,0.0,0.0,0.0,0.0
255,-0.7773801,-0.25664562414824793,0.0,0.0,0.0,0.0
0,-0.67369777,-0.25664562414824793,0.0,0.0,0.0,0.0
1,-0.6760753,-0.25664562414824793,0.0,0.0,0.0,0.0
2,-0.66448164,-0.25664562414824793,0.0,0.0,0.0,0.0
3,-0.6453999,-0.25664562414824793,0.0,0.0,0.0,0.0
4,-0.62773365,-0.25664562414824793,0.0,0.0,0.0,0.0
5,-0.6182072,-0.25664562414824793,0.0,0.0,0.0,0.0
6,-0.61882114,-0.25664562414824793,0.0,0.0,0.0,0.0
7,-0.6301256,-0.25664562414824793,0.0,0.0,0.0,0.0
8,-0.6503515,-0.25664562414824793,0.0,0.0,0.0,0.0
9,-0.6728346,-0.25664562414824793,0.0,0.0,0.0,0.0
10,-0.6901448,-0.25664562414824793,0.0,0.0,0.0,0.0
11,-0.69858885,-0.25664562414824793,0.0,0.0,0.0,0.0
12,-0.7028038,-0.25664562414824793,0.0,0.0,0.0,0.0
13,-0.70928687,-0.25664562414824793,0.0,0.0,0.0,0.0
14,-0.7244715,-0.25664562414824793,0.0,0.0,0.0,0.0
15,-0.7547731,-0.25664562414824793,0.0,0.0,0.0,0.0
16,-0.7993652,-0.25664562414824793,0.0,0.0,0.0,0.0
17,-0.83408576,-0.25664562414824793,0.0,0.0,0.0,0.0
18,-0.8585569,-0.25664562414824793,0.0,0.0,0.0,0.0
19,-0.87697077,-0.2501723215848734,0.0,0.0,0.0,0.0
20,-0.8936097,-0.01789214397197393,0.0,0.0,0.0,0.0
21,-0.9128149,1.0242884423198284,1.0242884423198284,1.0242884423198284,1.0242884423198284,1.0242884
22,-0.9385689,2.4074943976408774,2.4074943976408774,1.383205955321049,2.4074943976408774,2.4074945
23,-0.9716041,8.569043071834601,5.0,2.5925056023591226,5.0,5.0
24,-0.9997444,11.279005109121814,5.0,0.0,5.0,5.0
25,-0.6364705,-0.26238219638859706,0.0,0.0,0.0,0.0
26,-0.6394008,-0.26238219638859706,0.0,0.0,0.0,0.0
27,-0.63092107,-0.26238219638859706,0.0,0.0,0.0,0.0
28,-0.615949,-0.26238219638859706,0.0,0.0,0.0,0.0
29,-0.60145384,-0.26238219638859706,0.0,0.0,0.0,0.0
30,-0.59298754,-0.26238219638859706,0.0,0.0,0.0,0.0
31,-0.59306645,-0.26238219638859706,0.0,0.0,0.0,0.0
32,-0.6031884,-0.26238219638859706,0.0,0.0,0.0,0.0
33,-0.6223786,-0.26238219638859706,0.0,0.0,0.0,0.0
34,-0.64451265,-0.26238219638859706,0.0,0.0,0.0,0.0
35,-0.6627946,-0.26238219638859706,0.0,0.0,0.0,0.0
36,-0.6730517,-0.26238219638859706,0.0,0.0,0.0,0.0
37,-0.67641497,-0.26238219638859706,0.0,0.0,0.0,0.0
38,-0.6753138,-0.26238219638859706,0.0,0.0,0.0,0.0
39,-0.67185175,-0.26238219638859706,0.0,0.0,0.0,0.0
40,-0.6675739,-0.26238219638859706,0.0,0.0,0.0,0.0
41,-0.6621607,-0.26015713112773314,0.0,0.0,0.0,0.0
42,-0.65732926,-0.2563522339777409,0.0,0.0,0.0,0.0
43,-0.67853487,-0.2563522339777409,0.0,0.0,0.0,0.0
44,-0.7180527,-0.2563522339777409,0.0,0.0,0.0,0.0
45,-0.76828825,-0.2563522339777409,0.0,0.0,0.0,0.0
46,-0.82178664,-0.2563522339777409,0.0,0.0,0.0,0.0
47,-0.87149996,-0.2563522339777409,0.0,0.0,0.0,0.0
48,-0.91290575,1.0910470325482793,1.0910470325482793,1.0910470325482793,1.0910470325482793,1.091047
49,-0.9468777,6.311988862491354,5.0,3.9089529674517207,5.0,5.0
50,-0.97591454,8.981588878931678,5.0,0.0,5.0,5.0
51,-0.9976244,11.304968868661977,5.0,0.0,5.0,5.0
52,-0.6775662,-0.2682641911804436,0.0,0.0,0.0,0.0
53,-0.6811033,-0.2682641911804436,0.0,0.0,0.0,0.0
54,-0.6590487,-0.2682641911804436,0.0,0.0,0.0,0.0
55,-0.62422234,-0.2682641911804436,0.0,0.0,0.0,0.0
56,-0.59389746,-0.2682641911804436,0.0,0.0,0.0,0.0
57,-0.5786318,-0.2682641911804436,0.0,0.0,0.0,0.0
58,-0.57453567,-0.2682641911804436,0.0,0.0,0.0,0.0
59,-0.57458955,-0.2682641911804436,0.0,0.0,0.0,0.0
60,-0.5745124,-0.2682641911804436,0.0,0.0,0.0,0.0
61,-0.575967,-0.2682641911804436,0.0,0.0,0.0,0.0
62,-0.58177775,-0.2682641911804436,0.0,0.0,0.0,0.0
63,-0.5930629,-0.2646548796642343,0.0,0.0,0.0,0.0
64,-0.6073484,-0.26038176227112525,0.0,0.0,0.0,0.0
65,-0.62131226,-0.26038176227112525,0.0,0.0,0.0,0.0
66,-0.63163507,-0.26038176227112525,0.0,0.0,0.0,0.0
67,-0.6350036,-0.26038176227112525,0.0,0.0,0.0,0.0
68,-0.6379942,-0.26038176227112525,0.0,0.0,0.0,0.0
69,-0.6692375,-0.26038176227112525,0.0,0.0,0.0,0.0
70,-0.69590294,-0.26038176227112525,0.0,0.0,0.0,0.0
71,-0.71882904,-0.26038176227112525,0.0,0.0,0.0,0.0
72,-0.73888767,-0.26038176227112525,0.0,0.0,0.0,0.0
73,-0.7569629,-0.26038176227112525,0.0,0.0,0.0,0.0
74,-0.7739026,-0.26038176227112525,0.0,0.0,0.0,0.0
75,-0.78980947,-0.26038176227112525,0.0,0.0,0.0,0.0
76,-0.80286336,-0.26038176227112525,0.0,0.0,0.0,0.0
77,-0.81099725,-0.26038176227112525,0.0,0.0,0.0,0.0
78,-0.81472677,-0.26038176227112525,0.0,0.0,0.0,0.0
79,-0.82027096,-0.26038176227112525,0.0,0.0,0.0,0.0
80,-0.83458406,-0.26038176227112525,0.0,0.0,0.0,0.0
81,-0.8600247,-0.26038176227112525,0.0,0.0,0.0,0.0
82,-0.8892331,-0.26038176227112525,0.0,0.0,0.0,0.0
83,-0.91315424,1.1227161265349779,1.1227161265349779,1.1227161265349779,1.1227161265349779,1.1227161
84,-0.927414,1.9391112121719525,1.9391112121719525,0.8163950856369746,1.9391112121719525,1.9391112
85,-0.93757635,2.519281769696287,2.519281769696287,0.5801705575243346,2.519281769696287,2.5192819
86,-0.95098644,6.856689421114027,5.0,2.480718230303713,5.0,5.0
87,-0.9716142,8.981496243605138,5.0,0.0,5.0,5.0
88,-0.993524,11.452882449937112,5.0,0.0,5.0,5.0
89,-1.0,12.183364206973458,5.0,0.0,5.0,5.0
90,-0.6395269,-0.27777415456371657,0.0,0.0,0.0,0.0
91,-0.64224184,-0.2723910919201014,0.0,0.0,0.0,0.0
92,-0.62851423,-0.26470368463037575,0.0,0.0,0.0,0.0
93,-0.60784787,-0.26470368463037575,0.0,0.0,0.0,0.0
94,-0.59219813,-0.26470368463037575,0.0,0.0,0.0,0.0
95,-0.587574,-0.26470368463037575,0.0,0.0,0.0,0.0
96,-0.5869499,-0.26470368463037575,0.0,0.0,0.0,0.0
97,-0.58093154,-0.26470368463037575,0.0,0.0,0.0,0.0
98,-0.56661385,-0.26470368463037575,0.0,0.0,0.0,0.0
99,-0.5553586,-0.26470368463037575,0.0,0.0,0.0,0.0
100,-0.56104404,-0.26470368463037575,0.0,0.0,0.0,0.0
101,-0.59010077,-0.26470368463037575,0.0,0.0,0.0,0.0
102,-0.63329273,-0.26470368463037575,0.0,0.0,0.0,0.0
103,-0.6774518,-0.26470368463037575,0.0,0.0,0.0,0.0
104,-0.7093548,-0.26470368463037575,0.0,0.0,0.0,0.0
105,-0.7157972,-0.26470368463037575,0.0,0.0,0.0,0.0
106,-0.7147298,-0.26470368463037575,0.0,0.0,0.0,0.0
107,-0.7928404,-0.26470368463037575,0.0,0.0,0.0,0.0
108,-0.8428189,-0.26470368463037575,0.0,0.0,0.0,0.0
109,-0.87240255,-0.26470368463037575,0.0,0.0,0.0,0.0
110,-0.8901491,-0.22514093668868213,0.0,0.0,0.0,0.0
111,-0.9050654,0.6608818710160543,0.6608818710160543,0.6608818710160543,0.6608818710160543,0.6608819
112,-0.9255249,1.8693953224115611,1.8693953224115611,1.2085134513955067,1.8693953224115611,1.8693954
113,-0.9530256,7.219315656446718,5.0,3.1306046775884386,5.0,5.0
114,-0.974247,9.264684301299027,5.0,0.0,5.0,5.0
115,-0.97399443,9.236240597837133,5.0,0.0,5.0,5.0
116,-0.949883,6.5205506092165235,5.0,0.0,5.0,5.0
117,-0.9264701,1.800607968158602,1.800607968158602,0,5.0,5.0
118,-0.9315216,2.0850815534790814,2.0850815534790814,0,5.0,5.0
119,-0.9708875,8.88629666552292,5.0,0.0,5.0,5.0
120,-1.0,12.172976967337906,5.0,0.0,5.0,5.0
121,-0.56662726,-0.27165795096110495,0.0,0.0,0.0,0.0
122,-0.55917275,-0.26340367539685033,0.0,0.0,0.0,0.0
123,-0.5676222,-0.26340367539685033,0.0,0.0,0.0,0.0
124,-0.58453304,-0.26340367539685033,0.0,0.0,0.0,0.0
125,-0.6002209,-0.26340367539685033,0.0,0.0,0.0,0.0
126,-0.6089596,-0.26340367539685033,0.0,0.0,0.0,0.0
127,-0.61246157,-0.26340367539685033,0.0,0.0,0.0,0.0
128,-0.6140895,-0.26340367539685033,0.0,0.0,0.0,0.0
129,-0.6175159,-0.26340367539685033,0.0,0.0,0.0,0.0
130,-0.6271516,-0.26340367539685033,0.0,0.0,0.0,0.0
131,-0.6468779,-0.26340367539685033,0.0,0.0,0.0,0.0
132,-0.6777432,-0.26340367539685033,0.0,0.0,0.0,0.0
133,-0.7153264,-0.26340367539685033,0.0,0.0,0.0,0.0
134,-0.7539995,-0.26340367539685033,0.0,0.0,0.0,0.0
135,-0.7882591,-0.26340367539685033,0.0,0.0,0.0,0.0
136,-0.81269324,-0.26340367539685033,0.0,0.0,0.0,0.0
137,-0.8244937,-0.26340367539685033,0.0,0.0,0.0,0.0
138,-0.8355347,-0.26340367539685033,0.0,0.0,0.0,0.0
139,-0.8677052,-0.26340367539685033,0.0,0.0,0.0,0.0
140,-0.9114725,1.0363431347557055,1.0363431347557055,1.0363431347557055,1.0363431347557055,1.0363431
141,-0.9575291,7.7418891687017535,5.0,3.9636568652442943,5.0,5.0
142,-0.99306434,11.056414574410205,5.0,0.0,5.0,5.0
143,-1.0,11.815099719708876,5.0,0.0,5.0,5.0
144,-0.59337896,-0.27420293315466704,0.0,0.0,0.0,0.0
145,-0.5983285,-0.27420293315466704,0.0,0.0,0.0,0.0
146,-0.597055,-0.27420293315466704,0.0,0.0,0.0,0.0
147,-0.589059,-0.27420293315466704,0.0,0.0,0.0,0.0
148,-0.5744637,-0.27420293315466704,0.0,0.0,0.0,0.0
149,-0.5559752,-0.27420293315466704,0.0,0.0,0.0,0.0
150,-0.5419645,-0.27420293315466704,0.0,0.0,0.0,0.0
151,-0.5413983,-0.27420293315466704,0.0,0.0,0.0,0.0
152,-0.55855143,-0.27420293315466704,0.0,0.0,0.0,0.0
153,-0.58798885,-0.27420293315466704,0.0,0.0,0.0,0.0
154,-0.62222224,-0.27420293315466704,0.0,0.0,0.0,0.0
155,-0.6557341,-0.27420293315466704,0.0,0.0,0.0,0.0
156,-0.6872309,-0.27420293315466704,0.0,0.0,0.0,0.0
157,-0.7165311,-0.2687013698875569,0.0,0.0,0.0,0.0
158,-0.74365073,-0.2631834694308641,0.0,0.0,0.0,0.0
159,-0.7686409,-0.2631834694308641,0.0,0.0,0.0,0.0
160,-0.7909929,-0.2631834694308641,0.0,0.0,0.0,0.0
161,-0.81081134,-0.2631834694308641,0.0,0.0,0.0,0.0
162,-0.83625793,-0.2631834694308641,0.0,0.0,0.0,0.0
163,-0.8651739,-0.2631834694308641,0.0,0.0,0.0,0.0
164,-0.8953988,0.08619036929987878,0.08619036929987878,0.08619036929987878,0.08619036929987878,0.08619037
165,-0.9246319,1.812277961040031,1.812277961040031,1.7260875917401521,1.812277961040031,1.8122779
166,-0.95025975,6.813337635194955,5.0,3.187722038959969,5.0,5.0
167,-0.9715685,8.852901809294654,5.0,0.0,5.0,5.0
168,-0.9901314,10.917959043553893,5.0,0.0,5.0,5.0
169,-1.0,12.015814534378608,5.0,0.0,5.0,5.0
170,-0.61901325,-0.27886109027696615,0.0,0.0,0.0,0.0
171,-0.62129676,-0.27886109027696615,0.0,0.0,0.0,0.0
172,-0.6135704,-0.27886109027696615,0.0,0.0,0.0,0.0
173,-0.6009788,-0.27886109027696615,0.0,0.0,0.0,0.0
174,-0.5902203,-0.27886109027696615,0.0,0.0,0.0,0.0
175,-0.5856948,-0.27886109027696615,0.0,0.0,0.0,0.0
176,-0.586946,-0.27886109027696615,0.0,0.0,0.0,0.0
177,-0.59238267,-0.27886109027696615,0.0,0.0,0.0,0.0
178,-0.60011554,-0.27886109027696615,0.0,0.0,0.0,0.0
179,-0.6073315,-0.27301031776787443,0.0,0.0,0.0,0.0
180,-0.61117554,-0.26968668028891846,0.0,0.0,0.0,0.0
181,-0.6109431,-0.26786126998439186,0.0,0.0,0.0,0.0
182,-0.610586,-0.2644800444291867,0.0,0.0,0.0,0.0
183,-0.61501354,-0.25593656572228485,0.0,0.0,0.0,0.0
184,-0.6287625,-0.25593656572228485,0.0,0.0,0.0,0.0
185,-0.6560242,-0.25593656572228485,0.0,0.0,0.0,0.0
186,-0.6937408,-0.25593656572228485,0.0,0.0,0.0,0.0
187,-0.7196751,-0.25593656572228485,0.0,0.0,0.0,0.0
188,-0.7454117,-0.25593656572228485,0.0,0.0,0.0,0.0
189,-0.77223384,-0.25593656572228485,0.0,0.0,0.0,0.0
190,-0.8014187,-0.25593656572228485,0.0,0.0,0.0,0.0
191,-0.8343074,-0.25593656572228485,0.0,0.0,0.0,0.0
192,-0.87199724,-0.25593656572228485,0.0,0.0,0.0,0.0
193,-0.9135027,1.1235613948444114,1.1235613948444114,1.1235613948444114,1.1235613948444114,1.1235614
194,-0.9535157,7.058499927411937,5.0,3.8764386051555886,5.0,5.0
195,-0.9852728,9.977302843770214,5.0,0.0,5.0,5.0
196,-1.0,11.552479362472377,5.0,0.0,5.0,5.0
197,-0.5985541,-0.26810808216155596,0.0,0.0,0.0,0.0
198,-0.5955341,-0.26810808216155596,0.0,0.0,0.0,0.0
199,-0.59822696,-0.26810808216155596,0.0,0.0,0.0,0.0
200,-0.6054008,-0.26810808216155596,0.0,0.0,0.0,0.0
201,-0.6157077,-0.26810808216155596,0.0,0.0,0.0,0.0
202,-0.62745965,-0.26810808216155596,0.0,0.0,0.0,0.0
203,-0.63850266,-0.26810808216155596,0.0,0.0,0.0,0.0
204,-0.64667267,-0.2649962503859897,0.0,0.0,0.0,0.0
205,-0.65212435,-0.2595275211558134,0.0,0.0,0.0,0.0
206,-0.6603188,-0.2515028876722964,0.0,0.0,0.0,0.0
207,-0.6774888,-0.2515028876722964,0.0,0.0,0.0,0.0
208,-0.706527,-0.2515028876722964,0.0,0.0,0.0,0.0
209,-0.7433171,-0.2515028876722964,0.0,0.0,0.0,0.0
210,-0.7822177,-0.2515028876722964,0.0,0.0,0.0,0.0
211,-0.8177761,-0.2515028876722964,0.0,0.0,0.0,0.0
212,-0.844613,-0.2515028876722964,0.0,0.0,0.0,0.0
213,-0.866813,-0.2515028876722964,0.0,0.0,0.0,0.0
214,-0.9113383,0.9819496191224109,0.9819496191224109,0.9819496191224109,0.9819496191224109,0.9819496
215,-0.9512631,6.6936120962514405,5.0,4.01805038087759,5.0,5.0
216,-0.9834206,9.597185878245563,5.0,0.0,5.0,5.0
217,-1.0,11.3374654900203,5.0,0.0,5.0,5.0
218,-0.55698466,-0.26311807480707244,0.0,0.0,0.0,0.0
219,-0.5425142,-0.26311807480707244,0.0,0.0,0.0,0.0
220,-0.53786576,-0.26311807480707244,0.0,0.0,0.0,0.0
221,-0.54002845,-0.26311807480707244,0.0,0.0,0.0,0.0
222,-0.54451567,-0.26311807480707244,0.0,0.0,0.0,0.0
223,-0.5486267,-0.26311807480707244,0.0,0.0,0.0,0.0
224,-0.5534428,-0.26311807480707244,0.0,0.0,0.0,0.0
225,-0.5609518,-0.26311807480707244,0.0,0.0,0.0,0.0
226,-0.57323307,-0.26311807480707244,0.0,0.0,0.0,0.0
227,-0.59254575,-0.26311807480707244,0.0,0.0,0.0,0.0
228,-0.6208832,-0.26311807480707244,0.0,0.0,0.0,0.0
229,-0.6571986,-0.26311807480707244,0.0,0.0,0.0,0.0
230,-0.69392043,-0.26311807480707244,0.0,0.0,0.0,0.0
231,-0.72193825,-0.26311807480707244,0.0,0.0,0.0,0.0
232,-0.7321618,-0.26311807480707244,0.0,0.0,0.0,0.0
233,-0.7154424,-0.26132631870253387,0.0,0.0,0.0,0.0
234,-0.6839906,-0.25450262883332947,0.0,0.0,0.0,0.0
235,-0.7023832,-0.24591438812679586,0.0,0.0,0.0,0.0
236,-0.71568376,-0.24591438812679586,0.0,0.0,0.0,0.0
237,-0.7264054,-0.24591438812679586,0.0,0.0,0.0,0.0
238,-0.73707545,-0.24591438812679586,0.0,0.0,0.0,0.0
239,-0.7502765,-0.24591438812679586,0.0,0.0,0.0,0.0
240,-0.76852024,-0.24591438812679586,0.0,0.0,0.0,0.0
241,-0.7928653,-0.24591438812679586,0.0,0.0,0.0,0.0
242,-0.82083327,-0.24591438812679586,0.0,0.0,0.0,0.0
243,-0.8490021,-0.24591438812679586,0.0,0.0,0.0,0.0
244,-0.8744662,-0.24591438812679586,0.0,0.0,0.0,0.0
245,-0.8957364,0.09916402679806977,0.09916402679806977,0.09916402679806977,0.09916402679806977,0.099164024
246,-0.9120003,0.99615220709616,0.99615220709616,0.8969881802980902,0.99615220709616,0.99615216
247,-0.92434675,1.6678253151013305,1.6678253151013305,0.6716731080051704,1.6678253151013305,1.6678252
248,-0.9376138,2.3913674335110855,2.3913674335110855,0.723542118409755,2.3913674335110855,2.3913674
249,-0.95646095,7.096577965235839,5.0,2.6086325664889145,5.0,5.0
250,-0.98126054,9.537737487437925,5.0,0.0,5.0,5.0
251,-1.0,11.539872281996702,5.0,0.0,5.0,5.0
252,-0.58209103,-0.2678154990664526,0.0,0.0,0.0,0.0
253,-0.590707,-0.2678154990664526,0.0,0.0,0.0,0.0
254,-0.6028317,-0.2678154990664526,0.0,0.0,0.0,0.0
255,-0.6149157,-0.2678154990664526,0.0,0.0,0.0,0.0
0,-0.5826417,-0.2678154990664526,0.0,0.0,0.0,0.0
1,-0.5764319,-0.2678154990664526,0.0,0.0,0.0,0.0
2,-0.5706431,-0.2678154990664526,0.0,0.0,0.0,0.0
3,-0.5699652,-0.2678154990664526,0.0,0.0,0.0,0.0
4,-0.5789769,-0.2678154990664526,0.0,0.0,0.0,0.0
5,-0.5973501,-0.2678154990664526,0.0,0.0,0.0,0.0
6,-0.61410666,-0.2678154990664526,0.0,0.0,0.0,0.0
7,-0.61672604,-0.2678154990664526,0.0,0.0,0.0,0.0
8,-0.6006716,-0.2678154990664526,0.0,0.0,0.0,0.0
9,-0.57847613,-0.2678154990664526,0.0,0.0,0.0,0.0
10,-0.5658431,-0.2678154990664526,0.0,0.0,0.0,0.0
11,-0.5721945,-0.2678154990664526,0.0,0.0,0.0,0.0
12,-0.593716,-0.2678154990664526,0.0,0.0,0.0,0.0
13,-0.62349266,-0.2678154990664526,0.0,0.0,0.0,0.0
14,-0.6546531,-0.2678154990664526,0.0,0.0,0.0,0.0
15,-0.6804815,-0.2678154990664526,0.0,0.0,0.0,0.0
16,-0.6990972,-0.2678154990664526,0.0,0.0,0.0,0.0
17,-0.72349566,-0.2678154990664526,0.0,0.0,0.0,0.0
18,-0.7515024,-0.2678154990664526,0.0,0.0,0.0,0.0
19,-0.78304595,-0.2678154990664526,0.0,0.0,0.0,0.0
20,-0.8180782,-0.2678154990664526,0.0,0.0,0.0,0.0
21,-0.8564258,-0.2678154990664526,0.0,0.0,0.0,0.0
22,-0.8975919,0.17199584370281323,0.17199584370281323,0.17199584370281323,0.17199584370281323,0.17199585
23,-0.9394398,2.438257419868428,2.438257419868428,2.266261576165615,2.438257419868428,2.4382575
24,-0.97610223,9.154336381716242,5.0,2.561742580131572,5.0,5.0
25,-0.9986537,11.291848520303448,5.0,0.0,5.0,5.0
26,-0.5527313,-0.2653669941882584,0.0,0.0,0.0,0.0
27,-0.5433804,-0.2653669941882584,0.0,0.0,0.0,0.0
28,-0.53105646,-0.2653669941882584,0.0,0.0,0.0,0.0
29,-0.52072513,-0.2653669941882584,0.0,0.0,0.0,0.0
30,-0.51799077,-0.2653669941882584,0.0,0.0,0.0,0.0
31,-0.5246385,-0.2653669941882584,0.0,0.0,0.0,0.0
32,-0.53437525,-0.2653669941882584,0.0,0.0,0.0,0.0
33,-0.5395338,-0.2653669941882584,0.0,0.0,0.0,0.0
34,-0.5369677,-0.2653669941882584,0.0,0.0,0.0,0.0
35,-0.5332173,-0.2653669941882584,0.0,0.0,0.0,0.0
36,-0.5368593,-0.2653669941882584,0.0,0.0,0.0,0.0
37,-0.5533898,-0.2653669941882584,0.0,0.0,0.0,0.0
38,-0.5810992,-0.2653669941882584,0.0,0.0,0.0,0.0
39,-0.6165153,-0.2653669941882584,0.0,0.0,0.0,0.0
40,-0.655739,-0.2653669941882584,0.0,0.0,0.0,0.0
41,-0.6943071,-0.2653669941882584,0.0,0.0,0.0,0.0
42,-0.72766936,-0.2653669941882584,0.0,0.0,0.0,0.0
43,-0.7538151,-0.2653669941882584,0.0,0.0,0.0,0.0
44,-0.7766318,-0.2653669941882584,0.0,0.0,0.0,0.0
45,-0.7991886,-0.2653669941882584,0.0,0.0,0.0,0.0
46,-0.82473886,-0.2653669941882584,0.0,0.0,0.0,0.0
47,-0.85655427,-0.2653669941882584,0.0,0.0,0.0,0.0
48,-0.8970018,0.13261293146642225,0.13261293146642225,0.13261293146642225,0.13261293146642225,0.13261293
49,-0.9441505,2.6438327464135,2.6438327464135,2.511219814947078,2.6438327464135,2.6438327
50,-0.98539674,10.341574905963215,5.0,2.3561672535865,5.0,5.0
51,-1.0,11.67566689486752,5.0,0.0,5.0,5.0
52,-0.5995066,-0.27096699859156187,0.0,0.0,0.0,0.0
53,-0.5984549,-0.27096699859156187,0.0,0.0,0.0,0.0
54,-0.59416884,-0.27096699859156187,0.0,0.0,0.0,0.0
55,-0.58860976,-0.27096699859156187,0.0,0.0,0.0,0.0
56,-0.5844803,-0.27096699859156187,0.0,0.0,0.0,0.0
57,-0.583323,-0.27096699859156187,0.0,0.0,0.0,0.0
58,-0.5838973,-0.27096699859156187,0.0,0.0,0.0,0.0
59,-0.5844851,-0.27096699859156187,0.0,0.0,0.0,0.0
60,-0.58519953,-0.27096699859156187,0.0,0.0,0.0,0.0
61,-0.59007627,-0.27096699859156187,0.0,0.0,0.0,0.0
62,-0.6036915,-0.27096699859156187,0.0,0.0,0.0,0.0
63,-0.6278831,-0.27096699859156187,0.0,0.0,0.0,0.0
64,-0.6586722,-0.27096699859156187,0.0,0.0,0.0,0.0
65,-0.69069207,-0.27096699859156187,0.0,0.0,0.0,0.0
66,-0.7186795,-0.27096699859156187,0.0,0.0,0.0,0.0
67,-0.7373388,-0.27096699859156187,0.0,0.0,0.0,0.0
68,-0.748423,-0.27096699859156187,0.0,0.0,0.0,0.0
69,-0.77501756,-0.27096699859156187,0.0,0.0,0.0,0.0
70,-0.8117021,-0.27096699859156187,0.0,0.0,0.0,0.0
71,-0.85309666,-0.27096699859156187,0.0,0.0,0.0,0.0
72,-0.8938529,-0.034784207958607906,0.0,0.0,0.0,0.0
73,-0.92843497,1.834339701115356,1.834339701115356,1.834339701115356,1.834339701115356,1.8343397
74,-0.9511577,6.306150218179157,5.0,3.165660298884644,5.0,5.0
75,-0.96144027,7.106686970870645,5.0,0.0,5.0,5.0
76,-0.96988386,7.9741783058909155,5.0,0.0,5.0,5.0
77,-0.98585445,9.614988529932615,5.0,0.0,5.0,5.0
78,-1.0,11.06829428632008,5.0,0.0,5.0,5.0
79,-0.61271137,-0.28615031764012616,0.0,0.0,0.0,0.0
80,-0.61419404,-0.28615031764012616,0.0,0.0,0.0,0.0
81,-0.60707724,-0.28615031764012616,0.0,0.0,0.0,0.0
82,-0.5976592,-0.28615031764012616,0.0,0.0,0.0,0.0
83,-0.59369606,-0.28615031764012616,0.0,0.0,0.0,0.0
84,-0.5992521,-0.2806997027575546,0.0,0.0,0.0,0.0
85,-0.610548,-0.2764285590790719,0.0,0.0,0.0,0.0
86,-0.62208265,-0.2732305998971773,0.0,0.0,0.0,0.0
87,-0.63008714,-0.2649266958167001,0.0,0.0,0.0,0.0
88,-0.6346546,-0.2649266958167001,0.0,0.0,0.0,0.0
89,-0.6368329,-0.2649266958167001,0.0,0.0,0.0,0.0
90,-0.6382087,-0.2649266958167001,0.0,0.0,0.0,0.0
91,-0.64159733,-0.2649266958167001,0.0,0.0,0.0,0.0
92,-0.65020573,-0.2649266958167001,0.0,0.0,0.0,0.0
93,-0.6674305,-0.2649266958167001,0.0,0.0,0.0,0.0
94,-0.69670594,-0.2649266958167001,0.0,0.0,0.0,0.0
95,-0.7309555,-0.2649266958167001,0.0,0.0,0.0,0.0
96,-0.73941725,-0.2649266958167001,0.0,0.0,0.0,0.0
97,-0.75485337,-0.2649266958167001,0.0,0.0,0.0,0.0
98,-0.77688587,-0.2649266958167001,0.0,0.0,0.0,0.0
99,-0.80505145,-0.2649266958167001,0.0,0.0,0.0,0.0
100,-0.83884656,-0.2649266958167001,0.0,0.0,0.0,0.0
101,-0.8775875,-0.2649266958167001,0.0,0.0,0.0,0.0
102,-0.91913784,1.3021517239947007,1.3021517239947007,1.3021517239947007,1.3021517239947007,1.3021517
103,-0.9580618,6.937570840589666,5.0,3.697848276005299,5.0,5.0
104,-0.987249,9.485715252636256,5.0,0.0,5.0,5.0
105,-1.0,10.759151485672545,5.0,0.0,5.0,5.0
106,-0.59827363,-0.2781580011807794,0.0,0.0,0.0,0.0
107,-0.60797817,-0.2781580011807794,0.0,0.0,0.0,0.0
108,-0.61394584,-0.2781580011807794,0.0,0.0,0.0,0.0
109,-0.615933,-0.2781580011807794,0.0,0.0,0.0,0.0
110,-0.614625,-0.2781580011807794,0.0,0.0,0.0,0.0
111,-0.6108915,-0.2781580011807794,0.0,0.0,0.0,0.0
112,-0.6061005,-0.2746776932292451,0.0,0.0,0.0,0.0
113,-0.6017816,-0.2690194757821792,0.0,0.0,0.0,0.0
114,-0.59938437,-0.26071385127202673,0.0,0.0,0.0,0.0
115,-0.60010517,-0.26071385127202673,0.0,0.0,0.0,0.0
116,-0.6048735,-0.26071385127202673,0.0,0.0,0.0,0.0
117,-0.6144195,-0.26071385127202673,0.0,0.0,0.0,0.0
118,-0.62935203,-0.26071385127202673,0.0,0.0,0.0,0.0
119,-0.6502904,-0.26071385127202673,0.0,0.0,0.0,0.0
120,-0.677856,-0.26071385127202673,0.0,0.0,0.0,0.0
121,-0.7126004,-0.26071385127202673,0.0,0.0,0.0,0.0
122,-0.75365674,-0.26071385127202673,0.0,0.0,0.0,0.0
123,-0.79478896,-0.26071385127202673,0.0,0.0,0.0,0.0
124,-0.8314222,-0.26071385127202673,0.0,0.0,0.0,0.0
125,-0.8647662,-0.26071385127202673,0.0,0.0,0.0,0.0
126,-0.89608717,0.08272537876744576,0.08272537876744576,0.08272537876744576,0.08272537876744576,0.082725376
127,-0.9265425,1.6661967933716086,1.6661967933716086,1.5834714146041629,1.6661967933716086,1.6661968
128,-0.9567753,6.673767422788371,5.0,3.3338032066283914,5.0,5.0
129,-0.9848847,9.179649514329466,5.0,0.0,5.0,5.0
130,-1.0,10.677801417931855,5.0,0.0,5.0,5.0
131,-0.6018173,-0.2760548453446705,0.0,0.0,0.0,0.0
132,-0.58534783,-0.2760548453446705,0.0,0.0,0.0,0.0
133,-0.5632632,-0.2760548453446705,0.0,0.0,0.0,0.0
134,-0.5438233,-0.2760548453446705,0.0,0.0,0.0,0.0
135,-0.5362541,-0.2760548453446705,0.0,0.0,0.0,0.0
136,-0.5445743,-0.2760548453446705,0.0,0.0,0.0,0.0
137,-0.5617418,-0.2760548453446705,0.0,0.0,0.0,0.0
138,-0.5784962,-0.2760548453446705,0.0,0.0,0.0,0.0
139,-0.5883489,-0.2760548453446705,0.0,0.0,0.0,0.0
140,-0.5906721,-0.2760548453446705,0.0,0.0,0.0,0.0
141,-0.5864371,-0.27104619137830316,0.0,0.0,0.0,0.0
142,-0.57791287,-0.2643227477978706,0.0,0.0,0.0,0.0
143,-0.5698652,-0.2643227477978706,0.0,0.0,0.0,0.0
144,-0.5675599,-0.2643227477978706,0.0,0.0,0.0,0.0
145,-0.57624376,-0.2643227477978706,0.0,0.0,0.0,0.0
146,-0.60130227,-0.2643227477978706,0.0,0.0,0.0,0.0
147,-0.636489,-0.2643227477978706,0.0,0.0,0.0,0.0
148,-0.6472219,-0.2643227477978706,0.0,0.0,0.0,0.0
149,-0.66507965,-0.2643227477978706,0.0,0.0,0.0,0.0
150,-0.6884712,-0.2643227477978706,0.0,0.0,0.0,0.0
151,-0.7156226,-0.2643227477978706,0.0,0.0,0.0,0.0
152,-0.7445365,-0.2643227477978706,0.0,0.0,0.0,0.0
153,-0.7733193,-0.2643227477978706,0.0,0.0,0.0,0.0
154,-0.80170906,-0.2643227477978706,0.0,0.0,0.0,0.0
155,-0.8329544,-0.2643227477978706,0.0,0.0,0.0,0.0
156,-0.87076855,-0.2643227477978706,0.0,0.0,0.0,0.0
157,-0.91535586,1.0997822895910163,1.0997822895910163,1.0997822895910163,1.0997822895910163,1.0997823
158,-0.95907444,7.042031284031765,5.0,3.9002177104089837,5.0,5.0
159,-0.9908883,9.788587128033997,5.0,0.0,5.0,5.0
160,-1.0,10.692972332346601,5.0,0.0,5.0,5.0
161,-0.61182797,-0.27644706133264224,0.0,0.0,0.0,0.0
162,-0.60921705,-0.27644706133264224,0.0,0.0,0.0,0.0
163,-0.60110366,-0.27644706133264224,0.0,0.0,0.0,0.0
164,-0.5912486,-0.27644706133264224,0.0,0.0,0.0,0.0
165,-0.5837397,-0.2759422409032063,0.0,0.0,0.0,0.0
166,-0.58122987,-0.2688488188643895,0.0,0.0,0.0,0.0
167,-0.5832181,-0.26058318777554956,0.0,0.0,0.0,0.0
168,-0.58872294,-0.26058318777554956,0.0,0.0,0.0,0.0
169,-0.5975589,-0.26058318777554956,0.0,0.0,0.0,0.0
170,-0.6103742,-0.26058318777554956,0.0,0.0,0.0,0.0
171,-0.6276344,-0.26058318777554956,0.0,0.0,0.0,0.0
172,-0.64979446,-0.26058318777554956,0.0,0.0,0.0,0.0
173,-0.6779017,-0.26058318777554956,0.0,0.0,0.0,0.0
174,-0.71315366,-0.26058318777554956,0.0,0.0,0.0,0.0
175,-0.7564798,-0.26058318777554956,0.0,0.0,0.0,0.0
176,-0.80840135,-0.26058318777554956,0.0,0.0,0.0,0.0
177,-0.86191416,-0.26058318777554956,0.0,0.0,0.0,0.0
178,-0.8936994,-0.041426143500892736,0.0,0.0,0.0,0.0
179,-0.92626613,1.6513140237045305,1.6513140237045305,1.6513140237045305,1.6513140237045305,1.651314
180,-0.9580931,6.800182043141659,5.0,3.3486859762954695,5.0,5.0
181,-0.9857957,9.254472806003012,5.0,0.0,5.0,5.0
182,-1.0,10.659982252233757,5.0,0.0,5.0,5.0
183,-0.6169921,-0.275594163708215,0.0,0.0,0.0,0.0
184,-0.62528175,-0.275594163708215,0.0,0.0,0.0,0.0
185,-0.6347059,-0.275594163708215,0.0,0.0,0.0,0.0
186,-0.6442617,-0.275594163708215,0.0,0.0,0.0,0.0
187,-0.6533993,-0.275594163708215,0.0,0.0,0.0,0.0
188,-0.66170967,-0.275594163708215,0.0,0.0,0.0,0.0
189,-0.6691819,-0.275594163708215,0.0,0.0,0.0,0.0
190,-0.6763974,-0.275594163708215,0.0,0.0,0.0,0.0
191,-0.68448514,-0.275594163708215,0.0,0.0,0.0,0.0
192,-0.69498044,-0.275594163708215,0.0,0.0,0.0,0.0
193,-0.70891947,-0.275594163708215,0.0,0.0,0.0,0.0
194,-0.7266511,-0.2702733272233192,0.0,0.0,0.0,0.0
195,-0.7481018,-0.2632504709795795,0.0,0.0,0.0,0.0
196,-0.7730568,-0.2632504709795795,0.0,0.0,0.0,0.0
197,-0.8013369,-0.2632504709795795,0.0,0.0,0.0,0.0
198,-0.83288443,-0.2632504709795795,0.0,0.0,0.0,0.0
199,-0.86480373,-0.2632504709795795,0.0,0.0,0.0,0.0
200,-0.8884093,-0.2632504709795795,0.0,0.0,0.0,0.0
201,-0.9159096,1.1243995567751666,1.1243995567751666,1.1243995567751666,1.1243995567751666,1.1243995
202,-0.94594496,2.684825530017404,2.684825530017404,1.5604259732422376,2.684825530017404,2.6848254
203,-0.97649866,8.755389888822025,5.0,2.315174469982596,5.0,5.0
204,-1.0,10.972953697403847,5.0,0.0,5.0,5.0
205,-0.6341651,-0.28368546270433936,0.0,0.0,0.0,0.0
206,-0.6370023,-0.28368546270433936,0.0,0.0,0.0,0.0
207,-0.6250623,-0.28368546270433936,0.0,0.0,0.0,0.0
208,-0.6077858,-0.28368546270433936,0.0,0.0,0.0,0.0
209,-0.5966945,-0.28368546270433936,0.0,0.0,0.0,0.0
210,-0.59770626,-0.28368546270433936,0.0,0.0,0.0,0.0
211,-0.6047962,-0.28368546270433936,0.0,0.0,0.0,0.0
212,-0.6096227,-0.28368546270433936,0.0,0.0,0.0,0.0
213,-0.60770875,-0.28368546270433936,0.0,0.0,0.0,0.0
214,-0.6027594,-0.28368546270433936,0.0,0.0,0.0,0.0
215,-0.6001793,-0.2787863477223018,0.0,0.0,0.0,0.0
216,-0.60347,-0.2730548848540424,0.0,0.0,0.0,0.0
217,-0.6121571,-0.2730548848540424,0.0,0.0,0.0,0.0
218,-0.6247673,-0.2730548848540424,0.0,0.0,0.0,0.0
219,-0.6397899,-0.2730548848540424,0.0,0.0,0.0,0.0
220,-0.6557156,-0.2730548848540424,0.0,0.0,0.0,0.0
221,-0.67173344,-0.2730548848540424,0.0,0.0,0.0,0.0
222,-0.68974173,-0.2730548848540424,0.0,0.0,0.0,0.0
223,-0.71103144,-0.2730548848540424,0.0,0.0,0.0,0.0
224,-0.73425746,-0.2730548848540424,0.0,0.0,0.0,0.0
225,-0.75798124,-0.2730548848540424,0.0,0.0,0.0,0.0
226,-0.7806663,-0.2730548848540424,0.0,0.0,0.0,0.0
227,-0.80087626,-0.2730548848540424,0.0,0.0,0.0,0.0
228,-0.81840044,-0.2730548848540424,0.0,0.0,0.0,0.0
229,-0.83568454,-0.2730548848540424,0.0,0.0,0.0,0.0
230,-0.855674,-0.2730548848540424,0.0,0.0,0.0,0.0
231,-0.87995654,-0.2730548848540424,0.0,0.0,0.0,0.0
232,-0.9071733,0.6904487810225887,0.6904487810225887,0.6904487810225887,0.6904487810225887,0.69044876
233,-0.93533975,2.21793003787529,2.21793003787529,1.5274812568527012,2.21793003787529,2.2179298
234,-0.9628172,7.629855422152039,5.0,2.78206996212471,5.0,5.0
235,-0.98703945,9.924825360400973,5.0,0.0,5.0,5.0
236,-1.0,11.28210536547607,5.0,0.0,5.0,5.0
237,-0.58460456,-0.29167800841458297,0.0,0.0,0.0,0.0
238,-0.5872887,-0.29167800841458297,0.0,0.0,0.0,0.0
239,-0.596495,-0.29167800841458297,0.0,0.0,0.0,0.0
240,-0.6057875,-0.29167800841458297,0.0,0.0,0.0,0.0
241,-0.607832,-0.29167800841458297,0.0,0.0,0.0,0.0
242,-0.6004856,-0.29167800841458297,0.0,0.0,0.0,0.0
243,-0.59259593,-0.29167800841458297,0.0,0.0,0.0,0.0
244,-0.5950154,-0.29167800841458297,0.0,0.0,0.0,0.0
245,-0.61281246,-0.29167800841458297,0.0,0.0,0.0,0.0
246,-0.6379697,-0.2910629557508435,0.0,0.0,0.0,0.0
247,-0.6596616,-0.2864028058149602,0.0,0.0,0.0,0.0
248,-0.671555,-0.28271930757055513,0.0,0.0,0.0,0.0
249,-0.67741627,-0.2787952901237855,0.0,0.0,0.0,0.0
250,-0.68335277,-0.2705722907815395,0.0,0.0,0.0,0.0
251,-0.6955085,-0.2705722907815395,0.0,0.0,0.0,0.0
252,-0.72000545,-0.2705722907815395,0.0,0.0,0.0,0.0
253,-0.7549154,-0.2705722907815395,0.0,0.0,0.0,0.0
254,-0.77627176,-0.2705722907815395,0.0,0.0,0.0,0.0
255,-0.7971359,-0.2705722907815395,0.0,0.0,0.0,0.0
0,-0.8492419,-0.2705722907815395,0.0,0.0,0,0.0
1,-0.88124985,-0.2705722907815395,0.0,0.0,0,0.0
2,-0.9116871,0.9277820215665187,0.9277820215665187,0.9277820215665187,0.9277820215665187,0.927782
3,-0.94171375,2.536518220094338,2.536518220094338,1.6087361985278192,2.536518220094338,2.536518
4,-0.97137964,8.455619310137017,5.0,2.463481779905662,5.0,5.0
5,-0.99498594,10.71399984857701,5.0,0.0,5.0,5.0
6,-1.0,11.236992579752412,5.0,0.0,5.0,5.0
7,-0.64189726,-0.2905117006140748,0.0,0.0,0.0,0.0
8,-0.64180154,-0.2905117006140748,0.0,0.0,0.0,0.0
9,-0.63758105,-0.2905117006140748,0.0,0.0,0.0,0.0
10,-0.63156307,-0.2905117006140748,0.0,0.0,0.0,0.0
11,-0.62706894,-0.2905117006140748,0.0,0.0,0.0,0.0
12,-0.62621164,-0.2905117006140748,0.0,0.0,0.0,0.0
13,-0.62839943,-0.2905117006140748,0.0,0.0,0.0,0.0
14,-0.63245296,-0.2905117006140748,0.0,0.0,0.0,0.0
15,-0.6377942,-0.2905117006140748,0.0,0.0,0.0,0.0
16,-0.6450989,-0.2905117006140748,0.0,0.0,0.0,0.0
17,-0.6551717,-0.2905117006140748,0.0,0.0,0.0,0.0
18,-0.6679131,-0.2905117006140748,0.0,0.0,0.0,0.0
19,-0.681405,-0.2905117006140748,0.0,0.0,0.0,0.0
20,-0.6933206,-0.2905117006140748,0.0,0.0,0.0,0.0
21,-0.7012932,-0.2905117006140748,0.0,0.0,0.0,0.0
22,-0.7029039,-0.2905117006140748,0.0,0.0,0.0,0.0
23,-0.7022791,-0.28946549641643815,0.0,0.0,0.0,0.0
24,-0.72084916,-0.281546816973995,0.0,0.0,0.0,0.0
25,-0.74634635,-0.273383234326712,0.0,0.0,0.0,0.0
26,-0.77503,-0.273383234326712,0.0,0.0,0.0,0.0
27,-0.80325913,-0.273383234326712,0.0,0.0,0.0,0.0
28,-0.8275474,-0.273383234326712,0.0,0.0,0.0,0.0
29,-0.8447871,-0.273383234326712,0.0,0.0,0.0,0.0
30,-0.8548124,-0.273383234326712,0.0,0.0,0.0,0.0
31,-0.86404735,-0.273383234326712,0.0,0.0,0.0,0.0
32,-0.8799506,-0.273383234326712,0.0,0.0,0.0,0.0
33,-0.9060091,0.6277937909413528,0.6277937909413528,0.6277937909413528,0.6277937909413528,0.6277938
34,-0.9369379,2.3086829182471225,2.3086829182471225,1.6808891273057696,2.3086829182471225,2.308683
35,-0.9653017,7.89298311268045,5.0,2.6913170817528775,5.0,5.0
36,-0.98679924,9.91444471129172,5.0,0.0,5.0,5.0
37,-1.0,11.298942684976641,5.0,0.0,5.0,5.0
38,-0.5542934,-0.29211330623000625,0.0,0.0,0.0,0.0
39,-0.5616675,-0.29211330623000625,0.0,0.0,0.0,0.0
40,-0.5647813,-0.29211330623000625,0.0,0.0,0.0,0.0
41,-0.5678747,-0.29211330623000625,0.0,0.0,0.0,0.0
42,-0.57644236,-0.29211330623000625,0.0,0.0,0.0,0.0
43,-0.59238446,-0.29211330623000625,0.0,0.0,0.0,0.0
44,-0.60983366,-0.29211330623000625,0.0,0.0,0.0,0.0
45,-0.62147963,-0.29211330623000625,0.0,0.0,0.0,0.0
46,-0.6233654,-0.29211330623000625,0.0,0.0,0.0,0.0
47,-0.6187548,-0.29211330623000625,0.0,0.0,0.0,0.0
48,-0.6124022,-0.29211330623000625,0.0,0.0,0.0,0.0
49,-0.607736,-0.29129509508578033,0.0,0.0,0.0,0.0
50,-0.60542953,-0.2833288980465262,0.0,0.0,0.0,0.0
51,-0.6054974,-0.27522617276668976,0.0,0.0,0.0,0.0
52,-0.6079661,-0.27522617276668976,0.0,0.0,0.0,0.0
53,-0.61293113,-0.27522617276668976,0.0,0.0,0.0,0.0
54,-0.61407757,-0.27522617276668976,0.0,0.0,0.0,0.0
55,-0.59652865,-0.27522617276668976,0.0,0.0,0.0,0.0
56,-0.6025463,-0.27522617276668976,0.0,0.0,0.0,0.0
57,-0.6261353,-0.27522617276668976,0.0,0.0,0.0,0.0
58,-0.6612006,-0.27522617276668976,0.0,0.0,0.0,0.0
59,-0.7013392,-0.27522617276668976,0.0,0.0,0.0,0.0
60,-0.7401744,-0.27522617276668976,0.0,0.0,0.0,0.0
61,-0.77344495,-0.27522617276668976,0.0,0.0,0.0,0.0
62,-0.8015801,-0.27522617276668976,0.0,0.0,0.0,0.0
63,-0.8259612,-0.27522617276668976,0.0,0.0,0.0,0.0
64,-0.846941,-0.27522617276668976,0.0,0.0,0.0,0.0
65,-0.86263484,-0.27522617276668976,0.0,0.0,0.0,0.0
66,-0.8705377,-0.27522617276668976,0.0,0.0,0.0,0.0
67,-0.8718873,-0.27522617276668976,0.0,0.0,0.0,0.0
68,-0.8770066,-0.27522617276668976,0.0,0.0,0.0,0.0
69,-0.8977433,0.1782479589326815,0.1782479589326815,0.1782479589326815,0.1782479589326815,0.17824796
70,-0.9392847,2.4580804648980994,2.4580804648980994,2.279832505965418,2.4580804648980994,2.4580805
71,-0.98519784,10.012891552908865,5.0,2.5419195351019006,5.0,5.0
72,-1.0,11.308064689384393,5.0,0.0,5.0,5.0
73,-0.6065243,-0.29234913881552205,0.0,0.0,0.0,0.0
74,-0.59940505,-0.2849620495628367,0.0,0.0,0.0,0.0
75,-0.5970232,-0.27748802728812927,0.0,0.0,0.0,0.0
76,-0.59692067,-0.27748802728812927,0.0,0.0,0.0,0.0
77,-0.5960036,-0.27748802728812927,0.0,0.0,0.0,0.0
78,-0.59319884,-0.27748802728812927,0.0,0.0,0.0,0.0
79,-0.59161824,-0.27748802728812927,0.0,0.0,0.0,0.0
80,-0.59499675,-0.27748802728812927,0.0,0.0,0.0,0.0
81,-0.60450983,-0.27748802728812927,0.0,0.0,0.0,0.0
82,-0.6159232,-0.27748802728812927,0.0,0.0,0.0,0.0
83,-0.62396646,-0.27748802728812927,0.0,0.0,0.0,0.0
84,-0.6255869,-0.27748802728812927,0.0,0.0,0.0,0.0
85,-0.6225282,-0.27748802728812927,0.0,0.0,0.0,0.0
86,-0.61765116,-0.27748802728812927,0.0,0.0,0.0,0.0
87,-0.6138042,-0.27748802728812927,0.0,0.0,0.0,0.0
88,-0.61382127,-0.27748802728812927,0.0,0.0,0.0,0.0
89,-0.6219806,-0.27748802728812927,0.0,0.0,0.0,0.0
90,-0.6441853,-0.27748802728812927,0.0,0.0,0.0,0.0
91,-0.67122424,-0.27748802728812927,0.0,0.0,0.0,0.0
92,-0.7005344,-0.27748802728812927,0.0,0.0,0.0,0.0
93,-0.7296475,-0.27748802728812927,0.0,0.0,0.0,0.0
94,-0.7561138,-0.27748802728812927,0.0,0.0,0.0,0.0
95,-0.77763826,-0.27748802728812927,0.0,0.0,0.0,0.0
96,-0.7935103,-0.27748802728812927,0.0,0.0,0.0,0.0
97,-0.80646837,-0.27748802728812927,0.0,0.0,0.0,0.0
98,-0.81985587,-0.27748802728812927,0.0,0.0,0.0,0.0
99,-0.83529156,-0.27748802728812927,0.0,0.0,0.0,0.0
100,-0.85070455,-0.27748802728812927,0.0,0.0,0.0,0.0
101,-0.86353713,-0.27748802728812927,0.0,0.0,0.0,0.0
102,-0.87356776,-0.27748802728812927,0.0,0.0,0.0,0.0
103,-0.8854528,-0.2711054475043005,0.0,0.0,0.0,0.0
104,-0.9043513,0.619081700084756,0.619081700084756,0.619081700084756,0.619081700084756,0.6190817
105,-0.9308044,2.1855472422792976,2.1855472422792976,1.5664655421945417,2.1855472422792976,2.185547
106,-0.95562065,7.496135843368263,5.0,2.8144527577207024,5.0,5.0
107,-0.96806854,8.617502177510186,5.0,0.0,5.0,5.0
108,-0.96454173,8.218016642962292,5.0,0.0,5.0,5.0
109,-0.9577563,7.449424227379923,5.0,0.0,5.0,5.0
110,-0.96344686,8.093996997084497,5.0,0.0,5.0,5.0
111,-0.98552907,10.595269446676928,5.0,0.0,5.0,5.0
112,-1.0,12.234399574838447,5.0,0.0,5.0,5.0
113,-0.62335384,-0.2839339767239454,0.0,0.0,0.0,0.0
114,-0.6270046,-0.2839339767239454,0.0,0.0,0.0,0.0
115,-0.62433827,-0.2839339767239454,0.0,0.0,0.0,0.0
116,-0.61870986,-0.2839339767239454,0.0,0.0,0.0,0.0
117,-0.6150399,-0.2839339767239454,0.0,0.0,0.0,0.0
118,-0.61696494,-0.2839339767239454,0.0,0.0,0.0,0.0
119,-0.6245247,-0.2839339767239454,0.0,0.0,0.0,0.0
120,-0.6364977,-0.2839339767239454,0.0,0.0,0.0,0.0
121,-0.65147054,-0.2839339767239454,0.0,0.0,0.0,0.0
122,-0.6685611,-0.2839339767239454,0.0,0.0,0.0,0.0
123,-0.68691105,-0.2839339767239454,0.0,0.0,0.0,0.0
124,-0.7061803,-0.2839339767239454,0.0,0.0,0.0,0.0
125,-0.7273688,-0.2839339767239454,0.0,0.0,0.0,0.0
126,-0.75188917,-0.2839339767239454,0.0,0.0,0.0,0.0
127,-0.78132033,-0.2833799504515627,0.0,0.0,0.0,0.0
128,-0.8174431,-0.27616365740709226,0.0,0.0,0.0,0.0
129,-0.85895246,-0.2693470401560779,0.0,0.0,0.0,0.0
130,-0.8948167,0.05302515554244917,0.05302515554244917,0.05302515554244917,0.05302515554244917,0.053025156
131,-0.92614025,1.946065796065336,1.946065796065336,1.8930406405228868,1.946065796065336,1.9460658
132,-0.9546156,7.463673268044475,5.0,3.0539342039346637,5.0,5.0
133,-0.98135006,10.159019690729362,5.0,0.0,5.0,5.0
134,-1.0,12.279255226116367,5.0,0.0,5.0,5.0
135,-0.72009176,-0.2849749794611844,0.0,0.0,0.0,0.0
136,-0.74248606,-0.2849749794611844,0.0,0.0,0.0,0.0
137,-0.7828773,-0.2849749794611844,0.0,0.0,0.0,0.0
138,-0.8179388,-0.2849749794611844,0.0,0.0,0.0,0.0
139,-0.82076806,-0.2849749794611844,0.0,0.0,0.0,0.0
140,-0.78060585,-0.2849749794611844,0.0,0.0,0.0,0.0
141,-0.7208955,-0.2849749794611844,0.0,0.0,0.0,0.0
142,-0.67150754,-0.2849749794611844,0.0,0.0,0.0,0.0
143,-0.65000576,-0.2849749794611844,0.0,0.0,0.0,0.0
144,-0.64793915,-0.2849749794611844,0.0,0.0,0.0,0.0
145,-0.651328,-0.2849749794611844,0.0,0.0,0.0,0.0
146,-0.6513263,-0.2849749794611844,0.0,0.0,0.0,0.0
147,-0.6501679,-0.2849749794611844,0.0,0.0,0.0,0.0
148,-0.6529331,-0.2849749794611844,0.0,0.0,0.0,0.0
149,-0.6646578,-0.2849749794611844,0.0,0.0,0.0,0.0
150,-0.6901053,-0.2849749794611844,0.0,0.0,0.0,0.0
151,-0.72818524,-0.2849749794611844,0.0,0.0,0.0,0.0
152,-0.7609348,-0.2849749794611844,0.0,0.0,0.0,0.0
153,-0.7922617,-0.2849749794611844,0.0,0.0,0.0,0.0
154,-0.8215491,-0.2849749794611844,0.0,0.0,0.0,0.0
155,-0.84821314,-0.2849749794611844,0.0,0.0,0.0,0.0
156,-0.8717219,-0.2849749794611844,0.0,0.0,0.0,0.0
157,-0.8918486,-0.1505091964361505,0.0,0.0,0.0,0.0
158,-0.91023624,0.9055159928251134,0.9055159928251134,0.9055159928251134,0.9055159928251134,0.90551597
159,-0.9321284,2.3429077940131067,2.3429077940131067,1.4373918011879931,2.3429077940131067,2.3429077
160,-0.9627278,8.63817041411369,5.0,2.6570922059868933,5.0,5.0
161,-0.9955743,12.188195168974659,5.0,0.0,5.0,5.0
162,-1.0,12.708944035234596,5.0,0.0,5.0,5.0
163,-0.565224,-0.294947128202969,0.0,0.0,0.0,0.0
164,-0.5716866,-0.294947128202969,0.0,0.0,0.0,0.0
165,-0.5724165,-0.294947128202969,0.0,0.0,0.0,0.0
166,-0.5652636,-0.294947128202969,0.0,0.0,0.0,0.0
167,-0.5488715,-0.294947128202969,0.0,0.0,0.0,0.0
168,-0.52473503,-0.294947128202969,0.0,0.0,0.0,0.0
169,-0.5004135,-0.294947128202969,0.0,0.0,0.0,0.0
170,-0.48449418,-0.2518080201938573,0.0,0.0,0.0,0.0
171,-0.48222262,-0.24417138572088307,0.0,0.0,0.0,0.0
172,-0.49168786,-0.27599196070230003,0.0,0.0,0.0,0.0
173,-0.5093117,-0.294947128202969,0.0,0.0,0.0,0.0
174,-0.53193194,-0.294947128202969,0.0,0.0,0.0,0.0
175,-0.55737305,-0.294947128202969,0.0,0.0,0.0,0.0
176,-0.5836511,-0.294947128202969,0.0,0.0,0.0,0.0
177,-0.6087412,-0.294947128202969,0.0,0.0,0.0,0.0
178,-0.6306029,-0.294947128202969,0.0,0.0,0.0,0.0
179,-0.6501019,-0.294947128202969,0.0,0.0,0.0,0.0
180,-0.6747566,-0.28755487117571893,0.0,0.0,0.0,0.0
181,-0.6952238,-0.2819017312055207,0.0,0.0,0.0,0.0
182,-0.712926,-0.2819017312055207,0.0,0.0,0.0,0.0
183,-0.7292924,-0.2819017312055207,0.0,0.0,0.0,0.0
184,-0.74554306,-0.2819017312055207,0.0,0.0,0.0,0.0
185,-0.7625471,-0.2819017312055207,0.0,0.0,0.0,0.0
186,-0.7808332,-0.2819017312055207,0.0,0.0,0.0,0.0
187,-0.8006725,-0.2819017312055207,0.0,0.0,0.0,0.0
188,-0.8223555,-0.2819017312055207,0.0,0.0,0.0,0.0
189,-0.84656817,-0.2819017312055207,0.0,0.0,0.0,0.0
190,-0.87459785,-0.2819017312055207,0.0,0.0,0.0,0.0
191,-0.9071206,0.8338252790760899,0.8338252790760899,0.8338252790760899,0.8338252790760899,0.8338253
192,-0.94285923,3.0802850070661445,3.0802850070661445,2.2464597279900547,3.0802850070661445,3.080285
193,-0.9772,10.482702476781972,5.0,1.9197149929338555,5.0,5.0
194,-1.0,13.03661135501993,5.0,0.0,5.0,5.0
195,-0.6715792,-0.30255157863635734,0.0,0.0,0.0,0.0
196,-0.6811581,-0.30255157863635734,0.0,0.0,0.0,0.0
197,-0.6811205,-0.30255157863635734,0.0,0.0,0.0,0.0
198,-0.6752935,-0.30255157863635734,0.0,0.0,0.0,0.0
199,-0.6693449,-0.30255157863635734,0.0,0.0,0.0,0.0
200,-0.66733783,-0.30255157863635734,0.0,0.0,0.0,0.0
201,-0.6690718,-0.30255157863635734,0.0,0.0,0.0,0.0
202,-0.6734045,-0.2964948941960786,0.0,0.0,0.0,0.0
203,-0.68013716,-0.2891962716057674,0.0,0.0,0.0,0.0
204,-0.6915748,-0.2812446759158927,0.0,0.0,0.0,0.0
205,-0.7102187,-0.2812446759158927,0.0,0.0,0.0,0.0
206,-0.73707616,-0.2812446759158927,0.0,0.0,0.0,0.0
207,-0.77045053,-0.2812446759158927,0.0,0.0,0.0,0.0
208,-0.8080863,-0.2812446759158927,0.0,0.0,0.0,0.0
209,-0.8478639,-0.2812446759158927,0.0,0.0,0.0,0.0
210,-0.8877943,-0.2812446759158927,0.0,0.0,0.0,0.0
211,-0.9257986,2.0106774736792588,2.0106774736792588,2.0106774736792588,2.0106774736792588,2.0106776
212,-0.9592294,8.330900658010322,5.0,2.9893225263207412,5.0,5.0
213,-0.98532057,11.017729102142809,5.0,0.0,5.0,5.0
214,-1.0,12.75064232684568,5.0,0.0,5.0,5.0
215,-0.56319374,-0.29591485544510343,0.0,0.0,0.0,0.0
216,-0.5778275,-0.29591485544510343,0.0,0.0,0.0,0.0
217,-0.5820384,-0.29591485544510343,0.0,0.0,0.0,0.0
218,-0.58085907,-0.29591485544510343,0.0,0.0,0.0,0.0
219,-0.5814861,-0.29591485544510343,0.0,0.0,0.0,0.0
220,-0.5873998,-0.29591485544510343,0.0,0.0,0.0,0.0
221,-0.59381586,-0.29591485544510343,0.0,0.0,0.0,0.0
222,-0.5943485,-0.29591485544510343,0.0,0.0,0.0,0.0
223,-0.58598983,-0.29591485544510343,0.0,0.0,0.0,0.0
224,-0.57322496,-0.29591485544510343,0.0,0.0,0.0,0.0
225,-0.56201017,-0.29591485544510343,0.0,0.0,0.0,0.0
226,-0.5570452,-0.29591485544510343,0.0,0.0,0.0,0.0
227,-0.5605929,-0.29591485544510343,0.0,0.0,0.0,0.0
228,-0.5743161,-0.29591485544510343,0.0,0.0,0.0,0.0
229,-0.59988606,-0.29591485544510343,0.0,0.0,0.0,0.0
230,-0.6390785,-0.29591485544510343,0.0,0.0,0.0,0.0
231,-0.68901694,-0.29591485544510343,0.0,0.0,0.0,0.0
232,-0.7313652,-0.29591485544510343,0.0,0.0,0.0,0.0
233,-0.76437974,-0.29175567168028504,0.0,0.0,0.0,0.0
234,-0.79232186,-0.28457658388626056,0.0,0.0,0.0,0.0
235,-0.8194445,-0.2770189186641581,0.0,0.0,0.0,0.0
236,-0.849969,-0.2770189186641581,0.0,0.0,0.0,0.0
237,-0.88775116,-0.2770189186641581,0.0,0.0,0.0,0.0
238,-0.9336148,2.46634168093294,2.46634168093294,2.46634168093294,2.46634168093294,2.4663417
239,-0.9781394,10.39598918017868,5.0,2.53365831906706,5.0,5.0
240,-1.0,12.615044124355284,5.0,0.0,5.0,5.0
241,-0.62567425,-0.29276791418049913,0.0,0.0,0.0,0.0
242,-0.6156492,-0.29276791418049913,0.0,0.0,0.0,0.0
243,-0.60146314,-0.29276791418049913,0.0,0.0,0.0,0.0
244,-0.58849967,-0.29276791418049913,0.0,0.0,0.0,0.0
245,-0.5827184,-0.29276791418049913,0.0,0.0,0.0,0.0
246,-0.5869863,-0.29276791418049913,0.0,0.0,0.0,0.0
247,-0.597602,-0.29276791418049913,0.0,0.0,0.0,0.0
248,-0.6095038,-0.29276791418049913,0.0,0.0,0.0,0.0
249,-0.61957914,-0.29276791418049913,0.0,0.0,0.0,0.0
250,-0.6290017,-0.29276791418049913,0.0,0.0,0.0,0.0
251,-0.63991505,-0.29276791418049913,0.0,0.0,0.0,0.0
252,-0.6534041,-0.29276791418049913,0.0,0.0,0.0,0.0
253,-0.6682044,-0.29276791418049913,0.0,0.0,0.0,0.0
254,-0.6824467,-0.29276791418049913,0.0,0.0,0.0,0.0
255,-0.69436747,-0.29276791418049913,0.0,0.0,0.0,0.0
0,-0.6444441,-0.29276791418049913,0.0,0.0,0,0.0
1,-0.66090137,-0.29276791418049913,0.0,0.0,0,0.0
2,-0.680165,-0.29276791418049913,0.0,0.0,0,0.0
3,-0.70075554,-0.2875711605747367,0.0,0.0,0,0.0
4,-0.7211208,-0.2802134894805911,0.0,0.0,0,0.0
5,-0.7405131,-0.2720783138501151,0.0,0.0,0,0.0
6,-0.7603559,-0.2720783138501151,0.0,0.0,0,0.0
7,-0.78274363,-0.2720783138501151,0.0,0.0,0,0.0
8,-0.8099167,-0.2720783138501151,0.0,0.0,0,0.0
9,-0.8441677,-0.2720783138501151,0.0,0.0,0,0.0
10,-0.87924284,-0.2720783138501151,0.0,0.0,0,0.0
11,-0.89205,-0.1153544201266532,0.0,0.0,0,0.0
12,-0.9166957,1.3893722070725725,1.3893722070725725,1.3893722070725725,1.3893722070725725,1.3893722
13,-0.94816184,6.82376962644858,5.0,3.6106277929274277,5.0,5.0
14,-0.9802186,10.013276683080274,5.0,0.0,5.0,5.0
15,-1.0,12.258312787745151,5.0,0.0,5.0,5.0
16,-0.6056462,-0.28448895072126446,0.0,0.0,0.0,0.0
17,-0.60627395,-0.28448895072126446,0.0,0.0,0.0,0.0
18,-0.6011715,-0.28448895072126446,0.0,0.0,0.0,0.0
19,-0.5969383,-0.28448895072126446,0.0,0.0,0.0,0.0
20,-0.60167754,-0.28448895072126446,0.0,0.0,0.0,0.0
21,-0.61822015,-0.28448895072126446,0.0,0.0,0.0,0.0
22,-0.6383962,-0.28448895072126446,0.0,0.0,0.0,0.0
23,-0.6524734,-0.28448895072126446,0.0,0.0,0.0,0.0
24,-0.6562173,-0.28448895072126446,0.0,0.0,0.0,0.0
25,-0.6568432,-0.28448895072126446,0.0,0.0,0.0,0.0
26,-0.66368926,-0.28448895072126446,0.0,0.0,0.0,0.0
27,-0.6816291,-0.28448895072126446,0.0,0.0,0.0,0.0
28,-0.70627916,-0.28448895072126446,0.0,0.0,0.0,0.0
29,-0.7309343,-0.28448895072126446,0.0,0.0,0.0,0.0
30,-0.74880606,-0.28448895072126446,0.0,0.0,0.0,0.0
31,-0.7530629,-0.28448895072126446,0.0,0.0,0.0,0.0
32,-0.75435877,-0.28448895072126446,0.0,0.0,0.0,0.0
33,-0.8053274,-0.28448895072126446,0.0,0.0,0.0,0.0
34,-0.8579541,-0.28077149046136973,0.0,0.0,0.0,0.0
35,-0.9087817,0.8356756030202203,0.8356756030202203,0.8356756030202203,0.8356756030202203,0.8356756
36,-0.95500094,7.506120894056221,5.0,4.164324396979779,5.0,5.0
37,-0.9903017,10.748748109946087,5.0,0.0,5.0,5.0
38,-1.0,11.809091549467238,5.0,0.0,5.0,5.0
39,-0.5747703,-0.2740634965064599,0.0,0.0,0.0,0.0
40,-0.58052623,-0.2740634965064599,0.0,0.0,0.0,0.0
41,-0.5877244,-0.2740634965064599,0.0,0.0,0.0,0.0
42,-0.59439397,-0.2740634965064599,0.0,0.0,0.0,0.0
43,-0.5979492,-0.2740634965064599,0.0,0.0,0.0,0.0
44,-0.5967178,-0.2740634965064599,0.0,0.0,0.0,0.0
45,-0.59099644,-0.2740634965064599,0.0,0.0,0.0,0.0
46,-0.5817281,-0.2740634965064599,0.0,0.0,0.0,0.0
47,-0.5715631,-0.2740634965064599,0.0,0.0,0.0,0.0
48,-0.5667218,-0.2740634965064599,0.0,0.0,0.0,0.0
49,-0.5737237,-0.2740634965064599,0.0,0.0,0.0,0.0
50,-0.59531564,-0.2740634965064599,0.0,0.0,0.0,0.0
51,-0.62663406,-0.2740634965064599,0.0,0.0,0.0,0.0
52,-0.6608158,-0.2740634965064599,0.0,0.0,0.0,0.0
53,-0.6908772,-0.2740634965064599,0.0,0.0,0.0,0.0
54,-0.7098716,-0.2740634965064599,0.0,0.0,0.0,0.0
55,-0.724646,-0.2740634965064599,0.0,0.0,0.0,0.0
56,-0.7739826,-0.2740634965064599,0.0,0.0,0.0,0.0
57,-0.81471986,-0.2740634965064599,0.0,0.0,0.0,0.0
58,-0.84798217,-0.2740634965064599,0.0,0.0,0.0,0.0
59,-0.8749127,-0.2740634965064599,0.0,0.0,0.0,0.0
60,-0.89633846,0.10069844762536344,0.10069844762536344,0.10069844762536344,0.10069844762536344,0.10069845
61,-0.91220105,0.967353435253487,0.967353435253487,0.8666549876281237,0.967353435253487,0.96735346
62,-0.9204461,1.4098945083742187,1.4098945083742187,0.44254107312073165,1.4098945083742187,1.4098945
63,-0.9142686,1.069986961035552,1.069986961035552,0,1.4098945083742187,1.4098945
64,-0.8872698,-0.2820433434379309,0.0,0,1.4098945083742187,1.4098945
65,-0.8442419,-0.2820433434379309,0.0,0,1.4098945083742187,1.4098945
66,-0.8135341,-0.2820433434379309,0.0,0,1.4098945083742187,1.4098945
67,-0.82654965,-0.2820433434379309,0.0,0,1.4098945083742187,1.4098945
68,-0.8947641,0.006033323448409411,0.006033323448409411,0,1.4098945083742187,1.4098945
69,-0.97611105,9.168923931350788,5.0,3.5901054916257813,5.0,5.0
70,-1.0,11.159659190052874,5.0,0.0,5.0,5.0
71,-0.61312693,-0.2795096038422366,0.0,0.0,0.0,0.0
72,-0.6203333,-0.27130154864655565,0.0,0.0,0.0,0.0
73,-0.61960036,-0.27130154864655565,0.0,0.0,0.0,0.0
74,-0.6115279,-0.27130154864655565,0.0,0.0,0.0,0.0
75,-0.59824324,-0.27130154864655565,0.0,0.0,0.0,0.0
76,-0.5829644,-0.27130154864655565,0.0,0.0,0.0,0.0
77,-0.5711575,-0.27130154864655565,0.0,0.0,0.0,0.0
78,-0.5681374,-0.27130154864655565,0.0,0.0,0.0,0.0
79,-0.57427496,-0.27130154864655565,0.0,0.0,0.0,0.0
80,-0.5795119,-0.27130154864655565,0.0,0.0,0.0,0.0
81,-0.5721391,-0.27130154864655565,0.0,0.0,0.0,0.0
82,-0.5471526,-0.27130154864655565,0.0,0.0,0.0,0.0
83,-0.5138587,-0.27130154864655565,0.0,0.0,0.0,0.0
84,-0.48496687,-0.2330825743521121,0.0,0.0,0.0,0.0
85,-0.47340554,-0.19733119417502712,0.0,0.0,0.0,0.0
86,-0.49249524,-0.25636266516453166,0.0,0.0,0.0,0.0
87,-0.5418286,-0.27130154864655565,0.0,0.0,0.0,0.0
88,-0.57994694,-0.27130154864655565,0.0,0.0,0.0,0.0
89,-0.6186901,-0.27130154864655565,0.0,0.0,0.0,0.0
90,-0.653533,-0.27130154864655565,0.0,0.0,0.0,0.0
91,-0.6799175,-0.27130154864655565,0.0,0.0,0.0,0.0
92,-0.6933369,-0.27130154864655565,0.0,0.0,0.0,0.0
93,-0.6901731,-0.27130154864655565,0.0,0.0,0.0,0.0
94,-0.6743254,-0.27130154864655565,0.0,0.0,0.0,0.0
95,-0.66584843,-0.27130154864655565,0.0,0.0,0.0,0.0
96,-0.68678504,-0.27130154864655565,0.0,0.0,0.0,0.0
97,-0.7448359,-0.27130154864655565,0.0,0.0,0.0,0.0
98,-0.8181492,-0.27130154864655565,0.0,0.0,0.0,0.0
99,-0.8801271,-0.27130154864655565,0.0,0.0,0.0,0.0
100,-0.9167907,1.206469182722153,1.206469182722153,1.206469182722153,1.206469182722153,1.2064692
101,-0.94036275,2.4630835822673283,2.4630835822673283,1.2566143995451753,2.4630835822673283,2.4630837
102,-0.96818125,8.150512457937161,5.0,2.5369164177326717,5.0,5.0
103,-0.9998138,11.248086427637872,5.0,0.0,5.0,5.0
104,-0.5462857,-0.2913020538626103,0.0,0.0,0.0,0.0
105,-0.5572344,-0.28787407872997056,0.0,0.0,0.0,0.0
106,-0.57559603,-0.28102402988054204,0.0,0.0,0.0,0.0
107,-0.59486115,-0.27294159370858667,0.0,0.0,0.0,0.0
108,-0.6080536,-0.27294159370858667,0.0,0.0,0.0,0.0
109,-0.6124095,-0.27294159370858667,0.0,0.0,0.0,0.0
110,-0.613513,-0.27294159370858667,0.0,0.0,0.0,0.0
111,-0.6183237,-0.27294159370858667,0.0,0.0,0.0,0.0
112,-0.63153523,-0.27294159370858667,0.0,0.0,0.0,0.0
113,-0.6535141,-0.27294159370858667,0.0,0.0,0.0,0.0
114,-0.6833527,-0.27294159370858667,0.0,0.0,0.0,0.0
115,-0.71852386,-0.27294159370858667,0.0,0.0,0.0,0.0
116,-0.7531437,-0.27294159370858667,0.0,0.0,0.0,0.0
117,-0.7805788,-0.27294159370858667,0.0,0.0,0.0,0.0
118,-0.7942418,-0.27294159370858667,0.0,0.0,0.0,0.0
119,-0.7875871,-0.27294159370858667,0.0,0.0,0.0,0.0
120,-0.7718398,-0.27294159370858667,0.0,0.0,0.0,0.0
121,-0.800509,-0.27294159370858667,0.0,0.0,0.0,0.0
122,-0.8252668,-0.27294159370858667,0.0,0.0,0.0,0.0
123,-0.84902304,-0.27294159370858667,0.0,0.0,0.0,0.0
124,-0.87470746,-0.27294159370858667,0.0,0.0,0.0,0.0
125,-0.9052066,0.5830919625761332,0.5830919625761332,0.5830919625761332,0.5830919625761332,0.583092
126,-0.9427535,2.622059841580374,2.622059841580374,2.038967879004241,2.622059841580374,2.6220598
127,-0.9818765,9.612153198602115,5.0,2.377940158419626,5.0,5.0
128,-1.0,11.297358495813137,5.0,0.0,5.0,5.0
129,-0.57422566,-0.2920723499434627,0.0,0.0,0.0,0.0
130,-0.5692913,-0.2920723499434627,0.0,0.0,0.0,0.0
131,-0.563136,-0.2917398060519527,0.0,0.0,0.0,0.0
132,-0.561172,-0.2842539389895178,0.0,0.0,0.0,0.0
133,-0.5691501,-0.2765608854164566,0.0,0.0,0.0,0.0
134,-0.5879295,-0.2765608854164566,0.0,0.0,0.0,0.0
135,-0.60763335,-0.2765608854164566,0.0,0.0,0.0,0.0
136,-0.6166061,-0.2765608854164566,0.0,0.0,0.0,0.0
137,-0.60968345,-0.2765608854164566,0.0,0.0,0.0,0.0
138,-0.59551084,-0.2765608854164566,0.0,0.0,0.0,0.0
139,-0.5853031,-0.2765608854164566,0.0,0.0,0.0,0.0
140,-0.58575875,-0.2765608854164566,0.0,0.0,0.0,0.0
141,-0.5941925,-0.2765608854164566,0.0,0.0,0.0,0.0
142,-0.60577804,-0.2765608854164566,0.0,0.0,0.0,0.0
143,-0.61567026,-0.2765608854164566,0.0,0.0,0.0,0.0
144,-0.6190222,-0.2765608854164566,0.0,0.0,0.0,0.0
145,-0.62021226,-0.2765608854164566,0.0,0.0,0.0,0.0
146,-0.6482254,-0.2765608854164566,0.0,0.0,0.0,0.0
147,-0.68732095,-0.2765608854164566,0.0,0.0,0.0,0.0
148,-0.73369545,-0.2765608854164566,0.0,0.0,0.0,0.0
149,-0.78361374,-0.2765608854164566,0.0,0.0,0.0,0.0
150,-0.83334804,-0.2765608854164566,0.0,0.0,0.0,0.0
151,-0.8793657,-0.2765608854164566,0.0,0.0,0.0,0.0
152,-0.9199445,1.4038347724510014,1.4038347724510014,1.4038347724510014,1.4038347724510014,1.4038348
153,-0.9579084,7.213065173426094,5.0,3.5961652275489984,5.0,5.0
154,-0.99112976,10.278217300682087,5.0,0.0,5.0,5.0
155,-1.0,11.200416534040187,5.0,0.0,5.0,5.0
156,-0.5575908,-0.289566094468464,0.0,0.0,0.0,0.0
157,-0.5744219,-0.289566094468464,0.0,0.0,0.0,0.0
158,-0.58666116,-0.289566094468464,0.0,0.0,0.0,0.0
159,-0.5918057,-0.28489671368611064,0.0,0.0,0.0,0.0
160,-0.5882515,-0.27838891163296814,0.0,0.0,0.0,0.0
161,-0.5776996,-0.2701621484061494,0.0,0.0,0.0,0.0
162,-0.56890047,-0.2701621484061494,0.0,0.0,0.0,0.0
163,-0.57152987,-0.2701621484061494,0.0,0.0,0.0,0.0
164,-0.5894063,-0.2701621484061494,0.0,0.0,0.0,0.0
165,-0.6139063,-0.2701621484061494,0.0,0.0,0.0,0.0
166,-0.63400036,-0.2701621484061494,0.0,0.0,0.0,0.0
167,-0.64263254,-0.2701621484061494,0.0,0.0,0.0,0.0
168,-0.64100003,-0.2701621484061494,0.0,0.0,0.0,0.0
169,-0.63217175,-0.2701621484061494,0.0,0.0,0.0,0.0
170,-0.61913085,-0.2701621484061494,0.0,0.0,0.0,0.0
171,-0.60477954,-0.2701621484061494,0.0,0.0,0.0,0.0
172,-0.60548943,-0.2701621484061494,0.0,0.0,0.0,0.0
173,-0.6588206,-0.2701621484061494,0.0,0.0,0.0,0.0
174,-0.691182,-0.2701621484061494,0.0,0.0,0.0,0.0
175,-0.7093832,-0.2701621484061494,0.0,0.0,0.0,0.0
176,-0.7201626,-0.2701621484061494,0.0,0.0,0.0,0.0
177,-0.73024946,-0.2701621484061494,0.0,0.0,0.0,0.0
178,-0.7461628,-0.2701621484061494,0.0,0.0,0.0,0.0
179,-0.7721251,-0.2701621484061494,0.0,0.0,0.0,0.0
180,-0.80710775,-0.2701621484061494,0.0,0.0,0.0,0.0
181,-0.8486716,-0.2701621484061494,0.0,0.0,0.0,0.0
182,-0.89389706,-0.03229899697676479,0.0,0.0,0.0,0.0
183,-0.93901736,2.3991584991272203,2.3991584991272203,2.3991584991272203,2.3991584991272203,2.3991585
184,-0.9784145,9.097195144579045,5.0,2.6008415008727797,5.0,5.0
185,-1.0,11.07865671183878,5.0,0.0,5.0,5.0
186,-0.61385244,-0.28641821902375336,0.0,0.0,0.0,0.0
187,-0.620626,-0.28641821902375336,0.0,0.0,0.0,0.0
188,-0.6152789,-0.28641821902375336,0.0,0.0,0.0,0.0
189,-0.6038781,-0.28641821902375336,0.0,0.0,0.0,0.0
190,-0.5943206,-0.28641821902375336,0.0,0.0,0.0,0.0
191,-0.5913398,-0.28641821902375336,0.0,0.0,0.0,0.0
192,-0.5928912,-0.28208316747224016,0.0,0.0,0.0,0.0
193,-0.5955034,-0.27409256818864125,0.0,0.0,0.0,0.0
194,-0.5970634,-0.2663873973266958,0.0,0.0,0.0,0.0
195,-0.59836763,-0.2663873973266958,0.0,0.0,0.0,0.0
196,-0.60089934,-0.2663873973266958,0.0,0.0,0.0,0.0
197,-0.60586214,-0.2663873973266958,0.0,0.0,0.0,0.0
198,-0.61381346,-0.2663873973266958,0.0,0.0,0.0,0.0
199,-0.62528616,-0.2663873973266958,0.0,0.0,0.0,0.0
200,-0.6410951,-0.2663873973266958,0.0,0.0,0.0,0.0
201,-0.6619917,-0.2663873973266958,0.0,0.0,0.0,0.0
202,-0.6844738,-0.2663873973266958,0.0,0.0,0.0,0.0
203,-0.69630104,-0.2663873973266958,0.0,0.0,0.0,0.0
204,-0.71068776,-0.2663873973266958,0.0,0.0,0.0,0.0
205,-0.72796607,-0.2663873973266958,0.0,0.0,0.0,0.0
206,-0.7484601,-0.2663873973266958,0.0,0.0,0.0,0.0
207,-0.7725335,-0.2663873973266958,0.0,0.0,0.0,0.0
208,-0.80046964,-0.2663873973266958,0.0,0.0,0.0,0.0
209,-0.83148766,-0.2663873973266958,0.0,0.0,0.0,0.0
210,-0.86247426,-0.2663873973266958,0.0,0.0,0.0,0.0
211,-0.8900862,-0.23434157601014025,0.0,0.0,0.0,0.0
212,-0.9131966,1.0210121309511557,1.0210121309511557,1.0210121309511557,1.0210121309511557,1.0210122
213,-0.9353957,2.3092874506036334,2.3092874506036334,1.2882753196524777,2.3092874506036334,2.3092875
214,-0.96139115,7.722572399447142,5.0,2.6907125493963666,5.0,5.0
215,-0.9889941,10.452093535038138,5.0,0.0,5.0,5.0
216,-1.0,11.637960060262206,5.0,0.0,5.0,5.0
217,-0.6067676,-0.2700919044413611,0.0,0.0,0.0,0.0
218,-0.5955388,-0.2700919044413611,0.0,0.0,0.0,0.0
219,-0.5860732,-0.2700919044413611,0.0,0.0,0.0,0.0
220,-0.5802771,-0.2700919044413611,0.0,0.0,0.0,0.0
221,-0.58002216,-0.2700919044413611,0.0,0.0,0.0,0.0
222,-0.58621526,-0.2700919044413611,0.0,0.0,0.0,0.0
223,-0.5968074,-0.2700919044413611,0.0,0.0,0.0,0.0
224,-0.60889834,-0.2700919044413611,0.0,0.0,0.0,0.0
225,-0.6203831,-0.2700919044413611,0.0,0.0,0.0,0.0
226,-0.6313388,-0.2700919044413611,0.0,0.0,0.0,0.0
227,-0.6422581,-0.2700919044413611,0.0,0.0,0.0,0.0
228,-0.65383375,-0.2700919044413611,0.0,0.0,0.0,0.0
229,-0.6673763,-0.2700919044413611,0.0,0.0,0.0,0.0
230,-0.68435836,-0.2700919044413611,0.0,0.0,0.0,0.0
231,-0.70629454,-0.2700919044413611,0.0,0.0,0.0,0.0
232,-0.7347643,-0.2700919044413611,0.0,0.0,0.0,0.0
233,-0.76852536,-0.2700919044413611,0.0,0.0,0.0,0.0
234,-0.7981274,-0.2700919044413611,0.0,0.0,0.0,0.0
235,-0.8268846,-0.2700919044413611,0.0,0.0,0.0,0.0
236,-0.85560465,-0.2700919044413611,0.0,0.0,0.0,0.0
237,-0.88513434,-0.2700919044413611,0.0,0.0,0.0,0.0
238,-0.9163357,1.1765743825810948,1.1765743825810948,1.1765743825810948,1.1765743825810948,1.1765743
239,-0.9498828,6.371807460048679,5.0,3.823425617418905,5.0,5.0
240,-0.9825452,9.603441475898844,5.0,0.0,5.0,5.0
241,-1.0,11.454530425679994,5.0,0.0,5.0,5.0
242,-0.6387093,-0.2658348989972149,0.0,0.0,0.0,0.0
243,-0.63673496,-0.2658348989972149,0.0,0.0,0.0,0.0
244,-0.6338521,-0.2658348989972149,0.0,0.0,0.0,0.0
245,-0.628846,-0.2658348989972149,0.0,0.0,0.0,0.0
246,-0.6204654,-0.2658348989972149,0.0,0.0,0.0,0.0
247,-0.60846025,-0.2658348989972149,0.0,0.0,0.0,0.0
248,-0.5947251,-0.2658348989972149,0.0,0.0,0.0,0.0
249,-0.5818922,-0.2658348989972149,0.0,0.0,0.0,0.0
250,-0.5727986,-0.2658348989972149,0.0,0.0,0.0,0.0
251,-0.56959206,-0.2658348989972149,0.0,0.0,0.0,0.0
252,-0.57373416,-0.2658348989972149,0.0,0.0,0.0,0.0
253,-0.58597034,-0.2658348989972149,0.0,0.0,0.0,0.0
254,-0.6066441,-0.2658348989972149,0.0,0.0,0.0,0.0
255,-0.63577324,-0.2658348989972149,0.0,0.0,0.0,0.0
0,-0.6437426,-0.2658348989972149,0.0,0.0,0,0.0
1,-0.6569635,-0.2658348989972149,0.0,0.0,0,0.0
2,-0.68297416,-0.2658348989972149,0.0,0.0,0,0.0
3,-0.72300977,-0.2658348989972149,0.0,0.0,0,0.0
4,-0.76102346,-0.2658348989972149,0.0,0.0,0,0.0
5,-0.7863026,-0.2658348989972149,0.0,0.0,0,0.0
6,-0.8022463,-0.2658348989972149,0.0,0.0,0,0.0
7,-0.8122462,-0.2658348989972149,0.0,0.0,0,0.0
8,-0.8197719,-0.2658348989972149,0.0,0.0,0,0.0
9,-0.82838935,-0.2658348989972149,0.0,0.0,0,0.0
10,-0.8413032,-0.2658348989972149,0.0,0.0,0,0.0
11,-0.86083096,-0.2658348989972149,0.0,0.0,0,0.0
12,-0.88869345,-0.2658348989972149,0.0,0.0,0,0.0
13,-0.9239003,1.5776027309400267,1.5776027309400267,1.5776027309400267,1.5776027309400267,1.5776027
14,-0.95966506,7.591326034849738,5.0,3.4223972690599735,5.0,5.0
15,-0.98744756,10.158127453460136,5.0,0.0,5.0,5.0
16,-1.0,11.493893617925778,5.0,0.0,5.0,5.0
17,-0.6240096,-0.26674843362901496,0.0,0.0,0.0,0.0
18,-0.6237872,-0.26674843362901496,0.0,0.0,0.0,0.0
19,-0.6312864,-0.26674843362901496,0.0,0.0,0.0,0.0
20,-0.6416125,-0.26674843362901496,0.0,0.0,0.0,0.0
21,-0.64871323,-0.26674843362901496,0.0,0.0,0.0,0.0
22,-0.64959043,-0.26674843362901496,0.0,0.0,0.0,0.0
23,-0.64765406,-0.26674843362901496,0.0,0.0,0.0,0.0
24,-0.64777106,-0.26674843362901496,0.0,0.0,0.0,0.0
25,-0.65391034,-0.26674843362901496,0.0,0.0,0.0,0.0
26,-0.66817605,-0.26674843362901496,0.0,0.0,0.0,0.0
27,-0.69159675,-0.26674843362901496,0.0,0.0,0.0,0.0
28,-0.72343516,-0.26674843362901496,0.0,0.0,0.0,0.0
29,-0.75991356,-0.26674843362901496,0.0,0.0,0.0,0.0
30,-0.796593,-0.26674843362901496,0.0,0.0,0.0,0.0
31,-0.8291849,-0.26674843362901496,0.0,0.0,0.0,0.0
32,-0.8536055,-0.26674843362901496,0.0,0.0,0.0,0.0
33,-0.87352455,-0.26674843362901496,0.0,0.0,0.0,0.0
34,-0.9113486,0.8966586435409858,0.8966586435409858,0.8966586435409858,0.8966586435409858,0.89665866
35,-0.94669616,5.803593728220706,5.0,4.103341356459014,5.0,5.0
36,-0.97834283,8.588564839571,5.0,0.0,5.0,5.0
37,-1.0,11.514551636805992,5.0,0.0,5.0,5.0
38,-0.60745406,-0.26722786160715295,0.0,0.0,0.0,0.0
39,-0.61025,-0.26722786160715295,0.0,0.0,0.0,0.0
40,-0.61629933,-0.26722786160715295,0.0,0.0,0.0,0.0
41,-0.62364215,-0.26722786160715295,0.0,0.0,0.0,0.0
42,-0.6294536,-0.26722786160715295,0.0,0.0,0.0,0.0
43,-0.6318848,-0.26722786160715295,0.0,0.0,0.0,0.0
44,-0.63112605,-0.26722786160715295,0.0,0.0,0.0,0.0
45,-0.62820464,-0.26722786160715295,0.0,0.0,0.0,0.0
46,-0.62547046,-0.26722786160715295,0.0,0.0,0.0,0.0
47,-0.62787294,-0.26722786160715295,0.0,0.0,0.0,0.0
48,-0.6404481,-0.26722786160715295,0.0,0.0,0.0,0.0
49,-0.6649867,-0.26722786160715295,0.0,0.0,0.0,0.0
50,-0.6964407,-0.26722786160715295,0.0,0.0,0.0,0.0
51,-0.7279892,-0.26722786160715295,0.0,0.0,0.0,0.0
52,-0.75261766,-0.26722786160715295,0.0,0.0,0.0,0.0
53,-0.7632565,-0.26722786160715295,0.0,0.0,0.0,0.0
54,-0.761216,-0.26722786160715295,0.0,0.0,0.0,0.0
55,-0.7740291,-0.26722786160715295,0.0,0.0,0.0,0.0
56,-0.8002007,-0.26722786160715295,0.0,0.0,0.0,0.0
57,-0.8340199,-0.26722786160715295,0.0,0.0,0.0,0.0
58,-0.869782,-0.26722786160715295,0.0,0.0,0.0,0.0
59,-0.9018181,0.39026789196733513,0.39026789196733513,0.39026789196733513,0.39026789196733513,0.39026788
60,-0.9251034,1.6290205220633762,1.6290205220633762,1.238752630096041,1.6290205220633762,1.6290205
61,-0.93938136,2.3713617516577092,2.3713617516577092,0.742341229594333,2.3713617516577092,2.3713617
62,-0.95441955,6.617990344883961,5.0,2.6286382483422908,5.0,5.0
63,-0.97864306,8.942982105689962,5.0,0.0,5.0,5.0
64,-1.0,11.15220786226161,5.0,0.0,5.0,5.0
65,-0.6062364,-0.27998563759705175,0.0,0.0,0.0,0.0
66,-0.60512465,-0.27998563759705175,0.0,0.0,0.0,0.0
67,-0.6128873,-0.27998563759705175,0.0,0.0,0.0,0.0
68,-0.6240839,-0.27998563759705175,0.0,0.0,0.0,0.0
69,-0.63148665,-0.27998563759705175,0.0,0.0,0.0,0.0
70,-0.630244,-0.2730819896005276,0.0,0.0,0.0,0.0
71,-0.62053716,-0.2730819896005276,0.0,0.0,0.0,0.0
72,-0.60393035,-0.2730819896005276,0.0,0.0,0.0,0.0
73,-0.583475,-0.2730819896005276,0.0,0.0,0.0,0.0
74,-0.5653897,-0.2730819896005276,0.0,0.0,0.0,0.0
75,-0.5562587,-0.2730819896005276,0.0,0.0,0.0,0.0
76,-0.55938953,-0.2730819896005276,0.0,0.0,0.0,0.0
77,-0.5711301,-0.2730819896005276,0.0,0.0,0.0,0.0
78,-0.5862072,-0.2730819896005276,0.0,0.0,0.0,0.0
79,-0.59932494,-0.2730819896005276,0.0,0.0,0.0,0.0
80,-0.60513276,-0.2730819896005276,0.0,0.0,0.0,0.0
81,-0.61068404,-0.2730819896005276,0.0,0.0,0.0,0.0
82,-0.6489114,-0.2730819896005276,0.0,0.0,0.0,0.0
83,-0.6708922,-0.2730819896005276,0.0,0.0,0.0,0.0
84,-0.68340945,-0.2730819896005276,0.0,0.0,0.0,0.0
85,-0.69339925,-0.2730819896005276,0.0,0.0,0.0,0.0
86,-0.7077605,-0.2730819896005276,0.0,0.0,0.0,0.0
87,-0.7325977,-0.2730819896005276,0.0,0.0,0.0,0.0
88,-0.76990676,-0.2730819896005276,0.0,0.0,0.0,0.0
89,-0.8136546,-0.2730819896005276,0.0,0.0,0.0,0.0
90,-0.85617614,-0.2730819896005276,0.0,0.0,0.0,0.0
91,-0.89198583,-0.13675549776505963,0.0,0.0,0.0,0.0
92,-0.92023593,1.4020489404899892,1.4020489404899892,1.4020489404899892,1.4020489404899892,1.402049
93,-0.94129735,2.523405840627312,2.523405840627312,1.121356900137323,2.523405840627312,2.5234058
94,-0.9564956,6.936881199124365,5.0,2.476594159372688,5.0,5.0
95,-0.9701117,8.195542791986323,5.0,0.0,5.0,5.0
96,-0.9862984,9.899714236179062,5.0,0.0,5.0,5.0
97,-1.0,11.34225381731818,5.0,0.0,5.0,5.0
98,-0.63544565,-0.29323303560801917,0.0,0.0,0.0,0.0
99,-0.6379545,-0.29323303560801917,0.0,0.0,0.0,0.0
100,-0.64758146,-0.29323303560801917,0.0,0.0,0.0,0.0
101,-0.655539,-0.28741288024604883,0.0,0.0,0.0,0.0
102,-0.6514087,-0.28139685726580244,0.0,0.0,0.0,0.0
103,-0.63131845,-0.2732287317829446,0.0,0.0,0.0,0.0
104,-0.6052542,-0.2732287317829446,0.0,0.0,0.0,0.0
105,-0.5857962,-0.2732287317829446,0.0,0.0,0.0,0.0
106,-0.58014303,-0.2732287317829446,0.0,0.0,0.0,0.0
107,-0.58409023,-0.2732287317829446,0.0,0.0,0.0,0.0
108,-0.5912858,-0.2732287317829446,0.0,0.0,0.0,0.0
109,-0.59833306,-0.2732287317829446,0.0,0.0,0.0,0.0
110,-0.60725486,-0.2732287317829446,0.0,0.0,0.0,0.0
111,-0.621007,-0.2732287317829446,0.0,0.0,0.0,0.0
112,-0.6421474,-0.2732287317829446,0.0,0.0,0.0,0.0
113,-0.67292684,-0.2732287317829446,0.0,0.0,0.0,0.0
114,-0.70906836,-0.2732287317829446,0.0,0.0,0.0,0.0
115,-0.7315571,-0.2732287317829446,0.0,0.0,0.0,0.0
116,-0.75919527,-0.2732287317829446,0.0,0.0,0.0,0.0
117,-0.7894278,-0.2732287317829446,0.0,0.0,0.0,0.0
118,-0.8197563,-0.2732287317829446,0.0,0.0,0.0,0.0
119,-0.84775627,-0.2732287317829446,0.0,0.0,0.0,0.0
120,-0.8713026,-0.2732287317829446,0.0,0.0,0.0,0.0
121,-0.8901163,-0.23872027856295894,0.0,0.0,0.0,0.0
122,-0.90772897,0.7211743310859655,0.7211743310859655,0.7211743310859655,0.7211743310859655,0.72117436
123,-0.92808104,1.823706764775255,1.823706764775255,1.1025324336892894,1.823706764775255,1.8237067
124,-0.9521167,6.509635304217948,5.0,3.176293235224745,5.0,5.0
125,-0.9756484,8.688879682029278,5.0,0.0,5.0,5.0
126,-0.9932502,10.53167114955096,5.0,0.0,5.0,5.0
127,-1.0,11.41537457398695,5.0,0.0,5.0,5.0
128,-0.6147609,-0.27109749478969797,0.0,0.0,0.0,0.0
129,-0.59889644,-0.27109749478969797,0.0,0.0,0.0,0.0
130,-0.5908216,-0.27109749478969797,0.0,0.0,0.0,0.0
131,-0.5884039,-0.27109749478969797,0.0,0.0,0.0,0.0
132,-0.5882324,-0.27109749478969797,0.0,0.0,0.0,0.0
133,-0.58787924,-0.27109749478969797,0.0,0.0,0.0,0.0
134,-0.58693933,-0.27109749478969797,0.0,0.0,0.0,0.0
135,-0.58567154,-0.27109749478969797,0.0,0.0,0.0,0.0
136,-0.5853327,-0.27109749478969797,0.0,0.0,0.0,0.0
137,-0.58908904,-0.27109749478969797,0.0,0.0,0.0,0.0
138,-0.6001879,-0.27109749478969797,0.0,0.0,0.0,0.0
139,-0.6198162,-0.27109749478969797,0.0,0.0,0.0,0.0
140,-0.6450242,-0.27109749478969797,0.0,0.0,0.0,0.0
141,-0.67194337,-0.27109749478969797,0.0,0.0,0.0,0.0
142,-0.6966515,-0.27109749478969797,0.0,0.0,0.0,0.0
143,-0.7151023,-0.27109749478969797,0.0,0.0,0.0,0.0
144,-0.7320205,-0.27109749478969797,0.0,0.0,0.0,0.0
145,-0.76901466,-0.27109749478969797,0.0,0.0,0.0,0.0
146,-0.7862878,-0.27109749478969797,0.0,0.0,0.0,0.0
147,-0.7929212,-0.27109749478969797,0.0,0.0,0.0,0.0
148,-0.7980066,-0.27109749478969797,0.0,0.0,0.0,0.0
149,-0.81060153,-0.27109749478969797,0.0,0.0,0.0,0.0
150,-0.8389337,-0.27109749478969797,0.0,0.0,0.0,0.0
151,-0.88495564,-0.27109749478969797,0.0,0.0,0.0,0.0
152,-0.93725836,2.3123471430991622,2.3123471430991622,2.3123471430991622,2.3123471430991622,2.3123472
153,-0.98043114,9.426663520446551,5.0,2.6876528569008378,5.0,5.0
154,-1.0,11.809972848298523,5.0,0.0,5.0,5.0
155,-0.60984474,-0.2740839495479286,0.0,0.0,0.0,0.0
156,-0.61291957,-0.2740839495479286,0.0,0.0,0.0,0.0
157,-0.61716115,-0.2740839495479286,0.0,0.0,0.0,0.0
158,-0.61982113,-0.2740839495479286,0.0,0.0,0.0,0.0
159,-0.6181769,-0.2740839495479286,0.0,0.0,0.0,0.0
160,-0.6122403,-0.2740839495479286,0.0,0.0,0.0,0.0
161,-0.60781467,-0.2740839495479286,0.0,0.0,0.0,0.0
162,-0.61150867,-0.2740839495479286,0.0,0.0,0.0,0.0
163,-0.625218,-0.2740839495479286,0.0,0.0,0.0,0.0
164,-0.64089304,-0.2740839495479286,0.0,0.0,0.0,0.0
165,-0.64870983,-0.2740839495479286,0.0,0.0,0.0,0.0
166,-0.64405423,-0.2740839495479286,0.0,0.0,0.0,0.0
167,-0.6335468,-0.2740839495479286,0.0,0.0,0.0,0.0
168,-0.62648785,-0.2740839495479286,0.0,0.0,0.0,0.0
169,-0.63218313,-0.2740839495479286,0.0,0.0,0.0,0.0
170,-0.6598852,-0.2740839495479286,0.0,0.0,0.0,0.0
171,-0.7053735,-0.2740839495479286,0.0,0.0,0.0,0.0
172,-0.7273197,-0.2740839495479286,0.0,0.0,0.0,0.0
173,-0.7459453,-0.2740839495479286,0.0,0.0,0.0,0.0
174,-0.76269436,-0.2740839495479286,0.0,0.0,0.0,0.0
175,-0.7790314,-0.2740839495479286,0.0,0.0,0.0,0.0
176,-0.79643935,-0.2740839495479286,0.0,0.0,0.0,0.0
177,-0.8162421,-0.2740839495479286,0.0,0.0,0.0,0.0
178,-0.8383845,-0.2740839495479286,0.0,0.0,0.0,0.0
179,-0.8599055,-0.2740839495479286,0.0,0.0,0.0,0.0
180,-0.87745255,-0.2740839495479286,0.0,0.0,0.0,0.0
181,-0.88999766,-0.24595164235289926,0.0,0.0,0.0,0.0
182,-0.9013848,0.37658951859579004,0.37658951859579004,0.37658951859579004,0.37658951859579004,0.3765895
183,-0.91632736,1.1911658783610812,1.1911658783610812,0.8145763597652912,1.1911658783610812,1.1911659
184,-0.93746966,2.409142135964944,2.409142135964944,1.2179762576038626,2.409142135964944,2.409142
185,-0.9629201,8.141121391834048,5.0,2.590857864035056,5.0,5.0
186,-0.98753595,10.626204822212685,5.0,0.0,5.0,5.0
187,-1.0,12.012401271133127,5.0,0.0,5.0,5.0
188,-0.6131379,-0.2787818758127853,0.0,0.0,0.0,0.0
189,-0.5977084,-0.2787818758127853,0.0,0.0,0.0,0.0
190,-0.58741075,-0.2787818758127853,0.0,0.0,0.0,0.0
191,-0.5835734,-0.2787818758127853,0.0,0.0,0.0,0.0
192,-0.5864704,-0.2787818758127853,0.0,0.0,0.0,0.0
193,-0.5942557,-0.2787818758127853,0.0,0.0,0.0,0.0
194,-0.60058033,-0.2787818758127853,0.0,0.0,0.0,0.0
195,-0.5987154,-0.2787818758127853,0.0,0.0,0.0,0.0
196,-0.5865245,-0.2787818758127853,0.0,0.0,0.0,0.0
197,-0.57111233,-0.2787818758127853,0.0,0.0,0.0,0.0
198,-0.5611873,-0.2787818758127853,0.0,0.0,0.0,0.0
199,-0.56193125,-0.2787818758127853,0.0,0.0,0.0,0.0
200,-0.5712038,-0.2787818758127853,0.0,0.0,0.0,0.0
201,-0.5849653,-0.2787818758127853,0.0,0.0,0.0,0.0
202,-0.5987209,-0.2787818758127853,0.0,0.0,0.0,0.0
203,-0.6075614,-0.2787818758127853,0.0,0.0,0.0,0.0
204,-0.6178473,-0.2787818758127853,0.0,0.0,0.0,0.0
205,-0.6620645,-0.2787818758127853,0.0,0.0,0.0,0.0
206,-0.70278883,-0.2787818758127853,0.0,0.0,0.0,0.0
207,-0.7397669,-0.2787818758127853,0.0,0.0,0.0,0.0
208,-0.7728236,-0.2787818758127853,0.0,0.0,0.0,0.0
209,-0.80184907,-0.2787818758127853,0.0,0.0,0.0,0.0
210,-0.8268709,-0.2787818758127853,0.0,0.0,0.0,0.0
211,-0.8484812,-0.2787818758127853,0.0,0.0,0.0,0.0
212,-0.8681413,-0.2787818758127853,0.0,0.0,0.0,0.0
213,-0.88767815,-0.2733816013547827,0.0,0.0,0.0,0.0
214,-0.9098288,0.8751593260017251,0.8751593260017251,0.8751593260017251,0.8751593260017251,0.8751593
215,-0.9384064,2.5675332770389616,2.5675332770389616,1.6923739510372364,2.5675332770389616,2.5675333
216,-0.9740023,9.392477416152545,5.0,2.4324667229610384,5.0,5.0
217,-1.0,12.03578770979987,5.0,0.0,5.0,5.0
218,-0.52580595,-0.27932462451830536,0.0,0.0,0.0,0.0
219,-0.54162794,-0.27932462451830536,0.0,0.0,0.0,0.0
220,-0.5726438,-0.27932462451830536,0.0,0.0,0.0,0.0
221,-0.6037748,-0.27932462451830536,0.0,0.0,0.0,0.0
222,-0.6180934,-0.27932462451830536,0.0,0.0,0.0,0.0
223,-0.608616,-0.27932462451830536,0.0,0.0,0.0,0.0
224,-0.5890442,-0.27932462451830536,0.0,0.0,0.0,0.0
225,-0.5770391,-0.27932462451830536,0.0,0.0,0.0,0.0
226,-0.58346355,-0.27932462451830536,0.0,0.0,0.0,0.0
227,-0.6047157,-0.27932462451830536,0.0,0.0,0.0,0.0
228,-0.6337502,-0.27932462451830536,0.0,0.0,0.0,0.0
229,-0.6644375,-0.27932462451830536,0.0,0.0,0.0,0.0
230,-0.69287807,-0.27932462451830536,0.0,0.0,0.0,0.0
231,-0.7156645,-0.27932462451830536,0.0,0.0,0.0,0.0
232,-0.7293635,-0.27932462451830536,0.0,0.0,0.0,0.0
233,-0.73054945,-0.27932462451830536,0.0,0.0,0.0,0.0
234,-0.7276179,-0.27932462451830536,0.0,0.0,0.0,0.0
235,-0.75606906,-0.27932462451830536,0.0,0.0,0.0,0.0
236,-0.7804669,-0.27932462451830536,0.0,0.0,0.0,0.0
237,-0.801235,-0.27932462451830536,0.0,0.0,0.0,0.0
238,-0.81876206,-0.27932462451830536,0.0,0.0,0.0,0.0
239,-0.8334264,-0.2733403565268446,0.0,0.0,0.0,0.0
240,-0.84576297,-0.2679656337836397,0.0,0.0,0.0,0.0
241,-0.8575019,-0.2679656337836397,0.0,0.0,0.0,0.0
242,-0.8728928,-0.2679656337836397,0.0,0.0,0.0,0.0
243,-0.89636505,0.14585762973627497,0.14585762973627497,0.14585762973627497,0.14585762973627497,0.14585763
244,-0.92906696,2.111589644275467,2.111589644275467,1.965732014539192,2.111589644275467,2.1115897
245,-0.9655891,8.711534181982755,5.0,2.888410355724533,5.0,5.0
246,-0.99509233,11.708955908370923,5.0,0.0,5.0,5.0
247,-1.0,12.266297541514513,5.0,0.0,5.0,5.0
248,-0.5470014,-0.2846742596019356,0.0,0.0,0.0,0.0
249,-0.540665,-0.2846742596019356,0.0,0.0,0.0,0.0
250,-0.5285727,-0.2846742596019356,0.0,0.0,0.0,0.0
251,-0.51808995,-0.2846742596019356,0.0,0.0,0.0,0.0
252,-0.51755637,-0.2846742596019356,0.0,0.0,0.0,0.0
253,-0.530748,-0.2846742596019356,0.0,0.0,0.0,0.0
254,-0.55159044,-0.2846742596019356,0.0,0.0,0.0,0.0
255,-0.5720596,-0.2846742596019356,0.0,0.0,0.0,0.0
0,-0.8744082,-0.2846742596019356,0.0,0.0,0,0.0
1,-0.9192915,1.4079388417123901,1.4079388417123901,1.4079388417123901,1.4079388417123901,1.4079388
2,-0.96394914,8.102061822021547,5.0,3.59206115828761,5.0,5.0
3,-0.9965311,11.121656485697704,5.0,0.0,5.0,5.0
4,-0.58019745,-0.2970961229445555,0.0,0.0,0.0,0.0
5,-0.5825534,-0.2970961229445555,0.0,0.0,0.0,0.0
6,-0.58832616,-0.2970961229445555,0.0,0.0,0.0,0.0
7,-0.5958435,-0.2970961229445555,0.0,0.0,0.0,0.0
8,-0.60288703,-0.2970961229445555,0.0,0.0,0.0,0.0
9,-0.6088971,-0.2970961229445555,0.0,0.0,0.0,0.0
10,-0.6171201,-0.2970961229445555,0.0,0.0,0.0,0.0
11,-0.6312396,-0.2970961229445555,0.0,0.0,0.0,0.0
12,-0.65284944,-0.2970961229445555,0.0,0.0,0.0,0.0
13,-0.6794149,-0.2970961229445555,0.0,0.0,0.0,0.0
14,-0.7075896,-0.29020131130624643,0.0,0.0,0.0,0.0
15,-0.73533434,-0.2836826765626754,0.0,0.0,0.0,0.0
16,-0.7634185,-0.2836826765626754,0.0,0.0,0.0,0.0
17,-0.7932881,-0.2836826765626754,0.0,0.0,0.0,0.0
18,-0.82641923,-0.2836826765626754,0.0,0.0,0.0,0.0
19,-0.8643149,-0.2836826765626754,0.0,0.0,0.0,0.0
20,-0.90109175,0.3731990268998256,0.3731990268998256,0.3731990268998256,0.3731990268998256,0.37319902
21,-0.91366965,1.0825250797227242,1.0825250797227242,0.7093260528228986,1.0825250797227242,1.082525
22,-0.92400146,1.6605534950939724,1.6605534950939724,0.5780284153712483,1.6605534950939724,1.6605535
23,-0.9347331,2.2619419280936555,2.2619419280936555,0.601388432999683,2.2619419280936555,2.261942
24,-0.9483073,6.342372088665384,5.0,2.7380580719063445,5.0,5.0
25,-0.9665623,8.12438070616744,5.0,0.0,5.0,5.0
26,-0.98793477,10.46155417937059,5.0,0.0,5.0,5.0
27,-1.0,11.780943530458478,5.0,0.0,5.0,5.0
28,-0.6071762,-0.30457454835725123,0.0,0.0,0.0,0.0
29,-0.6120792,-0.30457454835725123,0.0,0.0,0.0,0.0
30,-0.6149364,-0.30457454835725123,0.0,0.0,0.0,0.0
31,-0.6130671,-0.30457454835725123,0.0,0.0,0.0,0.0
32,-0.603828,-0.30457454835725123,0.0,0.0,0.0,0.0
33,-0.58643335,-0.30457454835725123,0.0,0.0,0.0,0.0
34,-0.5640554,-0.30457454835725123,0.0,0.0,0.0,0.0
35,-0.54082805,-0.29976375940104566,0.0,0.0,0.0,0.0
36,-0.52125204,-0.2973136401221789,0.0,0.0,0.0,0.0
37,-0.5106774,-0.2973136401221789,0.0,0.0,0.0,0.0
38,-0.5142054,-0.2973136401221789,0.0,0.0,0.0,0.0
39,-0.5332699,-0.2973136401221789,0.0,0.0,0.0,0.0
40,-0.5614987,-0.2973136401221789,0.0,0.0,0.0,0.0
41,-0.59066033,-0.2973136401221789,0.0,0.0,0.0,0.0
42,-0.6124999,-0.2973136401221789,0.0,0.0,0.0,0.0
43,-0.6187464,-0.2973136401221789,0.0,0.0,0.0,0.0
44,-0.61732614,-0.2973136401221789,0.0,0.0,0.0,0.0
45,-0.653652,-0.2973136401221789,0.0,0.0,0.0,0.0
46,-0.67735904,-0.2973136401221789,0.0,0.0,0.0,0.0
47,-0.69190514,-0.2973136401221789,0.0,0.0,0.0,0.0
48,-0.70076364,-0.2973136401221789,0.0,0.0,0.0,0.0
49,-0.7075508,-0.2973136401221789,0.0,0.0,0.0,0.0
50,-0.71603364,-0.2973136401221789,0.0,0.0,0.0,0.0
51,-0.72899264,-0.2973136401221789,0.0,0.0,0.0,0.0
52,-0.74670166,-0.2973136401221789,0.0,0.0,0.0,0.0
53,-0.76862854,-0.2973136401221789,0.0,0.0,0.0,0.0
54,-0.7941786,-0.2973136401221789,0.0,0.0,0.0,0.0
55,-0.82299733,-0.2973136401221789,0.0,0.0,0.0,0.0
56,-0.8548542,-0.2973136401221789,0.0,0.0,0.0,0.0
57,-0.889095,-0.2973136401221789,0.0,0.0,0.0,0.0
58,-0.9238881,1.743048093306561,1.743048093306561,1.743048093306561,1.743048093306561,1.7430481
59,-0.9566841,7.560495269795291,5.0,3.256951906693439,5.0,5.0
60,-0.9840685,10.23731397759404,5.0,0.0,5.0,5.0
61,-1.0,12.084656020894228,5.0,0.0,5.0,5.0
62,-0.622093,-0.2977638736933202,0.0,0.0,0.0,0.0
63,-0.6289252,-0.2901113248301088,0.0,0.0,0.0,0.0
64,-0.6239342,-0.2901113248301088,0.0,0.0,0.0,0.0
65,-0.6138086,-0.2901113248301088,0.0,0.0,0.0,0.0
66,-0.6071617,-0.2901113248301088,0.0,0.0,0.0,0.0
67,-0.6087009,-0.2901113248301088,0.0,0.0,0.0,0.0
68,-0.6148579,-0.2901113248301088,0.0,0.0,0.0,0.0
69,-0.6204036,-0.2901113248301088,0.0,0.0,0.0,0.0
70,-0.62258404,-0.2901113248301088,0.0,0.0,0.0,0.0
71,-0.62397134,-0.2901113248301088,0.0,0.0,0.0,0.0
72,-0.62828946,-0.2901113248301088,0.0,0.0,0.0,0.0
73,-0.6377589,-0.2901113248301088,0.0,0.0,0.0,0.0
74,-0.6510333,-0.2901113248301088,0.0,0.0,0.0,0.0
75,-0.66578496,-0.2901113248301088,0.0,0.0,0.0,0.0
76,-0.6795489,-0.2901113248301088,0.0,0.0,0.0,0.0
77,-0.689766,-0.2901113248301088,0.0,0.0,0.0,0.0
78,-0.69753987,-0.2901113248301088,0.0,0.0,0.0,0.0
79,-0.7154747,-0.2901113248301088,0.0,0.0,0.0,0.0
80,-0.742107,-0.2901113248301088,0.0,0.0,0.0,0.0
81,-0.7736762,-0.2901113248301088,0.0,0.0,0.0,0.0
82,-0.806367,-0.2901113248301088,0.0,0.0,0.0,0.0
83,-0.8363056,-0.2901113248301088,0.0,0.0,0.0,0.0
84,-0.85992193,-0.2901113248301088,0.0,0.0,0.0,0.0
85,-0.876258,-0.2901113248301088,0.0,0.0,0.0,0.0
86,-0.8899087,-0.26548207045520783,0.0,0.0,0.0,0.0
87,-0.9063828,0.6878349621930754,0.6878349621930754,0.6878349621930754,0.6878349621930754,0.687835
88,-0.9279211,1.9274192823652294,1.9274192823652294,1.239584320172154,1.9274192823652294,1.9274193
89,-0.9497933,6.631147627737296,5.0,3.0725807176347706,5.0,5.0
90,-0.96604216,8.1331558490146,5.0,0.0,5.0,5.0
91,-0.9738402,8.992841573978374,5.0,0.0,5.0,5.0
92,-0.9768829,9.328279102160844,5.0,0.0,5.0,5.0
93,-0.98038864,9.791003368679517,5.0,0.0,5.0,5.0
94,-0.988204,10.70947102221547,5.0,0.0,5.0,5.0
95,-0.9980163,12.136550363145963,5.0,0.0,5.0,5.0
96,-0.60733086,-0.28693288427423674,0.0,0.0,0.0,0.0
97,-0.6161965,-0.28693288427423674,0.0,0.0,0.0,0.0
98,-0.62945753,-0.28693288427423674,0.0,0.0,0.0,0.0
99,-0.6423927,-0.28693288427423674,0.0,0.0,0.0,0.0
100,-0.6502517,-0.28693288427423674,0.0,0.0,0.0,0.0
101,-0.6509833,-0.28693288427423674,0.0,0.0,0.0,0.0
102,-0.64803433,-0.28693288427423674,0.0,0.0,0.0,0.0
103,-0.6459433,-0.28693288427423674,0.0,0.0,0.0,0.0
104,-0.6477893,-0.28693288427423674,0.0,0.0,0.0,0.0
105,-0.6536864,-0.28693288427423674,0.0,0.0,0.0,0.0
106,-0.6630067,-0.28693288427423674,0.0,0.0,0.0,0.0
107,-0.67520857,-0.28693288427423674,0.0,0.0,0.0,0.0
108,-0.6901411,-0.28693288427423674,0.0,0.0,0.0,0.0
109,-0.70774263,-0.28693288427423674,0.0,0.0,0.0,0.0
110,-0.727915,-0.28693288427423674,0.0,0.0,0.0,0.0
111,-0.75052065,-0.28693288427423674,0.0,0.0,0.0,0.0
112,-0.77185047,-0.28693288427423674,0.0,0.0,0.0,0.0
113,-0.78465766,-0.28693288427423674,0.0,0.0,0.0,0.0
114,-0.81587905,-0.28693288427423674,0.0,0.0,0.0,0.0
115,-0.85768414,-0.28693288427423674,0.0,0.0,0.0,0.0
116,-0.9022893,0.4460114522837513,0.4460114522837513,0.4460114522837513,0.4460114522837513,0.44601145
117,-0.94195026,2.7125230480601714,2.7125230480601714,2.26651159577642,2.7125230480601714,2.7125232
118,-0.96953446,8.664877609186174,5.0,2.2874769519398286,5.0,5.0
119,-0.9827353,9.915639088782369,5.0,0.0,5.0,5.0
120,-0.9899389,10.705192264334146,5.0,0.0,5.0,5.0
121,-0.9981171,11.601564060728611,5.0,0.0,5.0,5.0
122,-0.6356689,-0.3052724524963532,0.0,0.0,0.0,0.0
123,-0.640643,-0.30121509682655645,0.0,0.0,0.0,0.0
124,-0.6464014,-0.29560313391903165,0.0,0.0,0.0,0.0
125,-0.65020436,-0.28882687976633103,0.0,0.0,0.0,0.0
126,-0.648848,-0.28882687976633103,0.0,0.0,0.0,0.0
127,-0.6414578,-0.28882687976633103,0.0,0.0,0.0,0.0
128,-0.631553,-0.28882687976633103,0.0,0.0,0.0,0.0
129,-0.62337446,-0.28882687976633103,0.0,0.0,0.0,0.0
130,-0.6202943,-0.28882687976633103,0.0,0.0,0.0,0.0
131,-0.62440836,-0.28882687976633103,0.0,0.0,0.0,0.0
132,-0.63718116,-0.28882687976633103,0.0,0.0,0.0,0.0
133,-0.6588871,-0.28882687976633103,0.0,0.0,0.0,0.0
134,-0.68751,-0.28882687976633103,0.0,0.0,0.0,0.0
135,-0.72049433,-0.28882687976633103,0.0,0.0,0.0,0.0
136,-0.75526977,-0.28882687976633103,0.0,0.0,0.0,0.0
137,-0.7892959,-0.28882687976633103,0.0,0.0,0.0,0.0
138,-0.8182131,-0.28882687976633103,0.0,0.0,0.0,0.0
139,-0.8383508,-0.28882687976633103,0.0,0.0,0.0,0.0
140,-0.87146044,-0.28882687976633103,0.0,0.0,0.0,0.0
141,-0.9121388,1.0164008600256045,1.0164008600256045,1.0164008600256045,1.0164008600256045,1.0164008
142,-0.9543169,7.149696878615805,5.0,3.9835991399743955,5.0,5.0
143,-0.988798,10.332770809178015,5.0,0.0,5.0,5.0
144,-1.0,11.531857616569487,5.0,0.0,5.0,5.0
145,-0.61555505,-0.29813489184512637,0.0,0.0,0.0,0.0
146,-0.61859524,-0.29813489184512637,0.0,0.0,0.0,0.0
147,-0.6194724,-0.29813489184512637,0.0,0.0,0.0,0.0
148,-0.618835,-0.29813489184512637,0.0,0.0,0.0,0.0
149,-0.6176742,-0.29813489184512637,0.0,0.0,0.0,0.0
150,-0.6173316,-0.29813489184512637,0.0,0.0,0.0,0.0
151,-0.61968744,-0.29813489184512637,0.0,0.0,0.0,0.0
152,-0.626419,-0.29813489184512637,0.0,0.0,0.0,0.0
153,-0.6371857,-0.2903065765220725,0.0,0.0,0.0,0.0
154,-0.6476111,-0.28244747974007844,0.0,0.0,0.0,0.0
155,-0.65283865,-0.28244747974007844,0.0,0.0,0.0,0.0
156,-0.6516362,-0.28244747974007844,0.0,0.0,0.0,0.0
157,-0.6501167,-0.28244747974007844,0.0,0.0,0.0,0.0
158,-0.6559289,-0.28244747974007844,0.0,0.0,0.0,0.0
159,-0.67657506,-0.28244747974007844,0.0,0.0,0.0,0.0
160,-0.7194992,-0.28244747974007844,0.0,0.0,0.0,0.0
161,-0.773767,-0.28244747974007844,0.0,0.0,0.0,0.0
162,-0.78428996,-0.28244747974007844,0.0,0.0,0.0,0.0
163,-0.80099356,-0.28244747974007844,0.0,0.0,0.0,0.0
164,-0.8233797,-0.28244747974007844,0.0,0.0,0.0,0.0
165,-0.85099036,-0.28244747974007844,0.0,0.0,0.0,0.0
166,-0.88335073,-0.28244747974007844,0.0,0.0,0.0,0.0
167,-0.91953516,1.410654151636855,1.410654151636855,1.410654151636855,1.410654151636855,1.4106542
168,-0.957296,7.29523307106006,5.0,3.589345848363145,5.0,5.0
169,-0.98932165,10.281626272804866,5.0,0.0,5.0,5.0
170,-1.0,11.412866186049891,5.0,0.0,5.0,5.0
171,-0.56200343,-0.29505858805713264,0.0,0.0,0.0,0.0
172,-0.56291294,-0.29505858805713264,0.0,0.0,0.0,0.0
173,-0.5396895,-0.29505858805713264,0.0,0.0,0.0,0.0
174,-0.5109007,-0.29505858805713264,0.0,0.0,0.0,0.0
175,-0.49927014,-0.29505858805713264,0.0,0.0,0.0,0.0
176,-0.51589346,-0.29505858805713264,0.0,0.0,0.0,0.0
177,-0.5470811,-0.29505858805713264,0.0,0.0,0.0,0.0
178,-0.5743108,-0.29505858805713264,0.0,0.0,0.0,0.0
179,-0.58714616,-0.29505858805713264,0.0,0.0,0.0,0.0
180,-0.5923477,-0.29505858805713264,0.0,0.0,0.0,0.0
181,-0.60018474,-0.29505858805713264,0.0,0.0,0.0,0.0
182,-0.61684144,-0.29505858805713264,0.0,0.0,0.0,0.0
183,-0.63988113,-0.2928301139267006,0.0,0.0,0.0,0.0
184,-0.6648198,-0.2884740635993965,0.0,0.0,0.0,0.0
185,-0.68716615,-0.28257331048645706,0.0,0.0,0.0,0.0
186,-0.70243704,-0.27443812035124787,0.0,0.0,0.0,0.0
187,-0.7106814,-0.27443812035124787,0.0,0.0,0.0,0.0
188,-0.72452724,-0.27443812035124787,0.0,0.0,0.0,0.0
189,-0.7367113,-0.27443812035124787,0.0,0.0,0.0,0.0
190,-0.7474945,-0.27443812035124787,0.0,0.0,0.0,0.0
191,-0.75711375,-0.27443812035124787,0.0,0.0,0.0,0.0
192,-0.76580215,-0.27443812035124787,0.0,0.0,0.0,0.0
193,-0.77386326,-0.27443812035124787,0.0,0.0,0.0,0.0
194,-0.7821677,-0.27443812035124787,0.0,0.0,0.0,0.0
195,-0.79274344,-0.27443812035124787,0.0,0.0,0.0,0.0
196,-0.8076835,-0.27443812035124787,0.0,0.0,0.0,0.0
197,-0.8277201,-0.27443812035124787,0.0,0.0,0.0,0.0
198,-0.8509011,-0.27443812035124787,0.0,0.0,0.0,0.0
199,-0.8746077,-0.27443812035124787,0.0,0.0,0.0,0.0
200,-0.8963042,0.09895921000145111,0.09895921000145111,0.09895921000145111,0.09895921000145111,0.09895921
201,-0.9136938,1.0504077787915411,1.0504077787915411,0.95144856879009,1.0504077787915411,1.0504078
202,-0.9249434,1.6560338063982196,1.6560338063982196,0.6056260276066785,1.6560338063982196,1.6560338
203,-0.93127394,1.9966078876718818,1.9966078876718818,0.3405740812736622,1.9966078876718818,1.9966078
204,-0.9401886,2.481047572299253,2.481047572299253,0.4844396846273713,2.481047572299253,2.4810474
205,-0.9600358,7.408797736806655,5.0,2.518952427700747,5.0,5.0
206,-0.9886712,10.259640556176546,5.0,0.0,5.0,5.0
207,-1.0,11.465306460652915,5.0,0.0,5.0,5.0
208,-0.61478937,-0.29641433455669375,0.0,0.0,0.0,0.0
209,-0.6144365,-0.29641433455669375,0.0,0.0,0.0,0.0
210,-0.6159798,-0.29641433455669375,0.0,0.0,0.0,0.0
211,-0.6187714,-0.29641433455669375,0.0,0.0,0.0,0.0
212,-0.6219754,-0.29641433455669375,0.0,0.0,0.0,0.0
213,-0.62536937,-0.29641433455669375,0.0,0.0,0.0,0.0
214,-0.6299301,-0.29641433455669375,0.0,0.0,0.0,0.0
215,-0.63695216,-0.29178717800452075,0.0,0.0,0.0,0.0
216,-0.6465301,-0.2846102795687229,0.0,0.0,0.0,0.0
217,-0.6559262,-0.2765117210790025,0.0,0.0,0.0,0.0
218,-0.66179407,-0.2765117210790025,0.0,0.0,0.0,0.0
219,-0.6628691,-0.2765117210790025,0.0,0.0,0.0,0.0
220,-0.6626554,-0.2765117210790025,0.0,0.0,0.0,0.0
221,-0.6657359,-0.2765117210790025,0.0,0.0,0.0,0.0
222,-0.6766819,-0.2765117210790025,0.0,0.0,0.0,0.0
223,-0.70007664,-0.2765117210790025,0.0,0.0,0.0,0.0
224,-0.7323132,-0.2765117210790025,0.0,0.0,0.0,0.0
225,-0.7491372,-0.2765117210790025,0.0,0.0,0.0,0.0
226,-0.7697371,-0.2765117210790025,0.0,0.0,0.0,0.0
227,-0.79209423,-0.2765117210790025,0.0,0.0,0.0,0.0
228,-0.8142351,-0.2765117210790025,0.0,0.0,0.0,0.0
229,-0.8342399,-0.2765117210790025,0.0,0.0,0.0,0.0
230,-0.8504264,-0.2765117210790025,0.0,0.0,0.0,0.0
231,-0.8626382,-0.2765117210790025,0.0,0.0,0.0,0.0
232,-0.8739009,-0.2765117210790025,0.0,0.0,0.0,0.0
233,-0.88780856,-0.2765117210790025,0.0,0.0,0.0,0.0
234,-0.90655744,0.6652216937494264,0.6652216937494264,0.6652216937494264,0.6652216937494264,0.6652217
235,-0.9292429,1.9104397960743005,1.9104397960743005,1.245218102324874,1.9104397960743005,1.9104398
236,-0.95379484,6.763368646057186,5.0,3.0895602039256995,5.0,5.0
237,-0.97700113,8.937938448856025,5.0,0.0,5.0,5.0
238,-0.992931,10.618283146253058,5.0,0.0,5.0,5.0
239,-0.9957593,10.916627745936148,5.0,0.0,5.0,5.0
240,-0.985194,9.802160704604622,5.0,0.0,5.0,5.0
241,-0.9726091,8.47465373562276,5.0,0.0,5.0,5.0
242,-0.97118336,8.32425865621969,5.0,0.0,5.0,5.0
243,-0.98560417,9.845422942861603,5.0,0.0,5.0,5.0
244,-1.0,11.36301710635588,5.0,0.0,5.0,5.0
245,-0.60984474,-0.28529393343312753,0.0,0.0,0.0,0.0
246,-0.6129192,-0.2774381934908254,0.0,0.0,0.0,0.0
247,-0.6171587,-0.2774381934908254,0.0,0.0,0.0,0.0
248,-0.61981463,-0.2774381934908254,0.0,0.0,0.0,0.0
249,-0.6181597,-0.2774381934908254,0.0,0.0,0.0,0.0
250,-0.61213946,-0.2774381934908254,0.0,0.0,0.0,0.0
251,-0.6074693,-0.2774381934908254,0.0,0.0,0.0,0.0
252,-0.6109154,-0.2774381934908254,0.0,0.0,0.0,0.0
253,-0.62473214,-0.2774381934908254,0.0,0.0,0.0,0.0
254,-0.6412946,-0.2774381934908254,0.0,0.0,0.0,0.0
255,-0.651277,-0.2774381934908254,0.0,0.0,0.0,0.0
0,-0.5561439,-0.2774381934908254,0.0,0.0,0,0.0
1,-0.5594093,-0.2774381934908254,0.0,0.0,0,0.0
2,-0.5640963,-0.2707344264302273,0.0,0.0,0,0.0
3,-0.5767928,-0.2641967027013081,0.0,0.0,0,0.0
4,-0.60392135,-0.2641967027013081,0.0,0.0,0,0.0
5,-0.64570695,-0.2641967027013081,0.0,0.0,0,0.0
6,-0.6897384,-0.2641967027013081,0.0,0.0,0,0.0
7,-0.7215999,-0.2641967027013081,0.0,0.0,0,0.0
8,-0.73412406,-0.2641967027013081,0.0,0.0,0,0.0
9,-0.73565334,-0.2641967027013081,0.0,0.0,0,0.0
10,-0.7382548,-0.2641967027013081,0.0,0.0,0,0.0
11,-0.75396854,-0.2641967027013081,0.0,0.0,0,0.0
12,-0.7947904,-0.2641967027013081,0.0,0.0,0,0.0
13,-0.8560549,-0.2641967027013081,0.0,0.0,0,0.0
14,-0.8894166,-0.2641967027013081,0.0,0.0,0,0.0
15,-0.92827404,2.035555055583515,2.035555055583515,2.035555055583515,2.035555055583515,2.0355551
16,-0.96855295,8.925456089919004,5.0,2.964444944416485,5.0,5.0
17,-0.9998424,12.052174804445949,5.0,0.0,5.0,5.0
18,-0.6313051,-0.28011370500981353,0.0,0.0,0.0,0.0
19,-0.6141358,-0.28011370500981353,0.0,0.0,0.0,0.0
20,-0.6031524,-0.28011370500981353,0.0,0.0,0.0,0.0
21,-0.59771466,-0.2778025058497246,0.0,0.0,0.0,0.0
22,-0.59617937,-0.27373721690542707,0.0,0.0,0.0,0.0
23,-0.5973107,-0.27031872608545526,0.0,0.0,0.0,0.0
24,-0.60049826,-0.2667796090984744,0.0,0.0,0.0,0.0
25,-0.6051167,-0.25835333650545733,0.0,0.0,0.0,0.0
26,-0.6100574,-0.25835333650545733,0.0,0.0,0.0,0.0
27,-0.61352104,-0.25835333650545733,0.0,0.0,0.0,0.0
28,-0.6138574,-0.25835333650545733,0.0,0.0,0.0,0.0
29,-0.6117836,-0.25835333650545733,0.0,0.0,0.0,0.0
30,-0.6130194,-0.25835333650545733,0.0,0.0,0.0,0.0
31,-0.6243664,-0.25835333650545733,0.0,0.0,0.0,0.0
32,-0.65249974,-0.25835333650545733,0.0,0.0,0.0,0.0
33,-0.7040116,-0.25835333650545733,0.0,0.0,0.0,0.0
34,-0.7657525,-0.25835333650545733,0.0,0.0,0.0,0.0
35,-0.7794823,-0.25835333650545733,0.0,0.0,0.0,0.0
36,-0.80609685,-0.25835333650545733,0.0,0.0,0.0,0.0
37,-0.84232575,-0.25835333650545733,0.0,0.0,0.0,0.0
38,-0.8847774,-0.25835333650545733,0.0,0.0,0.0,0.0
39,-0.92949706,2.061438223860502,2.061438223860502,2.061438223860502,2.061438223860502,2.0614383
40,-0.9715394,9.070493153430961,5.0,2.938561776139498,5.0,5.0
41,-1.0,11.834442621474478,5.0,0.0,5.0,5.0
42,-0.5517584,-0.27465184010642163,0.0,0.0,0.0,0.0
43,-0.559135,-0.27465184010642163,0.0,0.0,0.0,0.0
44,-0.5799353,-0.27465184010642163,0.0,0.0,0.0,0.0
45,-0.60591674,-0.27465184010642163,0.0,0.0,0.0,0.0
46,-0.62724715,-0.27465184010642163,0.0,0.0,0.0,0.0
47,-0.63863385,-0.27465184010642163,0.0,0.0,0.0,0.0
48,-0.64436007,-0.27465184010642163,0.0,0.0,0.0,0.0
49,-0.6509438,-0.27465184010642163,0.0,0.0,0.0,0.0
50,-0.66297704,-0.27465184010642163,0.0,0.0,0.0,0.0
51,-0.6803986,-0.27465184010642163,0.0,0.0,0.0,0.0
52,-0.70163274,-0.27465184010642163,0.0,0.0,0.0,0.0
53,-0.7252268,-0.27465184010642163,0.0,0.0,0.0,0.0
54,-0.7506679,-0.27465184010642163,0.0,0.0,0.0,0.0
55,-0.77772623,-0.27465184010642163,0.0,0.0,0.0,0.0
56,-0.80632347,-0.27465184010642163,0.0,0.0,0.0,0.0
57,-0.8365387,-0.27465184010642163,0.0,0.0,0.0,0.0
58,-0.8680852,-0.27465184010642163,0.0,0.0,0.0,0.0
59,-0.9010905,0.37628423236867636,0.37628423236867636,0.37628423236867636,0.37628423236867636,0.37628424
60,-0.94152725,2.76737578579878,2.76737578579878,2.391091553430104,2.76737578579878,2.767376
61,-0.9809112,10.100578303774324,5.0,2.23262421420122,5.0,5.0
62,-1.0,11.995821475899572,5.0,0.0,5.0,5.0
63,-0.5772951,-0.2783970945928214,0.0,0.0,0.0,0.0
64,-0.57816005,-0.2783970945928214,0.0,0.0,0.0,0.0
65,-0.5675724,-0.2783970945928214,0.0,0.0,0.0,0.0
66,-0.5519474,-0.2783970945928214,0.0,0.0,0.0,0.0
67,-0.5396296,-0.2783970945928214,0.0,0.0,0.0,0.0
68,-0.5360225,-0.2783970945928214,0.0,0.0,0.0,0.0
69,-0.54036236,-0.2783970945928214,0.0,0.0,0.0,0.0
70,-0.5508717,-0.2783970945928214,0.0,0.0,0.0,0.0
71,-0.5660645,-0.2783970945928214,0.0,0.0,0.0,0.0
72,-0.5846819,-0.2783970945928214,0.0,0.0,0.0,0.0
73,-0.605446,-0.2783970945928214,0.0,0.0,0.0,0.0
74,-0.62749803,-0.2783970945928214,0.0,0.0,0.0,0.0
75,-0.65128225,-0.2783970945928214,0.0,0.0,0.0,0.0
76,-0.6775016,-0.2783970945928214,0.0,0.0,0.0,0.0
77,-0.7068605,-0.2783970945928214,0.0,0.0,0.0,0.0
78,-0.73997295,-0.2783970945928214,0.0,0.0,0.0,0.0
79,-0.7727199,-0.2783970945928214,0.0,0.0,0.0,0.0
80,-0.79190403,-0.2783970945928214,0.0,0.0,0.0,0.0
81,-0.8173417,-0.2783970945928214,0.0,0.0,0.0,0.0
82,-0.84722495,-0.2783970945928214,0.0,0.0,0.0,0.0
83,-0.8792582,-0.2783970945928214,0.0,0.0,0.0,0.0
84,-0.9119264,0.9679023279225,0.9679023279225,0.9679023279225,0.9679023279225,0.9679023
85,-0.9442731,2.750180538843514,2.750180538843514,1.7822782109210142,2.750180538843514,2.7501805
86,-0.97563934,9.13482750549524,5.0,2.249819461156486,5.0,5.0
87,-0.9998734,11.544034547915032,5.0,0.0,5.0,5.0
88,-0.6589523,-0.2949686769645626,0.0,0.0,0.0,0.0
89,-0.6616137,-0.2889667944773459,0.0,0.0,0.0,0.0
90,-0.6521049,-0.281553362836201,0.0,0.0,0.0,0.0
91,-0.6365917,-0.281553362836201,0.0,0.0,0.0,0.0
92,-0.62299246,-0.281553362836201,0.0,0.0,0.0,0.0
93,-0.6150236,-0.281553362836201,0.0,0.0,0.0,0.0
94,-0.60750335,-0.281553362836201,0.0,0.0,0.0,0.0
95,-0.5939474,-0.281553362836201,0.0,0.0,0.0,0.0
96,-0.5730222,-0.281553362836201,0.0,0.0,0.0,0.0
97,-0.5541718,-0.281553362836201,0.0,0.0,0.0,0.0
98,-0.5485534,-0.281553362836201,0.0,0.0,0.0,0.0
99,-0.5613571,-0.281553362836201,0.0,0.0,0.0,0.0
100,-0.5851958,-0.281553362836201,0.0,0.0,0.0,0.0
101,-0.6096475,-0.281553362836201,0.0,0.0,0.0,0.0
102,-0.62422496,-0.281553362836201,0.0,0.0,0.0,0.0
103,-0.61841667,-0.281553362836201,0.0,0.0,0.0,0.0
104,-0.60457623,-0.281553362836201,0.0,0.0,0.0,0.0
105,-0.64953965,-0.281553362836201,0.0,0.0,0.0,0.0
106,-0.688588,-0.281553362836201,0.0,0.0,0.0,0.0
107,-0.72246766,-0.281553362836201,0.0,0.0,0.0,0.0
108,-0.752111,-0.281553362836201,0.0,0.0,0.0,0.0
109,-0.7784117,-0.281553362836201,0.0,0.0,0.0,0.0
110,-0.8021791,-0.281553362836201,0.0,0.0,0.0,0.0
111,-0.8248126,-0.281553362836201,0.0,0.0,0.0,0.0
112,-0.84918743,-0.281553362836201,0.0,0.0,0.0,0.0
113,-0.87821543,-0.281553362836201,0.0,0.0,0.0,0.0
114,-0.912306,1.0001957503090049,1.0001957503090049,1.0001957503090049,1.0001957503090049,1.0001957
115,-0.9463773,2.898046038750537,2.898046038750537,1.897850288441532,2.898046038750537,2.898046
116,-0.97402936,9.037263855759688,5.0,2.101953961249463,5.0,5.0
117,-0.99178874,10.80129579823105,5.0,0.0,5.0,5.0
118,-1.0,11.947511813432484,5.0,0.0,5.0,5.0
119,-0.60659635,-0.2837631992868972,0.0,0.0,0.0,0.0
120,-0.6068323,-0.2837631992868972,0.0,0.0,0.0,0.0
121,-0.62533164,-0.2837631992868972,0.0,0.0,0.0,0.0
122,-0.6491554,-0.2837631992868972,0.0,0.0,0.0,0.0
123,-0.6622758,-0.2837631992868972,0.0,0.0,0.0,0.0
124,-0.6566144,-0.2837631992868972,0.0,0.0,0.0,0.0
125,-0.6409041,-0.2837631992868972,0.0,0.0,0.0,0.0
126,-0.6272094,-0.2837631992868972,0.0,0.0,0.0,0.0
127,-0.6227235,-0.2837631992868972,0.0,0.0,0.0,0.0
128,-0.62434375,-0.2837631992868972,0.0,0.0,0.0,0.0
129,-0.62671524,-0.2837631992868972,0.0,0.0,0.0,0.0
130,-0.62602496,-0.2837631992868972,0.0,0.0,0.0,0.0
131,-0.6217463,-0.2837631992868972,0.0,0.0,0.0,0.0
132,-0.61415553,-0.2837631992868972,0.0,0.0,0.0,0.0
133,-0.6035895,-0.2837631992868972,0.0,0.0,0.0,0.0
134,-0.59040916,-0.2837631992868972,0.0,0.0,0.0,0.0
135,-0.5829873,-0.2837631992868972,0.0,0.0,0.0,0.0
136,-0.605336,-0.2837631992868972,0.0,0.0,0.0,0.0
137,-0.6248947,-0.2837631992868972,0.0,0.0,0.0,0.0
138,-0.643588,-0.2837631992868972,0.0,0.0,0.0,0.0
139,-0.6632365,-0.2837631992868972,0.0,0.0,0.0,0.0
140,-0.68558747,-0.2837631992868972,0.0,0.0,0.0,0.0
141,-0.7122161,-0.2837631992868972,0.0,0.0,0.0,0.0
142,-0.7436368,-0.2783185433129369,0.0,0.0,0.0,0.0
143,-0.7780725,-0.27441969870822464,0.0,0.0,0.0,0.0
144,-0.8131165,-0.27441969870822464,0.0,0.0,0.0,0.0
145,-0.8459913,-0.27441969870822464,0.0,0.0,0.0,0.0
146,-0.87318814,-0.27441969870822464,0.0,0.0,0.0,0.0
147,-0.89142346,-0.15493146153452617,0.0,0.0,0.0,0.0
148,-0.90041435,0.3987279070634545,0.3987279070634545,0.3987279070634545,0.3987279070634545,0.3987279
149,-0.9061604,0.749680683173209,0.749680683173209,0.3509527761097545,0.749680683173209,0.74968064
150,-0.9154648,1.3200246306871763,1.3200246306871763,0.5703439475139673,1.3200246306871763,1.3200246
151,-0.9320425,2.3346805142054885,2.3346805142054885,1.0146558835183122,2.3346805142054885,2.3346806
152,-0.9541848,7.6375350893392335,5.0,2.6653194857945115,5.0,5.0
153,-0.979183,10.30796536454017,5.0,0.0,5.0,5.0
154,-0.9998632,12.752777469183249,5.0,0.0,5.0,5.0
155,-0.6067954,-0.2963396458779818,0.0,0.0,0.0,0.0
156,-0.5952025,-0.2963396458779818,0.0,0.0,0.0,0.0
157,-0.5815429,-0.2963396458779818,0.0,0.0,0.0,0.0
158,-0.57063335,-0.2963396458779818,0.0,0.0,0.0,0.0
159,-0.56715024,-0.2963396458779818,0.0,0.0,0.0,0.0
160,-0.5724502,-0.2963396458779818,0.0,0.0,0.0,0.0
161,-0.5808542,-0.2963396458779818,0.0,0.0,0.0,0.0
162,-0.58575976,-0.2963396458779818,0.0,0.0,0.0,0.0
163,-0.584734,-0.2963396458779818,0.0,0.0,0.0,0.0
164,-0.5831784,-0.2963396458779818,0.0,0.0,0.0,0.0
165,-0.58763605,-0.2963396458779818,0.0,0.0,0.0,0.0
166,-0.6016123,-0.2963396458779818,0.0,0.0,0.0,0.0
167,-0.62274104,-0.2963396458779818,0.0,0.0,0.0,0.0
168,-0.64719397,-0.2894733188806339,0.0,0.0,0.0,0.0
169,-0.6710943,-0.28515693454119795,0.0,0.0,0.0,0.0
170,-0.69052655,-0.28515693454119795,0.0,0.0,0.0,0.0
171,-0.7148018,-0.28515693454119795,0.0,0.0,0.0,0.0
172,-0.77776253,-0.28515693454119795,0.0,0.0,0.0,0.0
173,-0.81705916,-0.28515693454119795,0.0,0.0,0.0,0.0
174,-0.84106195,-0.28515693454119795,0.0,0.0,0.0,0.0
175,-0.8582982,-0.28515693454119795,0.0,0.0,0.0,0.0
176,-0.8773329,-0.28515693454119795,0.0,0.0,0.0,0.0
177,-0.9059394,0.7678712802435573,0.7678712802435573,0.7678712802435573,0.7678712802435573,0.76787126
178,-0.9459814,3.31716413368249,3.31716413368249,2.5492928534389327,3.31716413368249,3.317164
179,-0.9843708,11.397642519929445,5.0,1.68283586631751,5.0,5.0
180,-1.0,13.135177453782426,5.0,0.0,5.0,5.0
181,-0.5639779,-0.3048390847963946,0.0,0.0,0.0,0.0
182,-0.5674918,-0.3048390847963946,0.0,0.0,0.0,0.0
183,-0.5718472,-0.3048390847963946,0.0,0.0,0.0,0.0
184,-0.57631594,-0.3048390847963946,0.0,0.0,0.0,0.0
185,-0.5800417,-0.3048390847963946,0.0,0.0,0.0,0.0
186,-0.58220124,-0.3048390847963946,0.0,0.0,0.0,0.0
187,-0.58204323,-0.3048390847963946,0.0,0.0,0.0,0.0
188,-0.5791038,-0.3048390847963946,0.0,0.0,0.0,0.0
189,-0.57463205,-0.3048390847963946,0.0,0.0,0.0,0.0
190,-0.5733407,-0.3048390847963946,0.0,0.0,0.0,0.0
191,-0.58032054,-0.3048390847963946,0.0,0.0,0.0,0.0
192,-0.59792054,-0.3048390847963946,0.0,0.0,0.0,0.0
193,-0.6231942,-0.3048390847963946,0.0,0.0,0.0,0.0
194,-0.6517657,-0.3048390847963946,0.0,0.0,0.0,0.0
195,-0.6791348,-0.3048390847963946,0.0,0.0,0.0,0.0
196,-0.70075965,-0.3048390847963946,0.0,0.0,0.0,0.0
197,-0.71218383,-0.3048390847963946,0.0,0.0,0.0,0.0
198,-0.71466494,-0.3048390847963946,0.0,0.0,0.0,0.0
199,-0.726292,-0.3048390847963946,0.0,0.0,0.0,0.0
200,-0.7466794,-0.3048390847963946,0.0,0.0,0.0,0.0
201,-0.7755002,-0.3041241274077675,0.0,0.0,0.0,0.0
202,-0.81248254,-0.29869006053173475,0.0,0.0,0.0,0.0
203,-0.85711807,-0.2948536770889623,0.0,0.0,0.0,0.0
204,-0.90634716,0.7371993924513451,0.7371993924513451,0.7371993924513451,0.7371993924513451,0.73719937
205,-0.9512916,7.2443280332906115,5.0,4.262800607548655,5.0,5.0
206,-0.98186016,10.298914436509843,5.0,0.0,5.0,5.0
207,-0.9935235,11.635505948334492,5.0,0.0,5.0,5.0
208,-0.99342525,11.624244354161279,5.0,0.0,5.0,5.0
209,-0.99130595,11.381378941345927,5.0,0.0,5.0,5.0
210,-0.99424446,11.718122766978057,5.0,0.0,5.0,5.0
211,-1.0,12.377696005043251,5.0,0.0,5.0,5.0
212,-0.60953206,-0.2872595772186417,0.0,0.0,0.0,0.0
213,-0.62514853,-0.2872595772186417,0.0,0.0,0.0,0.0
214,-0.6311776,-0.2872595772186417,0.0,0.0,0.0,0.0
215,-0.6296672,-0.2872595772186417,0.0,0.0,0.0,0.0
216,-0.6243097,-0.2872595772186417,0.0,0.0,0.0,0.0
217,-0.6184256,-0.2872595772186417,0.0,0.0,0.0,0.0
218,-0.61446553,-0.2872595772186417,0.0,0.0,0.0,0.0
219,-0.6145458,-0.2872595772186417,0.0,0.0,0.0,0.0
220,-0.6197734,-0.2872595772186417,0.0,0.0,0.0,0.0
221,-0.6292015,-0.2872595772186417,0.0,0.0,0.0,0.0
222,-0.6415764,-0.2872595772186417,0.0,0.0,0.0,0.0
223,-0.656086,-0.2872595772186417,0.0,0.0,0.0,0.0
224,-0.67210895,-0.2872595772186417,0.0,0.0,0.0,0.0
225,-0.68873745,-0.2872595772186417,0.0,0.0,0.0,0.0
226,-0.7046615,-0.2872595772186417,0.0,0.0,0.0,0.0
227,-0.7182625,-0.2872595772186417,0.0,0.0,0.0,0.0
228,-0.72726285,-0.2872595772186417,0.0,0.0,0.0,0.0
229,-0.73195446,-0.2872595772186417,0.0,0.0,0.0,0.0
230,-0.74694926,-0.2872595772186417,0.0,0.0,0.0,0.0
231,-0.7695759,-0.2872595772186417,0.0,0.0,0.0,0.0
232,-0.7972445,-0.2872595772186417,0.0,0.0,0.0,0.0
233,-0.82742065,-0.2872595772186417,0.0,0.0,0.0,0.0
234,-0.85769933,-0.2872595772186417,0.0,0.0,0.0,0.0
235,-0.88638484,-0.2833241769332437,0.0,0.0,0.0,0.0
236,-0.9129971,1.0798120952449024,1.0798120952449024,1.0798120952449024,1.0798120952449024,1.079812
237,-0.9370487,2.588489655100996,2.588489655100996,1.5086775598560938,2.588489655100996,2.5884895
238,-0.95880693,7.981135530229989,5.0,2.411510344899004,5.0,5.0
239,-0.9794763,10.147179846959256,5.0,0.0,5.0,5.0
240,-0.9968561,12.162995676128102,5.0,0.0,5.0,5.0
241,-0.6325093,-0.29073948140654216,0.0,0.0,0.0,0.0
242,-0.6404144,-0.29073948140654216,0.0,0.0,0.0,0.0
243,-0.63674116,-0.29073948140654216,0.0,0.0,0.0,0.0
244,-0.6258599,-0.29073948140654216,0.0,0.0,0.0,0.0
245,-0.6139885,-0.29073948140654216,0.0,0.0,0.0,0.0
246,-0.6056696,-0.29073948140654216,0.0,0.0,0.0,0.0
247,-0.6020623,-0.29073948140654216,0.0,0.0,0.0,0.0
248,-0.6039345,-0.29073948140654216,0.0,0.0,0.0,0.0
249,-0.6118084,-0.29073948140654216,0.0,0.0,0.0,0.0
250,-0.6251533,-0.29073948140654216,0.0,0.0,0.0,0.0
251,-0.64291406,-0.29073948140654216,0.0,0.0,0.0,0.0
252,-0.6640726,-0.29073948140654216,0.0,0.0,0.0,0.0
253,-0.68838483,-0.29073948140654216,0.0,0.0,0.0,0.0
254,-0.7159334,-0.29073948140654216,0.0,0.0,0.0,0.0
255,-0.74680924,-0.29073948140654216,0.0,0.0,0.0,0.0
0,-0.60784674,-0.29073948140654216,0.0,0.0,0,0.0
1,-0.63864404,-0.29073948140654216,0.0,0.0,0,0.0
2,-0.66140413,-0.29073948140654216,0.0,0.0,0,0.0
3,-0.6819608,-0.29073948140654216,0.0,0.0,0,0.0
4,-0.706069,-0.29073948140654216,0.0,0.0,0,0.0
5,-0.73952025,-0.29073948140654216,0.0,0.0,0,0.0
6,-0.77720416,-0.29073948140654216,0.0,0.0,0,0.0
7,-0.79143065,-0.29073948140654216,0.0,0.0,0,0.0
8,-0.826775,-0.29073948140654216,0.0,0.0,0,0.0
9,-0.874864,-0.29073948140654216,0.0,0.0,0,0.0
10,-0.927099,1.8907150336695533,1.8907150336695533,1.8907150336695533,1.8907150336695533,1.890715
11,-0.97343576,9.291666896937585,5.0,3.1092849663304465,5.0,5.0
12,-1.0,11.798119902064153,5.0,0.0,5.0,5.0
13,-0.605646,-0.30501861173899053,0.0,0.0,0.0,0.0
14,-0.6062677,-0.30501861173899053,0.0,0.0,0.0,0.0
15,-0.60111153,-0.30501861173899053,0.0,0.0,0.0,0.0
16,-0.5966668,-0.2974062889066362,0.0,0.0,0.0,0.0
17,-0.60091025,-0.29025751752620504,0.0,0.0,0.0,0.0
18,-0.61654985,-0.29025751752620504,0.0,0.0,0.0,0.0
19,-0.6350973,-0.29025751752620504,0.0,0.0,0.0,0.0
20,-0.6461043,-0.29025751752620504,0.0,0.0,0.0,0.0
21,-0.6445952,-0.29025751752620504,0.0,0.0,0.0,0.0
22,-0.6372498,-0.29025751752620504,0.0,0.0,0.0,0.0
23,-0.63294864,-0.29025751752620504,0.0,0.0,0.0,0.0
24,-0.6363819,-0.29025751752620504,0.0,0.0,0.0,0.0
25,-0.643387,-0.29025751752620504,0.0,0.0,0.0,0.0
26,-0.64772207,-0.29025751752620504,0.0,0.0,0.0,0.0
27,-0.64316124,-0.29025751752620504,0.0,0.0,0.0,0.0
28,-0.62347376,-0.29025751752620504,0.0,0.0,0.0,0.0
29,-0.5998737,-0.29025751752620504,0.0,0.0,0.0,0.0
30,-0.6255171,-0.29025751752620504,0.0,0.0,0.0,0.0
31,-0.65331495,-0.29025751752620504,0.0,0.0,0.0,0.0
32,-0.6815112,-0.29025751752620504,0.0,0.0,0.0,0.0
33,-0.70842403,-0.29025751752620504,0.0,0.0,0.0,0.0
34,-0.7323808,-0.29025751752620504,0.0,0.0,0.0,0.0
35,-0.75187296,-0.29025751752620504,0.0,0.0,0.0,0.0
36,-0.767098,-0.29025751752620504,0.0,0.0,0.0,0.0
37,-0.7819758,-0.29025751752620504,0.0,0.0,0.0,0.0
38,-0.80091137,-0.29025751752620504,0.0,0.0,0.0,0.0
39,-0.82525355,-0.29025751752620504,0.0,0.0,0.0,0.0
40,-0.8498863,-0.2823367410803241,0.0,0.0,0.0,0.0
41,-0.8686003,-0.2749657346987218,0.0,0.0,0.0,0.0
42,-0.8783002,-0.2749657346987218,0.0,0.0,0.0,0.0
43,-0.8824661,-0.2749657346987218,0.0,0.0,0.0,0.0
44,-0.88601995,-0.2749657346987218,0.0,0.0,0.0,0.0
45,-0.8930912,-0.052334992092048255,0.0,0.0,0.0,0.0
46,-0.90613514,0.7525060147999681,0.7525060147999681,0.7525060147999681,0.7525060147999681,0.752506
47,-0.9267942,2.018031261383633,2.018031261383633,1.2655252465836648,2.018031261383633,2.0180311
48,-0.9532646,7.513279296078546,5.0,2.981968738616367,5.0,5.0
49,-0.9763833,9.868585095293192,5.0,0.0,5.0,5.0
50,-0.98623896,11.02105637914656,5.0,0.0,5.0,5.0
51,-0.98083436,10.389066532825277,5.0,0.0,5.0,5.0
52,-0.9751553,9.724986999729525,5.0,0.0,5.0,5.0
53,-0.98419905,10.78252041704515,5.0,0.0,5.0,5.0
54,-1.0,12.630208044992115,5.0,0.0,5.0,5.0
55,-0.6218639,-0.2931198360106473,0.0,0.0,0.0,0.0
56,-0.6168755,-0.2931198360106473,0.0,0.0,0.0,0.0
57,-0.6093885,-0.2931198360106473,0.0,0.0,0.0,0.0
58,-0.5987592,-0.2931198360106473,0.0,0.0,0.0,0.0
59,-0.58480567,-0.2931198360106473,0.0,0.0,0.0,0.0
60,-0.56884575,-0.290684394432858,0.0,0.0,0.0,0.0
61,-0.5553435,-0.2827460780864421,0.0,0.0,0.0,0.0
62,-0.54936117,-0.2746064939767984,0.0,0.0,0.0,0.0
63,-0.55404115,-0.2746064939767984,0.0,0.0,0.0,0.0
64,-0.56792396,-0.2746064939767984,0.0,0.0,0.0,0.0
65,-0.58826494,-0.2746064939767984,0.0,0.0,0.0,0.0
66,-0.612072,-0.2746064939767984,0.0,0.0,0.0,0.0
67,-0.6361273,-0.2746064939767984,0.0,0.0,0.0,0.0
68,-0.6570759,-0.2746064939767984,0.0,0.0,0.0,0.0
69,-0.6714918,-0.2746064939767984,0.0,0.0,0.0,0.0
70,-0.6759265,-0.2746064939767984,0.0,0.0,0.0,0.0
71,-0.67361575,-0.2746064939767984,0.0,0.0,0.0,0.0
72,-0.6875969,-0.2746064939767984,0.0,0.0,0.0,0.0
73,-0.71311826,-0.2746064939767984,0.0,0.0,0.0,0.0
74,-0.7449063,-0.2746064939767984,0.0,0.0,0.0,0.0
75,-0.777689,-0.2746064939767984,0.0,0.0,0.0,0.0
76,-0.8062015,-0.2746064939767984,0.0,0.0,0.0,0.0
77,-0.8256044,-0.2746064939767984,0.0,0.0,0.0,0.0
78,-0.83435327,-0.2746064939767984,0.0,0.0,0.0,0.0
79,-0.8378863,-0.2746064939767984,0.0,0.0,0.0,0.0
80,-0.84305227,-0.2746064939767984,0.0,0.0,0.0,0.0
81,-0.8547614,-0.2746064939767984,0.0,0.0,0.0,0.0
82,-0.87378985,-0.2746064939767984,0.0,0.0,0.0,0.0
83,-0.8998123,0.3618988998400445,0.3618988998400445,0.3618988998400445,0.3618988998400445,0.3618989
84,-0.9314622,2.3094943541291872,2.3094943541291872,1.9475954542891427,2.3094943541291872,2.3094945
85,-0.96516466,8.906880065586755,5.0,2.6905056458708128,5.0,5.0
86,-0.99308294,12.027339539123048,5.0,0.0,5.0,5.0
87,-1.0,13.18865077338224,5.0,0.0,5.0,5.0
88,-0.6096469,-0.27137141509016954,0.0,0.0,0.0,0.0
89,-0.6129682,-0.27137141509016954,0.0,0.0,0.0,0.0
90,-0.6197042,-0.27137141509016954,0.0,0.0,0.0,0.0
91,-0.62242717,-0.27137141509016954,0.0,0.0,0.0,0.0
92,-0.61326027,-0.27137141509016954,0.0,0.0,0.0,0.0
93,-0.5914017,-0.27137141509016954,0.0,0.0,0.0,0.0
94,-0.5712274,-0.27137141509016954,0.0,0.0,0.0,0.0
95,-0.5694312,-0.27137141509016954,0.0,0.0,0.0,0.0
96,-0.59397525,-0.27137141509016954,0.0,0.0,0.0,0.0
97,-0.6346097,-0.27137141509016954,0.0,0.0,0.0,0.0
98,-0.6774598,-0.27137141509016954,0.0,0.0,0.0,0.0
99,-0.7135476,-0.27137141509016954,0.0,0.0,0.0,0.0
100,-0.74432504,-0.27137141509016954,0.0,0.0,0.0,0.0
101,-0.77366525,-0.27137141509016954,0.0,0.0,0.0,0.0
102,-0.80544204,-0.27137141509016954,0.0,0.0,0.0,0.0
103,-0.8435801,-0.27137141509016954,0.0,0.0,0.0,0.0
104,-0.88090014,-0.27137141509016954,0.0,0.0,0.0,0.0
105,-0.88791287,-0.27137141509016954,0.0,0.0,0.0,0.0
106,-0.91134405,1.0598688430848844,1.0598688430848844,1.0598688430848844,1.0598688430848844,1.0598688
107,-0.9451424,3.09651567794299,3.09651567794299,2.0366468348581055,3.09651567794299,3.0965157
108,-0.9805595,10.53833809421216,5.0,1.9034843220570101,5.0,5.0
109,-1.0,12.627542253930509,5.0,0.0,5.0,5.0
110,-0.5616935,-0.29305796876063583,0.0,0.0,0.0,0.0
111,-0.54774994,-0.29305796876063583,0.0,0.0,0.0,0.0
112,-0.54795206,-0.29305796876063583,0.0,0.0,0.0,0.0
113,-0.55841875,-0.29305796876063583,0.0,0.0,0.0,0.0
114,-0.57311386,-0.29305796876063583,0.0,0.0,0.0,0.0
115,-0.5873157,-0.28756497352393096,0.0,0.0,0.0,0.0
116,-0.5990636,-0.2797311342743022,0.0,0.0,0.0,0.0
117,-0.60724217,-0.27157295881548177,0.0,0.0,0.0,0.0
118,-0.61198545,-0.27157295881548177,0.0,0.0,0.0,0.0
119,-0.6161071,-0.27157295881548177,0.0,0.0,0.0,0.0
120,-0.6228021,-0.27157295881548177,0.0,0.0,0.0,0.0
121,-0.6341302,-0.27157295881548177,0.0,0.0,0.0,0.0
122,-0.64985687,-0.27157295881548177,0.0,0.0,0.0,0.0
123,-0.6691323,-0.27157295881548177,0.0,0.0,0.0,0.0
124,-0.6907301,-0.27157295881548177,0.0,0.0,0.0,0.0
125,-0.7130326,-0.27157295881548177,0.0,0.0,0.0,0.0
126,-0.73695236,-0.27157295881548177,0.0,0.0,0.0,0.0
127,-0.7669172,-0.27157295881548177,0.0,0.0,0.0,0.0
128,-0.7840241,-0.27157295881548177,0.0,0.0,0.0,0.0
129,-0.7949659,-0.27157295881548177,0.0,0.0,0.0,0.0
130,-0.80651754,-0.27157295881548177,0.0,0.0,0.0,0.0
131,-0.8255437,-0.27157295881548177,0.0,0.0,0.0,0.0
132,-0.85825354,-0.27157295881548177,0.0,0.0,0.0,0.0
133,-0.90492135,0.6692504396434272,0.6692504396434272,0.6692504396434272,0.6692504396434272,0.6692504
134,-0.9529192,7.445199021007384,5.0,4.330749560356573,5.0,5.0
135,-0.98733974,10.578007995484311,5.0,0.0,5.0,5.0
136,-1.0,11.982519146204414,5.0,0.0,5.0,5.0
137,-0.6190131,-0.27808837626570326,0.0,0.0,0.0,0.0
138,-0.6212907,-0.27808837626570326,0.0,0.0,0.0,0.0
139,-0.6135122,-0.27808837626570326,0.0,0.0,0.0,0.0
140,-0.6007144,-0.27808837626570326,0.0,0.0,0.0,0.0
141,-0.58946556,-0.27808837626570326,0.0,0.0,0.0,0.0
142,-0.58406436,-0.27808837626570326,0.0,0.0,0.0,0.0
143,-0.58398634,-0.27808837626570326,0.0,0.0,0.0,0.0
144,-0.58753604,-0.27808837626570326,0.0,0.0,0.0,0.0
145,-0.59265643,-0.27808837626570326,0.0,0.0,0.0,0.0
146,-0.59665304,-0.27808837626570326,0.0,0.0,0.0,0.0
147,-0.59739,-0.27808837626570326,0.0,0.0,0.0,0.0
148,-0.59492266,-0.27808837626570326,0.0,0.0,0.0,0.0
149,-0.59341246,-0.27565054433407277,0.0,0.0,0.0,0.0
150,-0.5976008,-0.2734833756841236,0.0,0.0,0.0,0.0
151,-0.6119401,-0.27012935320754017,0.0,0.0,0.0,0.0
152,-0.6409172,-0.2647466910622583,0.0,0.0,0.0,0.0
153,-0.68186593,-0.25621695871572503,0.0,0.0,0.0,0.0
154,-0.71253717,-0.25621695871572503,0.0,0.0,0.0,0.0
155,-0.7440593,-0.25621695871572503,0.0,0.0,0.0,0.0
156,-0.7772211,-0.25621695871572503,0.0,0.0,0.0,0.0
157,-0.8129448,-0.25621695871572503,0.0,0.0,0.0,0.0
158,-0.8520657,-0.25621695871572503,0.0,0.0,0.0,0.0
159,-0.894408,0.026943343352921915,0.026943343352921915,0.026943343352921915,0.026943343352921915,0.026943343
160,-0.9379623,2.531029872463504,2.531029872463504,2.504086529110582,2.531029872463504,2.53103
161,-0.9770139,9.52370592338973,5.0,2.468970127536496,5.0,5.0
162,-1.0,11.775613176193328,5.0,0.0,5.0,5.0
163,-0.59214944,-0.2732865358064465,0.0,0.0,0.0,0.0
164,-0.59127903,-0.2732865358064465,0.0,0.0,0.0,0.0
165,-0.5921681,-0.2732865358064465,0.0,0.0,0.0,0.0
166,-0.5936254,-0.2732865358064465,0.0,0.0,0.0,0.0
167,-0.5939302,-0.2732865358064465,0.0,0.0,0.0,0.0
168,-0.59262115,-0.2732865358064465,0.0,0.0,0.0,0.0
169,-0.5916321,-0.2732865358064465,0.0,0.0,0.0,0.0
170,-0.5932552,-0.2732865358064465,0.0,0.0,0.0,0.0
171,-0.5988323,-0.2732865358064465,0.0,0.0,0.0,0.0
172,-0.6078377,-0.2732865358064465,0.0,0.0,0.0,0.0
173,-0.6192653,-0.2732865358064465,0.0,0.0,0.0,0.0
174,-0.6321918,-0.2732865358064465,0.0,0.0,0.0,0.0
175,-0.6459423,-0.2732865358064465,0.0,0.0,0.0,0.0
176,-0.6598971,-0.2732865358064465,0.0,0.0,0.0,0.0
177,-0.67342854,-0.2732865358064465,0.0,0.0,0.0,0.0
178,-0.6858985,-0.26903245748265225,0.0,0.0,0.0,0.0
179,-0.7037421,-0.26058610753707334,0.0,0.0,0.0,0.0
180,-0.7456196,-0.2529870331406605,0.0,0.0,0.0,0.0
181,-0.7752638,-0.2529870331406605,0.0,0.0,0.0,0.0
182,-0.79436815,-0.2529870331406605,0.0,0.0,0.0,0.0
183,-0.8046883,-0.2529870331406605,0.0,0.0,0.0,0.0
184,-0.8079961,-0.2529870331406605,0.0,0.0,0.0,0.0
185,-0.8062209,-0.2529870331406605,0.0,0.0,0.0,0.0
186,-0.80263287,-0.2529870331406605,0.0,0.0,0.0,0.0
187,-0.8033704,-0.2529870331406605,0.0,0.0,0.0,0.0
188,-0.81452537,-0.2529870331406605,0.0,0.0,0.0,0.0
189,-0.83632374,-0.2529870331406605,0.0,0.0,0.0,0.0
190,-0.856521,-0.2529870331406605,0.0,0.0,0.0,0.0
191,-0.8613872,-0.2529870331406605,0.0,0.0,0.0,0.0
192,-0.8482756,-0.2529870331406605,0.0,0.0,0.0,0.0
193,-0.8381108,-0.2529870331406605,0.0,0.0,0.0,0.0
194,-0.855409,-0.2529870331406605,0.0,0.0,0.0,0.0
195,-0.9092307,0.8680912887483669,0.8680912887483669,0.8680912887483669,0.8680912887483669,0.8680913
196,-0.97151685,9.033542503531597,5.0,4.131908711251633,5.0,5.0
197,-1.0,11.359288462609433,5.0,0.0,5.0,5.0
198,-0.590374,-0.26362453884343706,0.0,0.0,0.0,0.0
199,-0.58538973,-0.26362453884343706,0.0,0.0,0.0,0.0
200,-0.5723459,-0.26362453884343706,0.0,0.0,0.0,0.0
201,-0.5583574,-0.26362453884343706,0.0,0.0,0.0,0.0
202,-0.55265856,-0.26362453884343706,0.0,0.0,0.0,0.0
203,-0.5596639,-0.26362453884343706,0.0,0.0,0.0,0.0
204,-0.5735215,-0.26362453884343706,0.0,0.0,0.0,0.0
205,-0.58637995,-0.2596326915148969,0.0,0.0,0.0,0.0
206,-0.59373194,-0.2541460985233013,0.0,0.0,0.0,0.0
207,-0.598163,-0.2541460985233013,0.0,0.0,0.0,0.0
208,-0.6037736,-0.2541460985233013,0.0,0.0,0.0,0.0
209,-0.6131306,-0.2541460985233013,0.0,0.0,0.0,0.0
210,-0.6256448,-0.2541460985233013,0.0,0.0,0.0,0.0
211,-0.63983864,-0.2541460985233013,0.0,0.0,0.0,0.0
212,-0.6540854,-0.2541460985233013,0.0,0.0,0.0,0.0
213,-0.6666664,-0.2541460985233013,0.0,0.0,0.0,0.0
214,-0.67788684,-0.2541460985233013,0.0,0.0,0.0,0.0
215,-0.6919526,-0.2541460985233013,0.0,0.0,0.0,0.0
216,-0.6991369,-0.2541460985233013,0.0,0.0,0.0,0.0
217,-0.703565,-0.2541460985233013,0.0,0.0,0.0,0.0
218,-0.7093906,-0.2541460985233013,0.0,0.0,0.0,0.0
219,-0.7208089,-0.2541460985233013,0.0,0.0,0.0,0.0
220,-0.7416364,-0.2541460985233013,0.0,0.0,0.0,0.0
221,-0.77247465,-0.2541460985233013,0.0,0.0,0.0,0.0
222,-0.80708474,-0.2541460985233013,0.0,0.0,0.0,0.0
223,-0.8380915,-0.2541460985233013,0.0,0.0,0.0,0.0
224,-0.8617907,-0.2541460985233013,0.0,0.0,0.0,0.0
225,-0.8822655,-0.2541460985233013,0.0,0.0,0.0,0.0
226,-0.9051156,0.6373840559677512,0.6373840559677512,0.6373840559677512,0.6373840559677512,0.63738406
227,-0.93297005,2.2195270458588667,2.2195270458588667,1.5821429898911155,2.2195270458588667,2.219527
228,-0.96201855,7.9158645672866825,5.0,2.7804729541411333,5.0,5.0
229,-0.9865016,10.312188824274324,5.0,0.0,5.0,5.0
230,-1.0,11.78500180937749,5.0,0.0,5.0,5.0
231,-0.56179094,-0.2735044256946813,0.0,0.0,0.0,0.0
232,-0.5820509,-0.2735044256946813,0.0,0.0,0.0,0.0
233,-0.59132445,-0.2735044256946813,0.0,0.0,0.0,0.0
234,-0.59077257,-0.2735044256946813,0.0,0.0,0.0,0.0
235,-0.583373,-0.2735044256946813,0.0,0.0,0.0,0.0
236,-0.57230955,-0.2735044256946813,0.0,0.0,0.0,0.0
237,-0.5611224,-0.2679454136180914,0.0,0.0,0.0,0.0
238,-0.55320835,-0.260947746811618,0.0,0.0,0.0,0.0
239,-0.5504578,-0.25234916798435447,0.0,0.0,0.0,0.0
240,-0.5518247,-0.25234916798435447,0.0,0.0,0.0,0.0
241,-0.5563417,-0.25234916798435447,0.0,0.0,0.0,0.0
242,-0.5648314,-0.25234916798435447,0.0,0.0,0.0,0.0
243,-0.5806294,-0.25234916798435447,0.0,0.0,0.0,0.0
244,-0.6069907,-0.25234916798435447,0.0,0.0,0.0,0.0
245,-0.64664716,-0.25234916798435447,0.0,0.0,0.0,0.0
246,-0.7021416,-0.25234916798435447,0.0,0.0,0.0,0.0
247,-0.7586181,-0.25234916798435447,0.0,0.0,0.0,0.0
248,-0.7657778,-0.25234916798435447,0.0,0.0,0.0,0.0
249,-0.7899153,-0.25234916798435447,0.0,0.0,0.0,0.0
250,-0.82625115,-0.25234916798435447,0.0,0.0,0.0,0.0
251,-0.86961323,-0.25234916798435447,0.0,0.0,0.0,0.0
252,-0.913927,1.1318430617476245,1.1318430617476245,1.1318430617476245,1.1318430617476245,1.1318431
253,-0.95393044,7.006604873097313,5.0,3.8681569382523753,5.0,5.0
254,-0.9851026,9.839703143092558,5.0,0.0,5.0,5.0
255,-1.0,11.413986083079363,5.0,0.0,5.0,5.0
0,-0.699516,-0.26489395241803576,0.0,0.0,0,0.0
1,-0.70568323,-0.26489395241803576,0.0,0.0,0,0.0
2,-0.7133277,-0.26489395241803576,0.0,0.0,0,0.0
3,-0.7244884,-0.26489395241803576,0.0,0.0,0,0.0
4,-0.740426,-0.26489395241803576,0.0,0.0,0,0.0
5,-0.7608432,-0.26489395241803576,0.0,0.0,0,0.0
6,-0.78500587,-0.26489395241803576,0.0,0.0,0,0.0
7,-0.81168365,-0.26489395241803576,0.0,0.0,0,0.0
8,-0.83860904,-0.26489395241803576,0.0,0.0,0,0.0
9,-0.86345714,-0.26489395241803576,0.0,0.0,0,0.0
10,-0.88529676,-0.26489395241803576,0.0,0.0,0,0.0
11,-0.9061401,0.634637551423834,0.634637551423834,0.634637551423834,0.634637551423834,0.63463753
12,-0.92848045,1.920855726256086,1.920855726256086,1.2862181748322519,1.920855726256086,1.9208558
13,-0.95309055,6.787400707416787,5.0,3.079144273743914,5.0,5.0
14,-0.97707504,9.060132076861487,5.0,0.0,5.0,5.0
15,-0.9951502,10.984830948812375,5.0,0.0,5.0,5.0
16,-1.0,11.501252631975278,5.0,0.0,5.0,5.0
17,-0.6929531,-0.26691922044295385,0.0,0.0,0.0,0.0
18,-0.6828344,-0.26691922044295385,0.0,0.0,0.0,0.0
19,-0.66258353,-0.26691922044295385,0.0,0.0,0.0,0.0
20,-0.639309,-0.26691922044295385,0.0,0.0,0.0,0.0
21,-0.62162954,-0.26691922044295385,0.0,0.0,0.0,0.0
22,-0.61460936,-0.26691922044295385,0.0,0.0,0.0,0.0
23,-0.61513543,-0.26691922044295385,0.0,0.0,0.0,0.0
24,-0.61817414,-0.26691922044295385,0.0,0.0,0.0,0.0
25,-0.6212777,-0.26691922044295385,0.0,0.0,0.0,0.0
26,-0.62811154,-0.26691922044295385,0.0,0.0,0.0,0.0
27,-0.6436789,-0.26691922044295385,0.0,0.0,0.0,0.0
28,-0.67056555,-0.26691922044295385,0.0,0.0,0.0,0.0
29,-0.7060509,-0.26691922044295385,0.0,0.0,0.0,0.0
30,-0.7460608,-0.26691922044295385,0.0,0.0,0.0,0.0
31,-0.78651434,-0.26691922044295385,0.0,0.0,0.0,0.0
32,-0.82330495,-0.26691922044295385,0.0,0.0,0.0,0.0
33,-0.859713,-0.26691922044295385,0.0,0.0,0.0,0.0
34,-0.91450775,1.0654304322854735,1.0654304322854735,1.0654304322854735,1.0654304322854735,1.0654304
35,-0.9576644,6.963240136365148,5.0,3.9345695677145267,5.0,5.0
36,-0.9882159,9.598641191380953,5.0,0.0,5.0,5.0
37,-1.0,10.777527622880054,5.0,0.0,5.0,5.0
38,-0.6360105,-0.2786330822874885,0.0,0.0,0.0,0.0
39,-0.6470673,-0.2786330822874885,0.0,0.0,0.0,0.0
40,-0.6512192,-0.2786330822874885,0.0,0.0,0.0,0.0
41,-0.650376,-0.2786330822874885,0.0,0.0,0.0,0.0
42,-0.6476971,-0.2786330822874885,0.0,0.0,0.0,0.0
43,-0.64510876,-0.2786330822874885,0.0,0.0,0.0,0.0
44,-0.64204335,-0.2786330822874885,0.0,0.0,0.0,0.0
45,-0.6379441,-0.2786330822874885,0.0,0.0,0.0,0.0
46,-0.63412344,-0.2786330822874885,0.0,0.0,0.0,0.0
47,-0.63556427,-0.2747395834441732,0.0,0.0,0.0,0.0
48,-0.64742774,-0.26888289926492454,0.0,0.0,0.0,0.0
49,-0.6717108,-0.260481226771611,0.0,0.0,0.0,0.0
50,-0.7041868,-0.260481226771611,0.0,0.0,0.0,0.0
51,-0.7391445,-0.260481226771611,0.0,0.0,0.0,0.0
52,-0.7709461,-0.260481226771611,0.0,0.0,0.0,0.0
53,-0.79413044,-0.260481226771611,0.0,0.0,0.0,0.0
54,-0.81001145,-0.260481226771611,0.0,0.0,0.0,0.0
55,-0.83906835,-0.260481226771611,0.0,0.0,0.0,0.0
56,-0.87252015,-0.260481226771611,0.0,0.0,0.0,0.0
57,-0.9067142,0.6348031230295103,0.6348031230295103,0.6348031230295103,0.6348031230295103,0.6348031
58,-0.9372615,2.2165920010134106,2.2165920010134106,1.5817888779839002,2.2165920010134106,2.216592
59,-0.95969844,6.960486116803546,5.0,2.7834079989865894,5.0,5.0
60,-0.9707385,7.862942656574987,5.0,0.0,5.0,5.0
61,-0.9716221,7.951485799121622,5.0,0.0,5.0,5.0
62,-0.9725894,8.04840843780964,5.0,0.0,5.0,5.0
63,-0.98381656,9.173404115187852,5.0,0.0,5.0,5.0
64,-1.0,10.79503059354831,5.0,0.0,5.0,5.0
65,-0.61544913,-0.27908558928511656,0.0,0.0,0.0,0.0
66,-0.61319345,-0.27908558928511656,0.0,0.0,0.0,0.0
67,-0.6155812,-0.27908558928511656,0.0,0.0,0.0,0.0
68,-0.6194845,-0.27908558928511656,0.0,0.0,0.0,0.0
69,-0.62097466,-0.27908558928511656,0.0,0.0,0.0,0.0
70,-0.6181524,-0.27908558928511656,0.0,0.0,0.0,0.0
71,-0.613431,-0.27908558928511656,0.0,0.0,0.0,0.0
72,-0.61024356,-0.27908558928511656,0.0,0.0,0.0,0.0
73,-0.6112664,-0.27908558928511656,0.0,0.0,0.0,0.0
74,-0.61705226,-0.27908558928511656,0.0,0.0,0.0,0.0
75,-0.62747186,-0.27908558928511656,0.0,0.0,0.0,0.0
76,-0.64211345,-0.27908558928511656,0.0,0.0,0.0,0.0
77,-0.66009074,-0.27908558928511656,0.0,0.0,0.0,0.0
78,-0.68017817,-0.27908558928511656,0.0,0.0,0.0,0.0
79,-0.7007188,-0.27908558928511656,0.0,0.0,0.0,0.0
80,-0.71972215,-0.27908558928511656,0.0,0.0,0.0,0.0
81,-0.73622644,-0.27908558928511656,0.0,0.0,0.0,0.0
82,-0.75440586,-0.27908558928511656,0.0,0.0,0.0,0.0
83,-0.77880585,-0.27908558928511656,0.0,0.0,0.0,0.0
84,-0.8073953,-0.27705461704110956,0.0,0.0,0.0,0.0
85,-0.8382546,-0.26948476847527136,0.0,0.0,0.0,0.0
86,-0.8695452,-0.26105344632737354,0.0,0.0,0.0,0.0
87,-0.89946854,0.2589054398542906,0.2589054398542906,0.2589054398542906,0.2589054398542906,0.25890544
88,-0.9267955,1.6805310969647191,1.6805310969647191,1.4216256571104284,1.6805310969647191,1.680531
89,-0.9527885,6.281916258565371,5.0,3.319468903035281,5.0,5.0
90,-0.9791887,8.642926933653078,5.0,0.0,5.0,5.0
91,-1.0,10.712302487982674,5.0,0.0,5.0,5.0
92,-0.6246493,-0.27694680682478473,0.0,0.0,0.0,0.0
93,-0.62614197,-0.27694680682478473,0.0,0.0,0.0,0.0
94,-0.6269138,-0.27694680682478473,0.0,0.0,0.0,0.0
95,-0.62739277,-0.27694680682478473,0.0,0.0,0.0,0.0
96,-0.6284218,-0.27694680682478473,0.0,0.0,0.0,0.0
97,-0.6296321,-0.27694680682478473,0.0,0.0,0.0,0.0
98,-0.6280337,-0.27694680682478473,0.0,0.0,0.0,0.0
99,-0.620387,-0.27694680682478473,0.0,0.0,0.0,0.0
100,-0.6065679,-0.27694680682478473,0.0,0.0,0.0,0.0
101,-0.5931426,-0.27694680682478473,0.0,0.0,0.0,0.0
102,-0.58805543,-0.27694680682478473,0.0,0.0,0.0,0.0
103,-0.5962386,-0.27694680682478473,0.0,0.0,0.0,0.0
104,-0.6153551,-0.27694680682478473,0.0,0.0,0.0,0.0
105,-0.64103407,-0.27694680682478473,0.0,0.0,0.0,0.0
106,-0.66852134,-0.27694680682478473,0.0,0.0,0.0,0.0
107,-0.69277126,-0.27183924860657976,0.0,0.0,0.0,0.0
108,-0.71609944,-0.2640812118433788,0.0,0.0,0.0,0.0
109,-0.75463784,-0.2564415826106117,0.0,0.0,0.0,0.0
110,-0.77103543,-0.2564415826106117,0.0,0.0,0.0,0.0
111,-0.77446735,-0.2564415826106117,0.0,0.0,0.0,0.0
112,-0.7741159,-0.2564415826106117,0.0,0.0,0.0,0.0
113,-0.77919954,-0.2564415826106117,0.0,0.0,0.0,0.0
114,-0.7982518,-0.2564415826106117,0.0,0.0,0.0,0.0
115,-0.83359516,-0.2564415826106117,0.0,0.0,0.0,0.0
116,-0.8740605,-0.2564415826106117,0.0,0.0,0.0,0.0
117,-0.9058241,0.5794275489208047,0.5794275489208047,0.5794275489208047,0.5794275489208047,0.57942754
118,-0.9206703,1.33480509462906,1.33480509462906,0.7553775457082552,1.33480509462906,1.334805
119,-0.9239368,1.4956407760042938,1.4956407760042938,0.16083568137523385,1.4956407760042938,1.4956408
120,-0.92431605,1.5142941262722533,1.5142941262722533,0.018653350267959556,1.5142941262722533,1.5142941
121,-0.92837346,1.7214344344627992,1.7214344344627992,0.20714030819054585,1.7214344344627992,1.7214345
122,-0.9377137,2.197546159777481,2.197546159777481,0.4761117253146818,2.197546159777481,2.1975462
123,-0.952712,6.1889955887691865,5.0,2.802453840222519,5.0,5.0
124,-0.9729255,8.015073022958076,5.0,0.0,5.0,5.0
125,-0.99306923,10.01679780078294,5.0,0.0,5.0,5.0
126,-1.0,10.705520082105712,5.0,0.0,5.0,5.0
127,-0.6709671,-0.276771460240582,0.0,0.0,0.0,0.0
128,-0.68895733,-0.276771460240582,0.0,0.0,0.0,0.0
129,-0.70670825,-0.276771460240582,0.0,0.0,0.0,0.0
130,-0.7191722,-0.276771460240582,0.0,0.0,0.0,0.0
131,-0.7213695,-0.276771460240582,0.0,0.0,0.0,0.0
132,-0.7119319,-0.276771460240582,0.0,0.0,0.0,0.0
133,-0.69707745,-0.276771460240582,0.0,0.0,0.0,0.0
134,-0.68452513,-0.273268694888276,0.0,0.0,0.0,0.0
135,-0.6800227,-0.2679948882214178,0.0,0.0,0.0,0.0
136,-0.68512386,-0.2679948882214178,0.0,0.0,0.0,0.0
137,-0.70015126,-0.2679948882214178,0.0,0.0,0.0,0.0
138,-0.7238334,-0.2679948882214178,0.0,0.0,0.0,0.0
139,-0.75191677,-0.2679948882214178,0.0,0.0,0.0,0.0
140,-0.7792716,-0.2679948882214178,0.0,0.0,0.0,0.0
141,-0.8006254,-0.2679948882214178,0.0,0.0,0.0,0.0
142,-0.8106639,-0.2679948882214178,0.0,0.0,0.0,0.0
143,-0.8132435,-0.2679948882214178,0.0,0.0,0.0,0.0
144,-0.83423,-0.2679948882214178,0.0,0.0,0.0,0.0
145,-0.848354,-0.2679948882214178,0.0,0.0,0.0,0.0
146,-0.85918593,-0.2679948882214178,0.0,0.0,0.0,0.0
147,-0.87032956,-0.2679948882214178,0.0,0.0,0.0,0.0
148,-0.8854296,-0.2679948882214178,0.0,0.0,0.0,0.0
149,-0.90782386,0.712432608789494,0.712432608789494,0.712432608789494,0.712432608789494,0.7124326
150,-0.937693,2.302210835085542,2.302210835085542,1.589778226296048,2.302210835085542,2.3022108
151,-0.9683653,8.071366430730967,5.0,2.697789164914458,5.0,5.0
152,-0.9914641,10.220082471699152,5.0,0.0,5.0,5.0
153,-1.0,11.099532222165397,5.0,0.0,5.0,5.0
154,-0.6058215,-0.2869579168088262,0.0,0.0,0.0,0.0
155,-0.59964496,-0.2869579168088262,0.0,0.0,0.0,0.0
156,-0.5813928,-0.2869579168088262,0.0,0.0,0.0,0.0
157,-0.56239843,-0.2869579168088262,0.0,0.0,0.0,0.0
158,-0.55610085,-0.2869579168088262,0.0,0.0,0.0,0.0
159,-0.5686323,-0.2869579168088262,0.0,0.0,0.0,0.0
160,-0.5904684,-0.28679145627850866,0.0,0.0,0.0,0.0
161,-0.60908854,-0.27874066989658663,0.0,0.0,0.0,0.0
162,-0.6178023,-0.2705293518365801,0.0,0.0,0.0,0.0
163,-0.62265885,-0.2705293518365801,0.0,0.0,0.0,0.0
164,-0.6320082,-0.2705293518365801,0.0,0.0,0.0,0.0
165,-0.6507869,-0.2705293518365801,0.0,0.0,0.0,0.0
166,-0.6771656,-0.2705293518365801,0.0,0.0,0.0,0.0
167,-0.7077507,-0.2705293518365801,0.0,0.0,0.0,0.0
168,-0.73923033,-0.2705293518365801,0.0,0.0,0.0,0.0
169,-0.76841563,-0.2705293518365801,0.0,0.0,0.0,0.0
170,-0.7977988,-0.2705293518365801,0.0,0.0,0.0,0.0
171,-0.84121674,-0.2705293518365801,0.0,0.0,0.0,0.0
172,-0.8750047,-0.2705293518365801,0.0,0.0,0.0,0.0
173,-0.9021409,0.4125089995087331,0.4125089995087331,0.4125089995087331,0.4125089995087331,0.412509
174,-0.9254329,1.666713463777479,1.666713463777479,1.2542044642687458,1.666713463777479,1.6667135
175,-0.94714457,5.911195337749102,5.0,3.333286536222521,5.0,5.0
176,-0.9694168,7.932291129013404,5.0,0.0,5.0,5.0
177,-0.9906405,10.114484093710496,5.0,0.0,5.0,5.0
178,-1.0,11.076812289043373,5.0,0.0,5.0,5.0
179,-0.5955922,-0.2863705348770262,0.0,0.0,0.0,0.0
180,-0.593526,-0.2863705348770262,0.0,0.0,0.0,0.0
181,-0.5936587,-0.2863705348770262,0.0,0.0,0.0,0.0
182,-0.5909746,-0.2863705348770262,0.0,0.0,0.0,0.0
183,-0.5803539,-0.2863705348770262,0.0,0.0,0.0,0.0
184,-0.5618533,-0.2863705348770262,0.0,0.0,0.0,0.0
185,-0.54653895,-0.2863705348770262,0.0,0.0,0.0,0.0
186,-0.5470766,-0.2863705348770262,0.0,0.0,0.0,0.0
187,-0.5682689,-0.2863705348770262,0.0,0.0,0.0,0.0
188,-0.5982808,-0.2863705348770262,0.0,0.0,0.0,0.0
189,-0.62217134,-0.2863705348770262,0.0,0.0,0.0,0.0
190,-0.6307485,-0.2863705348770262,0.0,0.0,0.0,0.0
191,-0.6269477,-0.2863705348770262,0.0,0.0,0.0,0.0
192,-0.6164896,-0.2863705348770262,0.0,0.0,0.0,0.0
193,-0.6050343,-0.2863705348770262,0.0,0.0,0.0,0.0
194,-0.5982319,-0.2863705348770262,0.0,0.0,0.0,0.0
195,-0.60497755,-0.2863705348770262,0.0,0.0,0.0,0.0
196,-0.63520706,-0.28189310328103107,0.0,0.0,0.0,0.0
197,-0.6593387,-0.2769753791210386,0.0,0.0,0.0,0.0
198,-0.67979497,-0.2769753791210386,0.0,0.0,0.0,0.0
199,-0.6989805,-0.2769753791210386,0.0,0.0,0.0,0.0
200,-0.7193207,-0.2769753791210386,0.0,0.0,0.0,0.0
201,-0.742871,-0.2769753791210386,0.0,0.0,0.0,0.0
202,-0.76832116,-0.2769753791210386,0.0,0.0,0.0,0.0
203,-0.787161,-0.2769753791210386,0.0,0.0,0.0,0.0
204,-0.79025537,-0.2769753791210386,0.0,0.0,0.0,0.0
205,-0.7770613,-0.2769753791210386,0.0,0.0,0.0,0.0
206,-0.76530457,-0.2769753791210386,0.0,0.0,0.0,0.0
207,-0.7755562,-0.2769753791210386,0.0,0.0,0.0,0.0
208,-0.81666774,-0.2769753791210386,0.0,0.0,0.0,0.0
209,-0.8725213,-0.2769753791210386,0.0,0.0,0.0,0.0
210,-0.92220145,1.530630488364908,1.530630488364908,1.530630488364908,1.530630488364908,1.5306305
211,-0.9535038,6.729215106043992,5.0,3.469369511635092,5.0,5.0
212,-0.97266006,8.388053765744191,5.0,0.0,5.0,5.0
213,-0.98836964,10.027184432105196,5.0,0.0,5.0,5.0
214,-1.0,11.240692835341857,5.0,0.0,5.0,5.0
215,-0.58905196,-0.29060736389198183,0.0,0.0,0.0,0.0
216,-0.57478905,-0.29060736389198183,0.0,0.0,0.0,0.0
217,-0.5780775,-0.29060736389198183,0.0,0.0,0.0,0.0
218,-0.58860815,-0.29060736389198183,0.0,0.0,0.0,0.0
219,-0.59319836,-0.29060736389198183,0.0,0.0,0.0,0.0
220,-0.58505416,-0.29060736389198183,0.0,0.0,0.0,0.0
221,-0.57090384,-0.29060736389198183,0.0,0.0,0.0,0.0
222,-0.5602854,-0.29060736389198183,0.0,0.0,0.0,0.0
223,-0.55963975,-0.29060736389198183,0.0,0.0,0.0,0.0
224,-0.5688296,-0.29060736389198183,0.0,0.0,0.0,0.0
225,-0.5862103,-0.29060736389198183,0.0,0.0,0.0,0.0
226,-0.609087,-0.29060736389198183,0.0,0.0,0.0,0.0
227,-0.6323454,-0.2871000591323335,0.0,0.0,0.0,0.0
228,-0.6501235,-0.28021635608783607,0.0,0.0,0.0,0.0
229,-0.6563843,-0.2720862492153274,0.0,0.0,0.0,0.0
230,-0.6449198,-0.2720862492153274,0.0,0.0,0.0,0.0
231,-0.6270432,-0.2720862492153274,0.0,0.0,0.0,0.0
232,-0.6527036,-0.2720862492153274,0.0,0.0,0.0,0.0
233,-0.6611986,-0.2720862492153274,0.0,0.0,0.0,0.0
234,-0.6603165,-0.2720862492153274,0.0,0.0,0.0,0.0
235,-0.65788746,-0.2720862492153274,0.0,0.0,0.0,0.0
236,-0.6617925,-0.2720862492153274,0.0,0.0,0.0,0.0
237,-0.679431,-0.2720862492153274,0.0,0.0,0.0,0.0
238,-0.7139972,-0.2720862492153274,0.0,0.0,0.0,0.0
239,-0.7596934,-0.2720862492153274,0.0,0.0,0.0,0.0
240,-0.8088343,-0.2720862492153274,0.0,0.0,0.0,0.0
241,-0.85536873,-0.2720862492153274,0.0,0.0,0.0,0.0
242,-0.8965411,0.11097022666159757,0.11097022666159757,0.11097022666159757,0.11097022666159757,0.11097023
243,-0.9301748,1.9359138908481075,1.9359138908481075,1.82494366418651,1.9359138908481075,1.9359139
244,-0.95520186,6.766294364202551,5.0,3.0640861091518925,5.0,5.0
245,-0.97264034,8.311188029220164,5.0,0.0,5.0,5.0
246,-0.98416555,9.503001224707704,5.0,0.0,5.0,5.0
247,-0.9926141,10.376652523594235,5.0,0.0,5.0,5.0
248,-1.0,11.140423349121074,5.0,0.0,5.0,5.0
249,-0.6318568,-0.2880150814147124,0.0,0.0,0.0,0.0
250,-0.63461035,-0.2880150814147124,0.0,0.0,0.0,0.0
251,-0.62688285,-0.2880150814147124,0.0,0.0,0.0,0.0
252,-0.6170502,-0.2880150814147124,0.0,0.0,0.0,0.0
253,-0.6152755,-0.2825097524957153,0.0,0.0,0.0,0.0
254,-0.6253414,-0.27667162103553156,0.0,0.0,0.0,0.0
255,-0.6374919,-0.27667162103553156,0.0,0.0,0.0,0.0
0,-0.58140534,-0.27667162103553156,0.0,0.0,0,0.0
1,-0.60636157,-0.27667162103553156,0.0,0.0,0,0.0
2,-0.63646525,-0.27667162103553156,0.0,0.0,0,0.0
3,-0.66880584,-0.27667162103553156,0.0,0.0,0,0.0
4,-0.70039135,-0.27667162103553156,0.0,0.0,0,0.0
5,-0.72963095,-0.27667162103553156,0.0,0.0,0,0.0
6,-0.7589391,-0.27667162103553156,0.0,0.0,0,0.0
7,-0.78500485,-0.27667162103553156,0.0,0.0,0,0.0
8,-0.8087735,-0.27667162103553156,0.0,0.0,0,0.0
9,-0.83120364,-0.27667162103553156,0.0,0.0,0,0.0
10,-0.8531972,-0.27667162103553156,0.0,0.0,0,0.0
11,-0.87561464,-0.27667162103553156,0.0,0.0,0,0.0
12,-0.89907676,0.2568998133688715,0.2568998133688715,0.2568998133688715,0.2568998133688715,0.2568998
13,-0.92352825,1.6235713617977379,1.6235713617977379,1.3666715484288663,1.6235713617977379,1.6235714
14,-0.9490256,6.591650811183312,5.0,3.3764286382022624,5.0,5.0
15,-0.9760297,9.196219363287932,5.0,0.0,5.0,5.0
16,-0.9990736,11.717846021279778,5.0,0.0,5.0,5.0
17,-0.59765524,-0.2742984699809329,0.0,0.0,0.0,0.0
18,-0.5938004,-0.2742984699809329,0.0,0.0,0.0,0.0
19,-0.59346426,-0.2742984699809329,0.0,0.0,0.0,0.0
20,-0.5937744,-0.2742984699809329,0.0,0.0,0.0,0.0
21,-0.5914999,-0.2742984699809329,0.0,0.0,0.0,0.0
22,-0.5855392,-0.2742984699809329,0.0,0.0,0.0,0.0
23,-0.5792921,-0.2742984699809329,0.0,0.0,0.0,0.0
24,-0.576981,-0.2742984699809329,0.0,0.0,0.0,0.0
25,-0.5807042,-0.2742984699809329,0.0,0.0,0.0,0.0
26,-0.58816195,-0.2742984699809329,0.0,0.0,0.0,0.0
27,-0.5961651,-0.2742984699809329,0.0,0.0,0.0,0.0
28,-0.6030021,-0.2742984699809329,0.0,0.0,0.0,0.0
29,-0.6102561,-0.2742984699809329,0.0,0.0,0.0,0.0
30,-0.6201884,-0.2742984699809329,0.0,0.0,0.0,0.0
31,-0.63500845,-0.2742984699809329,0.0,0.0,0.0,0.0
32,-0.6570429,-0.2742984699809329,0.0,0.0,0.0,0.0
33,-0.68901426,-0.2742984699809329,0.0,0.0,0.0,0.0
34,-0.73016435,-0.2742984699809329,0.0,0.0,0.0,0.0
35,-0.7667726,-0.26878383198546046,0.0,0.0,0.0,0.0
36,-0.8000897,-0.26326440063622764,0.0,0.0,0.0,0.0
37,-0.83131975,-0.26326440063622764,0.0,0.0,0.0,0.0
38,-0.8615973,-0.26326440063622764,0.0,0.0,0.0,0.0
39,-0.89198524,-0.11544529548082938,0.0,0.0,0.0,0.0
40,-0.9230495,1.7197242783202575,1.7197242783202575,1.7197242783202575,1.7197242783202575,1.7197243
41,-0.953973,7.248933919142947,5.0,3.2802757216797422,5.0,5.0
42,-0.98238033,10.030376320410275,5.0,0.0,5.0,5.0
43,-1.0,11.985580816929213,5.0,0.0,5.0,5.0
44,-0.5542379,-0.27815943102723806,0.0,0.0,0.0,0.0
45,-0.55112416,-0.27815943102723806,0.0,0.0,0.0,0.0
46,-0.55438274,-0.27815943102723806,0.0,0.0,0.0,0.0
47,-0.5599613,-0.27815943102723806,0.0,0.0,0.0,0.0
48,-0.56268895,-0.27815943102723806,0.0,0.0,0.0,0.0
49,-0.5597541,-0.27815943102723806,0.0,0.0,0.0,0.0
50,-0.553302,-0.27815943102723806,0.0,0.0,0.0,0.0
51,-0.5467873,-0.27815943102723806,0.0,0.0,0.0,0.0
52,-0.54413456,-0.27815943102723806,0.0,0.0,0.0,0.0
53,-0.5500891,-0.27815943102723806,0.0,0.0,0.0,0.0
54,-0.5688467,-0.27815943102723806,0.0,0.0,0.0,0.0
55,-0.6009745,-0.27815943102723806,0.0,0.0,0.0,0.0
56,-0.6398525,-0.27815943102723806,0.0,0.0,0.0,0.0
57,-0.6772383,-0.27815943102723806,0.0,0.0,0.0,0.0
58,-0.7049022,-0.2744791182358297,0.0,0.0,0.0,0.0
59,-0.71457434,-0.2672766848104653,0.0,0.0,0.0,0.0
60,-0.71810114,-0.25890092928944164,0.0,0.0,0.0,0.0
61,-0.7737079,-0.25890092928944164,0.0,0.0,0.0,0.0
62,-0.81897604,-0.25890092928944164,0.0,0.0,0.0,0.0
63,-0.85599244,-0.25890092928944164,0.0,0.0,0.0,0.0
64,-0.8868931,-0.25890092928944164,0.0,0.0,0.0,0.0
65,-0.9138029,1.1540200431830228,1.1540200431830228,1.1540200431830228,1.1540200431830228,1.1540201
66,-0.9383099,2.5571287731516716,2.5571287731516716,1.4031087299686489,2.5571287731516716,2.557129
67,-0.95983493,7.7962374877177,5.0,2.4428712268483284,5.0,5.0
68,-0.9744224,9.209873828829624,5.0,0.0,5.0,5.0
69,-0.9781495,9.626285680437766,5.0,0.0,5.0,5.0
70,-0.9720614,8.94608884764636,5.0,0.0,5.0,5.0
71,-0.9674953,8.435939207858183,5.0,0.0,5.0,5.0
72,-0.97710913,9.510054950470652,5.0,0.0,5.0,5.0
73,-0.99845046,11.894438813002154,5.0,0.0,5.0,5.0
74,-0.6197734,-0.280061992889051,0.0,0.0,0.0,0.0
75,-0.62819815,-0.280061992889051,0.0,0.0,0.0,0.0
76,-0.638334,-0.280061992889051,0.0,0.0,0.0,0.0
77,-0.645621,-0.280061992889051,0.0,0.0,0.0,0.0
78,-0.64525783,-0.280061992889051,0.0,0.0,0.0,0.0
79,-0.6367735,-0.280061992889051,0.0,0.0,0.0,0.0
80,-0.6288189,-0.280061992889051,0.0,0.0,0.0,0.0
81,-0.63149065,-0.280061992889051,0.0,0.0,0.0,0.0
82,-0.6489657,-0.280061992889051,0.0,0.0,0.0,0.0
83,-0.67312306,-0.280061992889051,0.0,0.0,0.0,0.0
84,-0.69331384,-0.280061992889051,0.0,0.0,0.0,0.0
85,-0.70365286,-0.280061992889051,0.0,0.0,0.0,0.0
86,-0.70877236,-0.280061992889051,0.0,0.0,0.0,0.0
87,-0.7157775,-0.280061992889051,0.0,0.0,0.0,0.0
88,-0.7317722,-0.27841792211711197,0.0,0.0,0.0,0.0
89,-0.763892,-0.2716419624883303,0.0,0.0,0.0,0.0
90,-0.81374925,-0.2644008996392305,0.0,0.0,0.0,0.0
91,-0.8642396,-0.2644008996392305,0.0,0.0,0.0,0.0
92,-0.9128191,1.1201623070997644,1.1201623070997644,1.1201623070997644,1.1201623070997644,1.1201622
93,-0.9577398,7.788652398750345,5.0,3.8798376929002356,5.0,5.0
94,-0.9923708,11.041321871099141,5.0,0.0,5.0,5.0
95,-1.0,11.880488965552704,5.0,0.0,5.0,5.0
96,-0.61022085,-0.2757204762505785,0.0,0.0,0.0,0.0
97,-0.6022606,-0.2757204762505785,0.0,0.0,0.0,0.0
98,-0.60610396,-0.2757204762505785,0.0,0.0,0.0,0.0
99,-0.61672366,-0.2757204762505785,0.0,0.0,0.0,0.0
100,-0.62722504,-0.2757204762505785,0.0,0.0,0.0,0.0
101,-0.6320815,-0.2757204762505785,0.0,0.0,0.0,0.0
102,-0.62864184,-0.2757204762505785,0.0,0.0,0.0,0.0
103,-0.61540663,-0.2757204762505785,0.0,0.0,0.0,0.0
104,-0.5947372,-0.2757204762505785,0.0,0.0,0.0,0.0
105,-0.5773934,-0.2757204762505785,0.0,0.0,0.0,0.0
106,-0.575768,-0.2757204762505785,0.0,0.0,0.0,0.0
107,-0.5959715,-0.2757204762505785,0.0,0.0,0.0,0.0
108,-0.63011914,-0.2757204762505785,0.0,0.0,0.0,0.0
109,-0.6666307,-0.2757204762505785,0.0,0.0,0.0,0.0
110,-0.6935515,-0.2757204762505785,0.0,0.0,0.0,0.0
111,-0.6987144,-0.2757204762505785,0.0,0.0,0.0,0.0
112,-0.6813103,-0.2757204762505785,0.0,0.0,0.0,0.0
113,-0.6782923,-0.2757204762505785,0.0,0.0,0.0,0.0
114,-0.6926636,-0.2757204762505785,0.0,0.0,0.0,0.0
115,-0.7194479,-0.2757204762505785,0.0,0.0,0.0,0.0
116,-0.7537483,-0.2757204762505785,0.0,0.0,0.0,0.0
117,-0.7907194,-0.2757204762505785,0.0,0.0,0.0,0.0
118,-0.82591665,-0.27234485802623265,0.0,0.0,0.0,0.0
119,-0.8578322,-0.2681146904181145,0.0,0.0,0.0,0.0
120,-0.8911438,-0.1755731202540771,0.0,0.0,0.0,0.0
121,-0.9313667,2.041048488314061,2.041048488314061,2.041048488314061,2.041048488314061,2.0410485
122,-0.9755978,9.061399118649598,5.0,2.958951511685939,5.0,5.0
123,-1.0,11.296528727570752,5.0,0.0,5.0,5.0
124,-0.59340906,-0.2707375466484579,0.0,0.0,0.0,0.0
125,-0.5875393,-0.2707375466484579,0.0,0.0,0.0,0.0
126,-0.5917425,-0.2707375466484579,0.0,0.0,0.0,0.0
127,-0.6032366,-0.2707375466484579,0.0,0.0,0.0,0.0
128,-0.61771595,-0.2707375466484579,0.0,0.0,0.0,0.0
129,-0.63236403,-0.2707375466484579,0.0,0.0,0.0,0.0
130,-0.647438,-0.2707375466484579,0.0,0.0,0.0,0.0
131,-0.6635504,-0.2707375466484579,0.0,0.0,0.0,0.0
132,-0.68108475,-0.2707375466484579,0.0,0.0,0.0,0.0
133,-0.7005089,-0.2707375466484579,0.0,0.0,0.0,0.0
134,-0.7223005,-0.2707375466484579,0.0,0.0,0.0,0.0
135,-0.74699295,-0.2707375466484579,0.0,0.0,0.0,0.0
136,-0.77519995,-0.2707375466484579,0.0,0.0,0.0,0.0
137,-0.8075582,-0.2707375466484579,0.0,0.0,0.0,0.0
138,-0.84462726,-0.2707375466484579,0.0,0.0,0.0,0.0
139,-0.8869184,-0.2707375466484579,0.0,0.0,0.0,0.0
140,-0.92620397,1.7123049537633843,1.7123049537633843,1.7123049537633843,1.7123049537633843,1.712305
141,-0.93796164,2.312247071198584,2.312247071198584,0.5999421174351998,2.312247071198584,2.312247
142,-0.96136534,7.395334804544598,5.0,2.687752928801416,5.0,5.0
143,-0.98795605,9.943584537771606,5.0,0.0,5.0,5.0
144,-1.0,11.195152471438794,5.0,0.0,5.0,5.0
145,-0.5785712,-0.28943000184691814,0.0,0.0,0.0,0.0
146,-0.574551,-0.28943000184691814,0.0,0.0,0.0,0.0
147,-0.5857736,-0.28943000184691814,0.0,0.0,0.0,0.0
148,-0.6026992,-0.28943000184691814,0.0,0.0,0.0,0.0
149,-0.61347353,-0.28943000184691814,0.0,0.0,0.0,0.0
150,-0.6123442,-0.2855894188037694,0.0,0.0,0.0,0.0
151,-0.606383,-0.27869296080388245,0.0,0.0,0.0,0.0
152,-0.60514367,-0.27048337512096277,0.0,0.0,0.0,0.0
153,-0.61397326,-0.27048337512096277,0.0,0.0,0.0,0.0
154,-0.6293054,-0.27048337512096277,0.0,0.0,0.0,0.0
155,-0.6456875,-0.27048337512096277,0.0,0.0,0.0,0.0
156,-0.6600682,-0.27048337512096277,0.0,0.0,0.0,0.0
157,-0.6746631,-0.27048337512096277,0.0,0.0,0.0,0.0
158,-0.6929788,-0.27048337512096277,0.0,0.0,0.0,0.0
159,-0.7186109,-0.27048337512096277,0.0,0.0,0.0,0.0
160,-0.75508237,-0.27048337512096277,0.0,0.0,0.0,0.0
161,-0.79303527,-0.27048337512096277,0.0,0.0,0.0,0.0
162,-0.79517,-0.27048337512096277,0.0,0.0,0.0,0.0
163,-0.8046267,-0.27048337512096277,0.0,0.0,0.0,0.0
164,-0.8182911,-0.27048337512096277,0.0,0.0,0.0,0.0
165,-0.8330761,-0.27048337512096277,0.0,0.0,0.0,0.0
166,-0.8459522,-0.27048337512096277,0.0,0.0,0.0,0.0
167,-0.8542662,-0.27048337512096277,0.0,0.0,0.0,0.0
168,-0.8575487,-0.27048337512096277,0.0,0.0,0.0,0.0
169,-0.8597227,-0.27048337512096277,0.0,0.0,0.0,0.0
170,-0.86553097,-0.27048337512096277,0.0,0.0,0.0,0.0
171,-0.8784865,-0.27048337512096277,0.0,0.0,0.0,0.0
172,-0.8999917,0.2964820151572924,0.2964820151572924,0.2964820151572924,0.2964820151572924,0.29648203
173,-0.9311995,1.978589565232976,1.978589565232976,1.6821075500756835,1.978589565232976,1.9785895
174,-0.9700406,8.328834763707682,5.0,3.021410434767024,5.0,5.0
175,-1.0,11.174631097831957,5.0,0.0,5.0,5.0
176,-0.63754267,-0.27149936118772133,0.0,0.0,0.0,0.0
177,-0.64866453,-0.27149936118772133,0.0,0.0,0.0,0.0
178,-0.64358145,-0.27149936118772133,0.0,0.0,0.0,0.0
179,-0.6285597,-0.27149936118772133,0.0,0.0,0.0,0.0
180,-0.6127702,-0.27149936118772133,0.0,0.0,0.0,0.0
181,-0.6030771,-0.27149936118772133,0.0,0.0,0.0,0.0
182,-0.60142356,-0.27149936118772133,0.0,0.0,0.0,0.0
183,-0.6083881,-0.27149936118772133,0.0,0.0,0.0,0.0
184,-0.62268496,-0.27149936118772133,0.0,0.0,0.0,0.0
185,-0.6390413,-0.27149936118772133,0.0,0.0,0.0,0.0
186,-0.6515532,-0.27149936118772133,0.0,0.0,0.0,0.0
187,-0.6568331,-0.27149936118772133,0.0,0.0,0.0,0.0
188,-0.6568789,-0.27149936118772133,0.0,0.0,0.0,0.0
189,-0.6550422,-0.27149936118772133,0.0,0.0,0.0,0.0
190,-0.6548666,-0.27149936118772133,0.0,0.0,0.0,0.0
191,-0.6599629,-0.27149936118772133,0.0,0.0,0.0,0.0
192,-0.6708379,-0.27149936118772133,0.0,0.0,0.0,0.0
193,-0.6810353,-0.27149936118772133,0.0,0.0,0.0,0.0
194,-0.7010012,-0.27149936118772133,0.0,0.0,0.0,0.0
195,-0.7272498,-0.27149936118772133,0.0,0.0,0.0,0.0
196,-0.75619054,-0.27149936118772133,0.0,0.0,0.0,0.0
197,-0.7841982,-0.27149936118772133,0.0,0.0,0.0,0.0
198,-0.8079621,-0.27149936118772133,0.0,0.0,0.0,0.0
199,-0.8266067,-0.27149936118772133,0.0,0.0,0.0,0.0
200,-0.8444396,-0.27149936118772133,0.0,0.0,0.0,0.0
201,-0.8667969,-0.27149936118772133,0.0,0.0,0.0,0.0
202,-0.89634544,0.10013309306157764,0.10013309306157764,0.10013309306157764,0.10013309306157764,0.10013309
203,-0.9299436,1.9192666798307756,1.9192666798307756,1.819133586769198,1.9192666798307756,1.9192667
204,-0.96307576,7.595239506815504,5.0,3.0807333201692244,5.0,5.0
205,-0.9895915,10.041035323620296,5.0,0.0,5.0,5.0
206,-1.0,11.114900616110747,5.0,0.0,5.0,5.0
207,-0.5862011,-0.2873552382655312,0.0,0.0,0.0,0.0
208,-0.5861852,-0.2873552382655312,0.0,0.0,0.0,0.0
209,-0.5921018,-0.2873552382655312,0.0,0.0,0.0,0.0
210,-0.5992518,-0.2873552382655312,0.0,0.0,0.0,0.0
211,-0.6018565,-0.28064754763604055,0.0,0.0,0.0,0.0
212,-0.59716386,-0.27350637881994916,0.0,0.0,0.0,0.0
213,-0.58883077,-0.27350637881994916,0.0,0.0,0.0,0.0
214,-0.58187425,-0.27350637881994916,0.0,0.0,0.0,0.0
215,-0.57968265,-0.27350637881994916,0.0,0.0,0.0,0.0
216,-0.5820299,-0.27350637881994916,0.0,0.0,0.0,0.0
217,-0.58781266,-0.27350637881994916,0.0,0.0,0.0,0.0
218,-0.5962177,-0.27350637881994916,0.0,0.0,0.0,0.0
219,-0.6071598,-0.27350637881994916,0.0,0.0,0.0,0.0
220,-0.62071025,-0.27350637881994916,0.0,0.0,0.0,0.0
221,-0.6369211,-0.27350637881994916,0.0,0.0,0.0,0.0
222,-0.65583676,-0.27350637881994916,0.0,0.0,0.0,0.0
223,-0.6773158,-0.27350637881994916,0.0,0.0,0.0,0.0
224,-0.70171225,-0.27350637881994916,0.0,0.0,0.0,0.0
225,-0.73224694,-0.27350637881994916,0.0,0.0,0.0,0.0
226,-0.7646108,-0.27350637881994916,0.0,0.0,0.0,0.0
227,-0.7945667,-0.27350637881994916,0.0,0.0,0.0,0.0
228,-0.81786484,-0.27350637881994916,0.0,0.0,0.0,0.0
229,-0.83091,-0.27350637881994916,0.0,0.0,0.0,0.0
230,-0.8357438,-0.27350637881994916,0.0,0.0,0.0,0.0
231,-0.84653836,-0.27350637881994916,0.0,0.0,0.0,0.0
232,-0.8788999,-0.27350637881994916,0.0,0.0,0.0,0.0
233,-0.93618697,2.2744432939120713,2.2744432939120713,2.2744432939120713,2.2744432939120713,2.2744434
234,-0.9896851,10.433199849403486,5.0,2.7255567060879287,5.0,5.0
235,-1.0,11.199385294210165,5.0,0.0,5.0,5.0
236,-0.5979786,-0.2895394336662401,0.0,0.0,0.0,0.0
237,-0.58777153,-0.2895394336662401,0.0,0.0,0.0,0.0
238,-0.5498977,-0.2895394336662401,0.0,0.0,0.0,0.0
239,-0.5042073,-0.2895394336662401,0.0,0.0,0.0,0.0
240,-0.4754735,-0.22463302653618544,0.0,0.0,0.0,0.0
241,-0.47819862,-0.23272705428135484,0.0,0.0,0.0,0.0
242,-0.5040819,-0.2895394336662401,0.0,0.0,0.0,0.0
243,-0.5395324,-0.28885841939451296,0.0,0.0,0.0,0.0
244,-0.57485443,-0.28148947258926904,0.0,0.0,0.0,0.0
245,-0.6093117,-0.2736741726495463,0.0,0.0,0.0,0.0
246,-0.6441441,-0.2736741726495463,0.0,0.0,0.0,0.0
247,-0.68014604,-0.2736741726495463,0.0,0.0,0.0,0.0
248,-0.7172764,-0.2736741726495463,0.0,0.0,0.0,0.0
249,-0.7553517,-0.2736741726495463,0.0,0.0,0.0,0.0
250,-0.79426837,-0.2736741726495463,0.0,0.0,0.0,0.0
251,-0.8340037,-0.2736741726495463,0.0,0.0,0.0,0.0
252,-0.87175345,-0.2736741726495463,0.0,0.0,0.0,0.0
253,-0.897048,0.13928555470113324,0.13928555470113324,0.13928555470113324,0.13928555470113324,0.13928555
254,-0.91414,1.07162261598297,1.07162261598297,0.9323370612818368,1.07162261598297,1.0716226
255,-0.92748684,1.7900947581354008,1.7900947581354008,0.7184721421524307,1.7900947581354008,1.7900947
0,-0.81553257,-0.28353853051748507,0.0,0.0,0,0.0
1,-0.8585361,-0.28353853051748507,0.0,0.0,0,0.0
2,-0.899791,0.2771391811783053,0.2771391811783053,0.2771391811783053,0.2771391811783053,0.2771392
3,-0.93355995,2.1124923104713593,2.1124923104713593,1.835353129293054,2.1124923104713593,2.1124923
4,-0.957515,7.017491719351982,5.0,2.8875076895286407,5.0,5.0
5,-0.97734547,8.84363623997577,5.0,0.0,5.0,5.0
6,-0.9956429,10.747855023890464,5.0,0.0,5.0,5.0
7,-1.0,11.201299072073054,5.0,0.0,5.0,5.0
8,-0.5250122,-0.3002346465158356,0.0,0.0,0.0,0.0
9,-0.53966624,-0.3002346465158356,0.0,0.0,0.0,0.0
10,-0.5535198,-0.3002346465158356,0.0,0.0,0.0,0.0
11,-0.56558865,-0.3002346465158356,0.0,0.0,0.0,0.0
12,-0.5759955,-0.3002346465158356,0.0,0.0,0.0,0.0
13,-0.58559465,-0.2986968977981307,0.0,0.0,0.0,0.0
14,-0.5968941,-0.2924463061156941,0.0,0.0,0.0,0.0
15,-0.61238307,-0.28562848758852316,0.0,0.0,0.0,0.0
16,-0.6336025,-0.28562848758852316,0.0,0.0,0.0,0.0
17,-0.6605602,-0.28562848758852316,0.0,0.0,0.0,0.0
18,-0.69276536,-0.28562848758852316,0.0,0.0,0.0,0.0
19,-0.7288479,-0.28562848758852316,0.0,0.0,0.0,0.0
20,-0.7655941,-0.28562848758852316,0.0,0.0,0.0,0.0
21,-0.79942036,-0.28562848758852316,0.0,0.0,0.0,0.0
22,-0.8268268,-0.28562848758852316,0.0,0.0,0.0,0.0
23,-0.84438753,-0.28562848758852316,0.0,0.0,0.0,0.0
24,-0.86089975,-0.28562848758852316,0.0,0.0,0.0,0.0
25,-0.91000515,0.8388532047592544,0.8388532047592544,0.8388532047592544,0.8388532047592544,0.8388532
26,-0.9432647,2.6511653452146557,2.6511653452146557,1.8123121404554015,2.6511653452146557,2.6511652
27,-0.9653548,7.900821738976787,5.0,2.3488346547853443,5.0,5.0
28,-0.9805527,9.332407621529299,5.0,0.0,5.0,5.0
29,-0.9924957,10.596312649402329,5.0,0.0,5.0,5.0
30,-1.0,11.390477772120837,5.0,0.0,5.0,5.0
31,-0.60659635,-0.3053053083892231,0.0,0.0,0.0,0.0
32,-0.60683346,-0.3053053083892231,0.0,0.0,0.0,0.0
33,-0.6253418,-0.3053053083892231,0.0,0.0,0.0,0.0
34,-0.64919484,-0.3053053083892231,0.0,0.0,0.0,0.0
35,-0.662361,-0.3053053083892231,0.0,0.0,0.0,0.0
36,-0.65671635,-0.3053053083892231,0.0,0.0,0.0,0.0
37,-0.6409105,-0.3053053083892231,0.0,0.0,0.0,0.0
38,-0.62695485,-0.3053053083892231,0.0,0.0,0.0,0.0
39,-0.622032,-0.3053053083892231,0.0,0.0,0.0,0.0
40,-0.6230541,-0.3053053083892231,0.0,0.0,0.0,0.0
41,-0.6247125,-0.2981981135453276,0.0,0.0,0.0,0.0
42,-0.6232996,-0.2915465927172769,0.0,0.0,0.0,0.0
43,-0.61847496,-0.2915465927172769,0.0,0.0,0.0,0.0
44,-0.6107539,-0.2915465927172769,0.0,0.0,0.0,0.0
45,-0.60063297,-0.2915465927172769,0.0,0.0,0.0,0.0
46,-0.5885205,-0.2915465927172769,0.0,0.0,0.0,0.0
47,-0.5826704,-0.2915465927172769,0.0,0.0,0.0,0.0
48,-0.6068052,-0.2915465927172769,0.0,0.0,0.0,0.0
49,-0.62808716,-0.2915465927172769,0.0,0.0,0.0,0.0
50,-0.64832586,-0.2915465927172769,0.0,0.0,0.0,0.0
51,-0.669359,-0.2915465927172769,0.0,0.0,0.0,0.0
52,-0.69295144,-0.2915465927172769,0.0,0.0,0.0,0.0
53,-0.72065425,-0.2915465927172769,0.0,0.0,0.0,0.0
54,-0.75292987,-0.2915465927172769,0.0,0.0,0.0,0.0
55,-0.7880501,-0.2915465927172769,0.0,0.0,0.0,0.0
56,-0.82383096,-0.2915465927172769,0.0,0.0,0.0,0.0
57,-0.85770947,-0.2915465927172769,0.0,0.0,0.0,0.0
58,-0.8862736,-0.2915465927172769,0.0,0.0,0.0,0.0
59,-0.9062503,0.6462288995018095,0.6462288995018095,0.6462288995018095,0.6462288995018095,0.6462289
60,-0.9172146,1.2543020097735273,1.2543020097735273,0.6080731102717178,1.2543020097735273,1.254302
61,-0.9245324,1.6582561250005956,1.6582561250005956,0.40395411522706826,1.6582561250005956,1.6582562
62,-0.93444103,2.2089143000431846,2.2089143000431846,0.550658175042589,2.2089143000431846,2.2089143
63,-0.9509612,6.557593221941559,5.0,2.7910856999568154,5.0,5.0
64,-0.9726366,8.676970233201017,5.0,0.0,5.0,5.0
65,-0.9935329,10.935843067422203,5.0,0.0,5.0,5.0
66,-1.0,11.68917906044989,5.0,0.0,5.0,5.0
67,-0.47698197,-0.23615034130170415,0.0,0.0,0.0,0.0
68,-0.48097688,-0.23956211914108433,0.0,0.0,0.0,0.0
69,-0.50883895,-0.2918719363036712,0.0,0.0,0.0,0.0
70,-0.5453605,-0.2918719363036712,0.0,0.0,0.0,0.0
71,-0.5715536,-0.2918719363036712,0.0,0.0,0.0,0.0
72,-0.57696974,-0.2918719363036712,0.0,0.0,0.0,0.0
73,-0.56929666,-0.2918719363036712,0.0,0.0,0.0,0.0
74,-0.5600728,-0.2918719363036712,0.0,0.0,0.0,0.0
75,-0.55734056,-0.2918719363036712,0.0,0.0,0.0,0.0
76,-0.5616836,-0.2918719363036712,0.0,0.0,0.0,0.0
77,-0.57187307,-0.2918719363036712,0.0,0.0,0.0,0.0
78,-0.5865929,-0.2918719363036712,0.0,0.0,0.0,0.0
79,-0.604427,-0.2918719363036712,0.0,0.0,0.0,0.0
80,-0.62394094,-0.2918719363036712,0.0,0.0,0.0,0.0
81,-0.6437354,-0.2918719363036712,0.0,0.0,0.0,0.0
82,-0.6624869,-0.2918719363036712,0.0,0.0,0.0,0.0
83,-0.67474085,-0.2918719363036712,0.0,0.0,0.0,0.0
84,-0.6700893,-0.2918719363036712,0.0,0.0,0.0,0.0
85,-0.6778094,-0.2918719363036712,0.0,0.0,0.0,0.0
86,-0.69413215,-0.2918719363036712,0.0,0.0,0.0,0.0
87,-0.7152375,-0.2918719363036712,0.0,0.0,0.0,0.0
88,-0.7372868,-0.2918719363036712,0.0,0.0,0.0,0.0
89,-0.7566301,-0.2918719363036712,0.0,0.0,0.0,0.0
90,-0.77131367,-0.2918719363036712,0.0,0.0,0.0,0.0
91,-0.7830355,-0.2918719363036712,0.0,0.0,0.0,0.0
92,-0.7942052,-0.2918719363036712,0.0,0.0,0.0,0.0
93,-0.8060691,-0.2860985136191516,0.0,0.0,0.0,0.0
94,-0.8174125,-0.28195714342778455,0.0,0.0,0.0,0.0
95,-0.82670593,-0.28195714342778455,0.0,0.0,0.0,0.0
96,-0.8344391,-0.28195714342778455,0.0,0.0,0.0,0.0
97,-0.84537196,-0.28195714342778455,0.0,0.0,0.0,0.0
98,-0.8647956,-0.28195714342778455,0.0,0.0,0.0,0.0
99,-0.89414614,0.00044294975861147425,0.00044294975861147425,0.00044294975861147425,0.00044294975861147425,0.00044294976
100,-0.9266324,1.9678392908462656,1.9678392908462656,1.9673963410876543,1.9678392908462656,1.9678394
101,-0.9540328,7.3861390319455635,5.0,3.032160709153734,5.0,5.0
102,-0.97217405,9.116568338247548,5.0,0.0,5.0,5.0
103,-0.985496,10.633092693128287,5.0,0.0,5.0,5.0
104,-0.997107,11.954858022957124,5.0,0.0,5.0,5.0
105,-0.618149,-0.2967041061264078,0.0,0.0,0.0,0.0
106,-0.5974346,-0.2967041061264078,0.0,0.0,0.0,0.0
107,-0.57610136,-0.2967041061264078,0.0,0.0,0.0,0.0
108,-0.56155986,-0.2967041061264078,0.0,0.0,0.0,0.0
109,-0.5619097,-0.2967041061264078,0.0,0.0,0.0,0.0
110,-0.579584,-0.2967041061264078,0.0,0.0,0.0,0.0
111,-0.6038943,-0.2967041061264078,0.0,0.0,0.0,0.0
112,-0.6216381,-0.2967041061264078,0.0,0.0,0.0,0.0
113,-0.62669307,-0.2967041061264078,0.0,0.0,0.0,0.0
114,-0.62842315,-0.2967041061264078,0.0,0.0,0.0,0.0
115,-0.63897705,-0.2967041061264078,0.0,0.0,0.0,0.0
116,-0.66519874,-0.2967041061264078,0.0,0.0,0.0,0.0
117,-0.7028094,-0.2967041061264078,0.0,0.0,0.0,0.0
118,-0.74483126,-0.2967041061264078,0.0,0.0,0.0,0.0
119,-0.78419,-0.2967041061264078,0.0,0.0,0.0,0.0
120,-0.8138053,-0.2967041061264078,0.0,0.0,0.0,0.0
121,-0.8298071,-0.2967041061264078,0.0,0.0,0.0,0.0
122,-0.84353894,-0.28891695407236,0.0,0.0,0.0,0.0
123,-0.8708754,-0.2817218960432699,0.0,0.0,0.0,0.0
124,-0.9047675,0.6431465833878793,0.6431465833878793,0.6431465833878793,0.6431465833878793,0.6431466
125,-0.938852,2.6981071549230364,2.6981071549230364,2.0549605715351573,2.6981071549230364,2.698107
126,-0.96715087,8.908410844104655,5.0,2.3018928450769636,5.0,5.0
127,-0.9845071,10.686035293819176,5.0,0.0,5.0,5.0
128,-0.99076384,11.40949395647594,5.0,0.0,5.0,5.0
129,-0.9948918,11.886799415859667,5.0,0.0,5.0,5.0
130,-1.0,12.477447064187354,5.0,0.0,5.0,5.0
131,-0.64154494,-0.30137206524633076,0.0,0.0,0.0,0.0
132,-0.64668614,-0.30137206524633076,0.0,0.0,0.0,0.0
133,-0.6466122,-0.30137206524633076,0.0,0.0,0.0,0.0
134,-0.64016944,-0.30137206524633076,0.0,0.0,0.0,0.0
135,-0.6270501,-0.30137206524633076,0.0,0.0,0.0,0.0
136,-0.60936576,-0.30137206524633076,0.0,0.0,0.0,0.0
137,-0.59420836,-0.30137206524633076,0.0,0.0,0.0,0.0
138,-0.5892784,-0.30137206524633076,0.0,0.0,0.0,0.0
139,-0.5981906,-0.30137206524633076,0.0,0.0,0.0,0.0
140,-0.6159579,-0.30137206524633076,0.0,0.0,0.0,0.0
141,-0.63583595,-0.29398360281666064,0.0,0.0,0.0,0.0
142,-0.6534456,-0.2903082382238384,0.0,0.0,0.0,0.0
143,-0.66950476,-0.2826784359046635,0.0,0.0,0.0,0.0
144,-0.68598086,-0.2826784359046635,0.0,0.0,0.0,0.0
145,-0.704843,-0.2826784359046635,0.0,0.0,0.0,0.0
146,-0.72801375,-0.2826784359046635,0.0,0.0,0.0,0.0
147,-0.751937,-0.2826784359046635,0.0,0.0,0.0,0.0
148,-0.75892586,-0.2826784359046635,0.0,0.0,0.0,0.0
149,-0.7597767,-0.2826784359046635,0.0,0.0,0.0,0.0
150,-0.7573075,-0.2826784359046635,0.0,0.0,0.0,0.0
151,-0.7543437,-0.2826784359046635,0.0,0.0,0.0,0.0
152,-0.75371385,-0.2826784359046635,0.0,0.0,0.0,0.0
153,-0.7580654,-0.2826784359046635,0.0,0.0,0.0,0.0
154,-0.76839286,-0.2826784359046635,0.0,0.0,0.0,0.0
155,-0.78212744,-0.2826784359046635,0.0,0.0,0.0,0.0
156,-0.79602724,-0.2826784359046635,0.0,0.0,0.0,0.0
157,-0.8083229,-0.2826784359046635,0.0,0.0,0.0,0.0
158,-0.8204163,-0.2826784359046635,0.0,0.0,0.0,0.0
159,-0.8344336,-0.2826784359046635,0.0,0.0,0.0,0.0
160,-0.85244215,-0.2826784359046635,0.0,0.0,0.0,0.0
161,-0.8764151,-0.2826784359046635,0.0,0.0,0.0,0.0
162,-0.9079118,0.8362357872320889,0.8362357872320889,0.8362357872320889,0.8362357872320889,0.83623576
163,-0.9453425,3.0955474501745046,3.0955474501745046,2.259311662942416,3.0955474501745046,3.0955474
164,-0.9800406,10.407005595324952,5.0,1.9044525498254954,5.0,5.0
165,-1.0,12.549977298592848,5.0,0.0,5.0,5.0
166,-0.6118221,-0.3031238876038652,0.0,0.0,0.0,0.0
167,-0.6204083,-0.3031238876038652,0.0,0.0,0.0,0.0
168,-0.6235632,-0.3031238876038652,0.0,0.0,0.0,0.0
169,-0.62463236,-0.3031238876038652,0.0,0.0,0.0,0.0
170,-0.6282172,-0.3031238876038652,0.0,0.0,0.0,0.0
171,-0.6369315,-0.3031238876038652,0.0,0.0,0.0,0.0
172,-0.64890504,-0.3031238876038652,0.0,0.0,0.0,0.0
173,-0.66136026,-0.30117061951979435,0.0,0.0,0.0,0.0
174,-0.67339987,-0.2938141212459188,0.0,0.0,0.0,0.0
175,-0.68860275,-0.2871107527701218,0.0,0.0,0.0,0.0
176,-0.71115047,-0.2871107527701218,0.0,0.0,0.0,0.0
177,-0.74219406,-0.2871107527701218,0.0,0.0,0.0,0.0
178,-0.77662253,-0.2871107527701218,0.0,0.0,0.0,0.0
179,-0.8077818,-0.2871107527701218,0.0,0.0,0.0,0.0
180,-0.82895344,-0.2871107527701218,0.0,0.0,0.0,0.0
181,-0.8334068,-0.2871107527701218,0.0,0.0,0.0,0.0
182,-0.83033985,-0.2871107527701218,0.0,0.0,0.0,0.0
183,-0.866766,-0.2871107527701218,0.0,0.0,0.0,0.0
184,-0.89797735,0.2367122722095562,0.2367122722095562,0.2367122722095562,0.2367122722095562,0.23671228
185,-0.92540354,1.9266534435253917,1.9266534435253917,1.6899411713158354,1.9266534435253917,1.9266534
186,-0.95024496,7.097153552987226,5.0,3.0733465564746085,5.0,5.0
187,-0.9731063,9.406541003542767,5.0,0.0,5.0,5.0
188,-0.9924255,11.649612873465134,5.0,0.0,5.0,5.0
189,-1.0,12.529057375285749,5.0,0.0,5.0,5.0
190,-0.55759066,-0.30261860155191883,0.0,0.0,0.0,0.0
191,-0.57441694,-0.30261860155191883,0.0,0.0,0.0,0.0
192,-0.5866164,-0.30261860155191883,0.0,0.0,0.0,0.0
193,-0.59165967,-0.30261860155191883,0.0,0.0,0.0,0.0
194,-0.58821535,-0.30261860155191883,0.0,0.0,0.0,0.0
195,-0.5788482,-0.30261860155191883,0.0,0.0,0.0,0.0
196,-0.5733219,-0.30261860155191883,0.0,0.0,0.0,0.0
197,-0.5819363,-0.30261860155191883,0.0,0.0,0.0,0.0
198,-0.6086308,-0.30261860155191883,0.0,0.0,0.0,0.0
199,-0.64452374,-0.30261860155191883,0.0,0.0,0.0,0.0
200,-0.6780953,-0.30261860155191883,0.0,0.0,0.0,0.0
201,-0.70166516,-0.30261860155191883,0.0,0.0,0.0,0.0
202,-0.71580946,-0.30261860155191883,0.0,0.0,0.0,0.0
203,-0.7230936,-0.30192810774819023,0.0,0.0,0.0,0.0
204,-0.72613275,-0.2943838850484569,0.0,0.0,0.0,0.0
205,-0.72755384,-0.28789947512264674,0.0,0.0,0.0,0.0
206,-0.74347997,-0.28789947512264674,0.0,0.0,0.0,0.0
207,-0.8111965,-0.28789947512264674,0.0,0.0,0.0,0.0
208,-0.856894,-0.28789947512264674,0.0,0.0,0.0,0.0
209,-0.8872935,-0.28789947512264674,0.0,0.0,0.0,0.0
210,-0.90905035,0.9220874186651979,0.9220874186651979,0.9220874186651979,0.9220874186651979,0.92208743
211,-0.9283399,2.1015922686416513,2.1015922686416513,1.1795048499764533,2.1015922686416513,2.1015923
212,-0.9508779,7.22342257667581,5.0,2.8984077313583487,5.0,5.0
213,-0.9787832,10.184569564456195,5.0,0.0,5.0,5.0
214,-1.0,12.677071161635093,5.0,0.0,5.0,5.0
215,-0.5119205,-0.3061936290814278,0.0,0.0,0.0,0.0
216,-0.497768,-0.3061936290814278,0.0,0.0,0.0,0.0
217,-0.48775762,-0.27407667226859045,0.0,0.0,0.0,0.0
218,-0.48622108,-0.2689192466885895,0.0,0.0,0.0,0.0
219,-0.49705133,-0.30527097963843286,0.0,0.0,0.0,0.0
220,-0.5203754,-0.3061936290814278,0.0,0.0,0.0,0.0
221,-0.54833615,-0.3061936290814278,0.0,0.0,0.0,0.0
222,-0.5718343,-0.3061936290814278,0.0,0.0,0.0,0.0
223,-0.58591324,-0.3061936290814278,0.0,0.0,0.0,0.0
224,-0.5940202,-0.3061936290814278,0.0,0.0,0.0,0.0
225,-0.6012381,-0.3061936290814278,0.0,0.0,0.0,0.0
226,-0.6106853,-0.3061936290814278,0.0,0.0,0.0,0.0
227,-0.6215126,-0.3061936290814278,0.0,0.0,0.0,0.0
228,-0.6319149,-0.3061936290814278,0.0,0.0,0.0,0.0
229,-0.64005053,-0.3061936290814278,0.0,0.0,0.0,0.0
230,-0.6441465,-0.3061936290814278,0.0,0.0,0.0,0.0
231,-0.6543298,-0.3061936290814278,0.0,0.0,0.0,0.0
232,-0.70435625,-0.3061936290814278,0.0,0.0,0.0,0.0
233,-0.74683607,-0.3061936290814278,0.0,0.0,0.0,0.0
234,-0.7822475,-0.29853491229714635,0.0,0.0,0.0,0.0
235,-0.8110063,-0.29138902087740287,0.0,0.0,0.0,0.0
236,-0.8335574,-0.29138902087740287,0.0,0.0,0.0,0.0
237,-0.8504023,-0.29138902087740287,0.0,0.0,0.0,0.0
238,-0.862386,-0.29138902087740287,0.0,0.0,0.0,0.0
239,-0.8710833,-0.29138902087740287,0.0,0.0,0.0,0.0
240,-0.8782917,-0.29138902087740287,0.0,0.0,0.0,0.0
241,-0.8859107,-0.29138902087740287,0.0,0.0,0.0,0.0
242,-0.8957649,0.10177080983120229,0.10177080983120229,0.10177080983120229,0.10177080983120229,0.10177081
243,-0.9096396,0.9695724052100627,0.9695724052100627,0.8678015953788605,0.9695724052100627,0.9695724
244,-0.9289924,2.168637909006878,2.168637909006878,1.1990655037968154,2.168637909006878,2.1686378
245,-0.95383394,7.678366837686919,5.0,2.831362090993122,5.0,5.0
246,-0.9816697,10.663949211388081,5.0,0.0,5.0,5.0
247,-1.0,12.846049007584773,5.0,0.0,5.0,5.0
248,-0.59138036,-0.31027500870184643,0.0,0.0,0.0,0.0
249,-0.57695943,-0.31027500870184643,0.0,0.0,0.0,0.0
250,-0.5589011,-0.31027500870184643,0.0,0.0,0.0,0.0
251,-0.54620403,-0.31027500870184643,0.0,0.0,0.0,0.0
252,-0.5484601,-0.31027500870184643,0.0,0.0,0.0,0.0
253,-0.5688858,-0.31027500870184643,0.0,0.0,0.0,0.0
254,-0.5972069,-0.3092966308571521,0.0,0.0,0.0,0.0
255,-0.62049603,-0.3040280699297719,0.0,0.0,0.0,0.0
0,-0.57379496,-0.2996943425010259,0.0,0.0,0,0.0
1,-0.62170595,-0.2996943425010259,0.0,0.0,0,0.0
2,-0.63595456,-0.2996943425010259,0.0,0.0,0,0.0
3,-0.6555686,-0.2978142898265834,0.0,0.0,0,0.0
4,-0.68022674,-0.29014112952966836,0.0,0.0,0,0.0
5,-0.7096274,-0.28316525401255377,0.0,0.0,0,0.0
6,-0.7434778,-0.28316525401255377,0.0,0.0,0,0.0
7,-0.7813174,-0.28316525401255377,0.0,0.0,0,0.0
8,-0.8211927,-0.28316525401255377,0.0,0.0,0,0.0
9,-0.85794383,-0.28316525401255377,0.0,0.0,0,0.0
10,-0.8862254,-0.28316525401255377,0.0,0.0,0,0.0
11,-0.90483814,0.6925326276182457,0.6925326276182457,0.6925326276182457,0.6925326276182457,0.6925326
12,-0.9211884,1.7236760756481462,1.7236760756481462,1.0311434480299004,1.7236760756481462,1.723676
13,-0.9439177,3.143581023710429,3.143581023710429,1.4199049480622827,3.143581023710429,3.143581
14,-0.9752911,10.430994111305736,5.0,1.856418976289571,5.0,5.0
15,-1.0,13.278699991692603,5.0,0.0,5.0,5.0
16,-0.5949605,-0.3081699327623348,0.0,0.0,0.0,0.0
17,-0.60699546,-0.3081699327623348,0.0,0.0,0.0,0.0
18,-0.60689145,-0.3081699327623348,0.0,0.0,0.0,0.0
19,-0.6023199,-0.3081699327623348,0.0,0.0,0.0,0.0
20,-0.6035443,-0.3081699327623348,0.0,0.0,0.0,0.0
21,-0.6141435,-0.3081699327623348,0.0,0.0,0.0,0.0
22,-0.6234718,-0.3081699327623348,0.0,0.0,0.0,0.0
23,-0.61863035,-0.3081699327623348,0.0,0.0,0.0,0.0
24,-0.5954639,-0.3081699327623348,0.0,0.0,0.0,0.0
25,-0.568401,-0.3081699327623348,0.0,0.0,0.0,0.0
26,-0.5552331,-0.3031751342640295,0.0,0.0,0.0,0.0
27,-0.56563246,-0.2955362510853507,0.0,0.0,0.0,0.0
28,-0.5919862,-0.2878182830881396,0.0,0.0,0.0,0.0
29,-0.6225732,-0.2878182830881396,0.0,0.0,0.0,0.0
30,-0.645484,-0.2878182830881396,0.0,0.0,0.0,0.0
31,-0.64860964,-0.2878182830881396,0.0,0.0,0.0,0.0
32,-0.63517755,-0.2878182830881396,0.0,0.0,0.0,0.0
33,-0.65059876,-0.2878182830881396,0.0,0.0,0.0,0.0
34,-0.6686573,-0.2878182830881396,0.0,0.0,0.0,0.0
35,-0.6894584,-0.2878182830881396,0.0,0.0,0.0,0.0
36,-0.71325576,-0.2878182830881396,0.0,0.0,0.0,0.0
37,-0.7402415,-0.2878182830881396,0.0,0.0,0.0,0.0
38,-0.7703476,-0.2878182830881396,0.0,0.0,0.0,0.0
39,-0.80276716,-0.2878182830881396,0.0,0.0,0.0,0.0
40,-0.83538836,-0.2878182830881396,0.0,0.0,0.0,0.0
41,-0.865981,-0.2878182830881396,0.0,0.0,0.0,0.0
42,-0.89372796,-0.013655483024826432,0.0,0.0,0.0,0.0
43,-0.9206977,1.728222641484295,1.728222641484295,1.728222641484295,1.728222641484295,1.7282226
44,-0.9490441,7.276914775736579,5.0,3.2717773585157053,5.0,5.0
45,-0.97845393,10.372391615508812,5.0,0.0,5.0,5.0
46,-1.0,12.957091526663204,5.0,0.0,5.0,5.0
47,-0.6427204,-0.30070609525520586,0.0,0.0,0.0,0.0
48,-0.6615338,-0.30070609525520586,0.0,0.0,0.0,0.0
49,-0.67638075,-0.30070609525520586,0.0,0.0,0.0,0.0
50,-0.68217677,-0.30070609525520586,0.0,0.0,0.0,0.0
51,-0.6748655,-0.30070609525520586,0.0,0.0,0.0,0.0
52,-0.6552142,-0.30070609525520586,0.0,0.0,0.0,0.0
53,-0.6339901,-0.30070609525520586,0.0,0.0,0.0,0.0
54,-0.62348163,-0.30070609525520586,0.0,0.0,0.0,0.0
55,-0.62986743,-0.30070609525520586,0.0,0.0,0.0,0.0
56,-0.64642256,-0.30070609525520586,0.0,0.0,0.0,0.0
57,-0.6637763,-0.30070609525520586,0.0,0.0,0.0,0.0
58,-0.67618334,-0.30070609525520586,0.0,0.0,0.0,0.0
59,-0.6857122,-0.30070609525520586,0.0,0.0,0.0,0.0
60,-0.6962619,-0.2967136628270477,0.0,0.0,0.0,0.0
61,-0.7116909,-0.2929152232916664,0.0,0.0,0.0,0.0
62,-0.73580337,-0.2902533167492465,0.0,0.0,0.0,0.0
63,-0.76568466,-0.28675988109362693,0.0,0.0,0.0,0.0
64,-0.78043634,-0.27934342615760743,0.0,0.0,0.0,0.0
65,-0.7916651,-0.27934342615760743,0.0,0.0,0.0,0.0
66,-0.80161566,-0.27934342615760743,0.0,0.0,0.0,0.0
67,-0.81256205,-0.27934342615760743,0.0,0.0,0.0,0.0
68,-0.82678485,-0.27934342615760743,0.0,0.0,0.0,0.0
69,-0.8463196,-0.27934342615760743,0.0,0.0,0.0,0.0
70,-0.8712582,-0.27934342615760743,0.0,0.0,0.0,0.0
71,-0.89761496,0.2304010211139125,0.2304010211139125,0.2304010211139125,0.2304010211139125,0.23040102
72,-0.92086905,1.6866695565174867,1.6866695565174867,1.4562685354035743,1.6866695565174867,1.6866696
73,-0.9388998,2.778325259703807,2.778325259703807,1.0916557031863203,2.778325259703807,2.7783253
74,-0.9545764,7.7435971897072395,5.0,2.221674740296193,5.0,5.0
75,-0.9717373,9.607515310368791,5.0,0.0,5.0,5.0
76,-0.99043876,11.860556464422235,5.0,0.0,5.0,5.0
77,-1.0,13.012438044020426,5.0,0.0,5.0,5.0
78,-0.4746942,-0.22408852542089763,0.0,0.0,0.0,0.0
79,-0.4651043,-0.1910790397101629,0.0,0.0,0.0,0.0
80,-0.47083843,-0.21081657966362582,0.0,0.0,0.0,0.0
81,-0.49170572,-0.28264422434034636,0.0,0.0,0.0,0.0
82,-0.52516025,-0.30199056832435234,0.0,0.0,0.0,0.0
83,-0.5650857,-0.30199056832435234,0.0,0.0,0.0,0.0
84,-0.59777206,-0.30199056832435234,0.0,0.0,0.0,0.0
85,-0.6089473,-0.30199056832435234,0.0,0.0,0.0,0.0
86,-0.59410536,-0.30199056832435234,0.0,0.0,0.0,0.0
87,-0.5694627,-0.30199056832435234,0.0,0.0,0.0,0.0
88,-0.5550721,-0.30199056832435234,0.0,0.0,0.0,0.0
89,-0.56254715,-0.30199056832435234,0.0,0.0,0.0,0.0
90,-0.5856467,-0.30199056832435234,0.0,0.0,0.0,0.0
91,-0.6138371,-0.30199056832435234,0.0,0.0,0.0,0.0
92,-0.63651145,-0.30199056832435234,0.0,0.0,0.0,0.0
93,-0.64306027,-0.30199056832435234,0.0,0.0,0.0,0.0
94,-0.63634515,-0.30199056832435234,0.0,0.0,0.0,0.0
95,-0.6557794,-0.30199056832435234,0.0,0.0,0.0,0.0
96,-0.6781051,-0.30199056832435234,0.0,0.0,0.0,0.0
97,-0.7031818,-0.30199056832435234,0.0,0.0,0.0,0.0
98,-0.7307364,-0.30199056832435234,0.0,0.0,0.0,0.0
99,-0.76038855,-0.30199056832435234,0.0,0.0,0.0,0.0
100,-0.7918917,-0.30198735132906684,0.0,0.0,0.0,0.0
101,-0.82632214,-0.2942532176432431,0.0,0.0,0.0,0.0
102,-0.8674819,-0.28803968984398143,0.0,0.0,0.0,0.0
103,-0.9190825,1.625153408147894,1.625153408147894,1.625153408147894,1.625153408147894,1.6251534
104,-0.9740451,10.48506699892845,5.0,3.374846591852106,5.0,5.0
105,-1.0,12.940571620486164,5.0,0.0,5.0,5.0
106,-0.6100062,-0.300322703930829,0.0,0.0,0.0,0.0
107,-0.617549,-0.300322703930829,0.0,0.0,0.0,0.0
108,-0.6169512,-0.300322703930829,0.0,0.0,0.0,0.0
109,-0.61059195,-0.300322703930829,0.0,0.0,0.0,0.0
110,-0.6021658,-0.300322703930829,0.0,0.0,0.0,0.0
111,-0.59495384,-0.300322703930829,0.0,0.0,0.0,0.0
112,-0.5915489,-0.300322703930829,0.0,0.0,0.0,0.0
113,-0.59463584,-0.300322703930829,0.0,0.0,0.0,0.0
114,-0.6053349,-0.300322703930829,0.0,0.0,0.0,0.0
115,-0.6208773,-0.300322703930829,0.0,0.0,0.0,0.0
116,-0.637406,-0.300322703930829,0.0,0.0,0.0,0.0
117,-0.6522979,-0.300322703930829,0.0,0.0,0.0,0.0
118,-0.66608155,-0.300322703930829,0.0,0.0,0.0,0.0
119,-0.6800172,-0.300322703930829,0.0,0.0,0.0,0.0
120,-0.6953679,-0.300322703930829,0.0,0.0,0.0,0.0
121,-0.7134427,-0.300322703930829,0.0,0.0,0.0,0.0
122,-0.73587984,-0.300322703930829,0.0,0.0,0.0,0.0
123,-0.7638756,-0.300322703930829,0.0,0.0,0.0,0.0
124,-0.7928417,-0.300322703930829,0.0,0.0,0.0,0.0
125,-0.82227755,-0.29635022220373625,0.0,0.0,0.0,0.0
126,-0.8517523,-0.288494666646409,0.0,0.0,0.0,0.0
127,-0.8806948,-0.28051528246711,0.0,0.0,0.0,0.0
128,-0.9078264,0.8741544004608849,0.8741544004608849,0.8741544004608849,0.8741544004608849,0.8741544
129,-0.930626,2.2961616865759535,2.2961616865759535,1.4220072861150688,2.2961616865759535,2.2961617
130,-0.9457113,3.201799276437277,3.201799276437277,0.9056375898613234,3.201799276437277,3.2017992
131,-0.95036256,7.245374804282634,5.0,1.798200723562723,5.0,5.0
132,-0.946515,3.1726300087008976,3.1726300087008976,0,5.0,5.0
133,-0.9456301,3.1186566913815263,3.1186566913815263,0,5.0,5.0
134,-0.9601678,8.316401649950375,5.0,0.0,5.0,5.0
135,-0.98834133,11.75302418236469,5.0,0.0,5.0,5.0
136,-1.0,13.175154989712281,5.0,0.0,5.0,5.0
137,-0.6577525,-0.30576687701756194,0.0,0.0,0.0,0.0
138,-0.66472954,-0.30576687701756194,0.0,0.0,0.0,0.0
139,-0.6578145,-0.30576687701756194,0.0,0.0,0.0,0.0
140,-0.64396155,-0.30576687701756194,0.0,0.0,0.0,0.0
141,-0.63282084,-0.30576687701756194,0.0,0.0,0.0,0.0
142,-0.6306365,-0.30576687701756194,0.0,0.0,0.0,0.0
143,-0.6355667,-0.30576687701756194,0.0,0.0,0.0,0.0
144,-0.64376295,-0.30576687701756194,0.0,0.0,0.0,0.0
145,-0.65308386,-0.30576687701756194,0.0,0.0,0.0,0.0
146,-0.66555446,-0.30576687701756194,0.0,0.0,0.0,0.0
147,-0.68398035,-0.30576687701756194,0.0,0.0,0.0,0.0
148,-0.70953864,-0.30576687701756194,0.0,0.0,0.0,0.0
149,-0.74008083,-0.30576687701756194,0.0,0.0,0.0,0.0
150,-0.77262187,-0.30576687701756194,0.0,0.0,0.0,0.0
151,-0.8041965,-0.30576687701756194,0.0,0.0,0.0,0.0
152,-0.83190376,-0.30576687701756194,0.0,0.0,0.0,0.0
153,-0.85615325,-0.30576687701756194,0.0,0.0,0.0,0.0
154,-0.8877438,-0.30576687701756194,0.0,0.0,0.0,0.0
155,-0.9260866,1.9266943521985205,1.9266943521985205,1.9266943521985205,1.9266943521985205,1.9266944
156,-0.9665751,8.926934571882068,5.0,3.0733056478014795,5.0,5.0
157,-0.9985167,12.172699759319862,5.0,0.0,5.0,5.0
158,-0.60884285,-0.3190961228379845,0.0,0.0,0.0,0.0
159,-0.6232547,-0.3190961228379845,0.0,0.0,0.0,0.0
160,-0.62593037,-0.3190961228379845,0.0,0.0,0.0,0.0
161,-0.61995655,-0.3190961228379845,0.0,0.0,0.0,0.0
162,-0.6104657,-0.3190961228379845,0.0,0.0,0.0,0.0
163,-0.6014626,-0.31437513580737664,0.0,0.0,0.0,0.0
164,-0.5945633,-0.3068419119261806,0.0,0.0,0.0,0.0
165,-0.590792,-0.29924746738269375,0.0,0.0,0.0,0.0
166,-0.5914006,-0.29924746738269375,0.0,0.0,0.0,0.0
167,-0.5983099,-0.29924746738269375,0.0,0.0,0.0,0.0
168,-0.61359334,-0.29924746738269375,0.0,0.0,0.0,0.0
169,-0.6377483,-0.29924746738269375,0.0,0.0,0.0,0.0
170,-0.66776955,-0.29924746738269375,0.0,0.0,0.0,0.0
171,-0.69967604,-0.29924746738269375,0.0,0.0,0.0,0.0
172,-0.7292789,-0.29924746738269375,0.0,0.0,0.0,0.0
173,-0.7522424,-0.29924746738269375,0.0,0.0,0.0,0.0
174,-0.7722345,-0.29924746738269375,0.0,0.0,0.0,0.0
175,-0.80936086,-0.29924746738269375,0.0,0.0,0.0,0.0
176,-0.83058983,-0.29924746738269375,0.0,0.0,0.0,0.0
177,-0.8417154,-0.29924746738269375,0.0,0.0,0.0,0.0
178,-0.8486303,-0.29924746738269375,0.0,0.0,0.0,0.0
179,-0.8572311,-0.29924746738269375,0.0,0.0,0.0,0.0
180,-0.873009,-0.29924746738269375,0.0,0.0,0.0,0.0
181,-0.8985439,0.2415920282751959,0.2415920282751959,0.2415920282751959,0.2415920282751959,0.24159203
182,-0.9303906,2.1412361407235765,2.1412361407235765,1.8996441124483805,2.1412361407235765,2.141236
183,-0.9643382,8.484725486796508,5.0,2.8587638592764235,5.0,5.0
184,-0.99284005,11.380307201963413,5.0,0.0,5.0,5.0
185,-1.0,12.189746539092548,5.0,0.0,5.0,5.0
186,-0.58274764,-0.3064252150788527,0.0,0.0,0.0,0.0
187,-0.58966273,-0.3001285035065978,0.0,0.0,0.0,0.0
188,-0.5871499,-0.3001285035065978,0.0,0.0,0.0,0.0
189,-0.581257,-0.3001285035065978,0.0,0.0,0.0,0.0
190,-0.5807066,-0.3001285035065978,0.0,0.0,0.0,0.0
191,-0.59025556,-0.3001285035065978,0.0,0.0,0.0,0.0
192,-0.60570747,-0.3001285035065978,0.0,0.0,0.0,0.0
193,-0.6209491,-0.3001285035065978,0.0,0.0,0.0,0.0
194,-0.6326076,-0.3001285035065978,0.0,0.0,0.0,0.0
195,-0.6435178,-0.3001285035065978,0.0,0.0,0.0,0.0
196,-0.6577112,-0.3001285035065978,0.0,0.0,0.0,0.0
197,-0.6781,-0.3001285035065978,0.0,0.0,0.0,0.0
198,-0.7053343,-0.3001285035065978,0.0,0.0,0.0,0.0
199,-0.73955184,-0.3001285035065978,0.0,0.0,0.0,0.0
200,-0.78094727,-0.3001285035065978,0.0,0.0,0.0,0.0
201,-0.82982266,-0.3001285035065978,0.0,0.0,0.0,0.0
202,-0.878455,-0.3001285035065978,0.0,0.0,0.0,0.0
203,-0.9022043,0.46143492011889664,0.46143492011889664,0.46143492011889664,0.46143492011889664,0.46143493
204,-0.9310292,2.1833579868584225,2.1833579868584225,1.7219230667395258,2.1833579868584225,2.183358
205,-0.96313316,8.390041711798608,5.0,2.8166420131415775,5.0,5.0
206,-0.9917303,11.32672958461537,5.0,0.0,5.0,5.0
207,-1.0,12.268487142476598,5.0,0.0,5.0,5.0
208,-0.60362786,-0.31717908848181486,0.0,0.0,0.0,0.0
209,-0.6059921,-0.31717908848181486,0.0,0.0,0.0,0.0
210,-0.6155124,-0.31717908848181486,0.0,0.0,0.0,0.0
211,-0.62679386,-0.31212396106507423,0.0,0.0,0.0,0.0
212,-0.6335284,-0.30612302614050957,0.0,0.0,0.0,0.0
213,-0.6330275,-0.2993299605527787,0.0,0.0,0.0,0.0
214,-0.6300625,-0.2993299605527787,0.0,0.0,0.0,0.0
215,-0.63069344,-0.2993299605527787,0.0,0.0,0.0,0.0
216,-0.63830626,-0.2993299605527787,0.0,0.0,0.0,0.0
217,-0.6512057,-0.2993299605527787,0.0,0.0,0.0,0.0
218,-0.66648513,-0.2993299605527787,0.0,0.0,0.0,0.0
219,-0.68243706,-0.2993299605527787,0.0,0.0,0.0,0.0
220,-0.7001783,-0.2993299605527787,0.0,0.0,0.0,0.0
221,-0.72151744,-0.2993299605527787,0.0,0.0,0.0,0.0
222,-0.7483286,-0.2993299605527787,0.0,0.0,0.0,0.0
223,-0.78257614,-0.2993299605527787,0.0,0.0,0.0,0.0
224,-0.8199834,-0.2993299605527787,0.0,0.0,0.0,0.0
225,-0.8413618,-0.2993299605527787,0.0,0.0,0.0,0.0
226,-0.86427027,-0.2993299605527787,0.0,0.0,0.0,0.0
227,-0.8879078,-0.2993299605527787,0.0,0.0,0.0,0.0
228,-0.91125834,1.000791991630729,1.000791991630729,1.000791991630729,1.000791991630729,1.000792
229,-0.9326992,2.266019062738271,2.266019062738271,1.265227071107542,2.266019062738271,2.266019
230,-0.95075524,6.932514725604079,5.0,2.733980937261729,5.0,5.0
231,-0.9646241,8.263974753116353,5.0,0.0,5.0,5.0
232,-0.9742705,9.365719141675275,5.0,0.0,5.0,5.0
233,-0.98014,10.036089958906524,5.0,0.0,5.0,5.0
234,-0.98457223,10.542311001848606,5.0,0.0,5.0,5.0
235,-0.992225,11.416353141600988,5.0,0.0,5.0,5.0
236,-1.0,12.30436141284431,5.0,0.0,5.0,5.0
237,-0.57303685,-0.318106551521311,0.0,0.0,0.0,0.0
238,-0.55877376,-0.318106551521311,0.0,0.0,0.0,0.0
239,-0.5538978,-0.318106551521311,0.0,0.0,0.0,0.0
240,-0.5577946,-0.318106551521311,0.0,0.0,0.0,0.0
241,-0.56829673,-0.318106551521311,0.0,0.0,0.0,0.0
242,-0.5829035,-0.318106551521311,0.0,0.0,0.0,0.0
243,-0.59815574,-0.317410832712045,0.0,0.0,0.0,0.0
244,-0.61073834,-0.31256755702513295,0.0,0.0,0.0,0.0
245,-0.61991584,-0.3064966049184146,0.0,0.0,0.0,0.0
246,-0.6297865,-0.29956888823833133,0.0,0.0,0.0,0.0
247,-0.6448768,-0.29956888823833133,0.0,0.0,0.0,0.0
248,-0.66681623,-0.29956888823833133,0.0,0.0,0.0,0.0
249,-0.69177383,-0.29956888823833133,0.0,0.0,0.0,0.0
250,-0.71467745,-0.29956888823833133,0.0,0.0,0.0,0.0
251,-0.73041683,-0.29956888823833133,0.0,0.0,0.0,0.0
252,-0.7338339,-0.29956888823833133,0.0,0.0,0.0,0.0
253,-0.7313793,-0.29956888823833133,0.0,0.0,0.0,0.0
254,-0.760843,-0.29956888823833133,0.0,0.0,0.0,0.0
255,-0.80275625,-0.29956888823833133,0.0,0.0,0.0,0.0
0,-0.7044187,-0.29956888823833133,0.0,0.0,0,0.0
1,-0.71704906,-0.29956888823833133,0.0,0.0,0,0.0
2,-0.71872187,-0.29956888823833133,0.0,0.0,0,0.0
3,-0.7184875,-0.29956888823833133,0.0,0.0,0,0.0
4,-0.75275534,-0.29956888823833133,0.0,0.0,0,0.0
5,-0.7793637,-0.29956888823833133,0.0,0.0,0,0.0
6,-0.80126953,-0.29956888823833133,0.0,0.0,0,0.0
7,-0.8211832,-0.29956888823833133,0.0,0.0,0,0.0
8,-0.84170306,-0.29956888823833133,0.0,0.0,0,0.0
9,-0.86530656,-0.29956888823833133,0.0,0.0,0,0.0
10,-0.8935031,-0.05935374861439146,0.0,0.0,0,0.0
11,-0.9254243,1.8480614807980915,1.8480614807980915,1.8480614807980915,1.8480614807980915,1.8480614
12,-0.9589322,7.88042484524753,5.0,3.1519385192019085,5.0,5.0
13,-0.9884754,10.87298713441245,5.0,0.0,5.0,5.0
14,-1.0,12.275953213491452,5.0,0.0,5.0,5.0
15,-0.5707604,-0.28933631559666295,0.0,0.0,0.0,0.0
16,-0.5761995,-0.28933631559666295,0.0,0.0,0.0,0.0
17,-0.5789757,-0.28933631559666295,0.0,0.0,0.0,0.0
18,-0.57431465,-0.28933631559666295,0.0,0.0,0.0,0.0
19,-0.5577402,-0.28933631559666295,0.0,0.0,0.0,0.0
20,-0.5310269,-0.28933631559666295,0.0,0.0,0.0,0.0
21,-0.50923747,-0.28933631559666295,0.0,0.0,0.0,0.0
22,-0.50933766,-0.28933631559666295,0.0,0.0,0.0,0.0
23,-0.5378603,-0.28933631559666295,0.0,0.0,0.0,0.0
24,-0.579012,-0.28933631559666295,0.0,0.0,0.0,0.0
25,-0.6128008,-0.28933631559666295,0.0,0.0,0.0,0.0
26,-0.62772775,-0.28933631559666295,0.0,0.0,0.0,0.0
27,-0.63023335,-0.28933631559666295,0.0,0.0,0.0,0.0
28,-0.6308509,-0.28933631559666295,0.0,0.0,0.0,0.0
29,-0.63999397,-0.28933631559666295,0.0,0.0,0.0,0.0
30,-0.66804266,-0.28933631559666295,0.0,0.0,0.0,0.0
31,-0.7096916,-0.28933631559666295,0.0,0.0,0.0,0.0
32,-0.71981966,-0.28933631559666295,0.0,0.0,0.0,0.0
33,-0.7360398,-0.28933631559666295,0.0,0.0,0.0,0.0
34,-0.7581419,-0.28933631559666295,0.0,0.0,0.0,0.0
35,-0.7857829,-0.28933631559666295,0.0,0.0,0.0,0.0
36,-0.8185881,-0.28933631559666295,0.0,0.0,0.0,0.0
37,-0.85604334,-0.28933631559666295,0.0,0.0,0.0,0.0
38,-0.8962849,0.10321678032075968,0.10321678032075968,0.10321678032075968,0.10321678032075968,0.10321678
39,-0.9343819,2.3015580966509686,2.3015580966509686,2.198341316330209,2.3015580966509686,2.3015583
40,-0.96465224,8.199991414653343,5.0,2.6984419033490314,5.0,5.0
41,-0.9853164,10.200156116347253,5.0,0.0,5.0,5.0
42,-0.99937946,11.74178203564633,5.0,0.0,5.0,5.0
43,-0.54705393,-0.3053207792276767,0.0,0.0,0.0,0.0
44,-0.5662066,-0.29809161528140027,0.0,0.0,0.0,0.0
45,-0.5738835,-0.2917647049512207,0.0,0.0,0.0,0.0
46,-0.5738352,-0.2917647049512207,0.0,0.0,0.0,0.0
47,-0.57230866,-0.2917647049512207,0.0,0.0,0.0,0.0
48,-0.5736956,-0.2917647049512207,0.0,0.0,0.0,0.0
49,-0.5783197,-0.2917647049512207,0.0,0.0,0.0,0.0
50,-0.5854905,-0.2917647049512207,0.0,0.0,0.0,0.0
51,-0.59430826,-0.2917647049512207,0.0,0.0,0.0,0.0
52,-0.603484,-0.2917647049512207,0.0,0.0,0.0,0.0
53,-0.61171085,-0.2917647049512207,0.0,0.0,0.0,0.0
54,-0.61826193,-0.2917647049512207,0.0,0.0,0.0,0.0
55,-0.62365144,-0.2917647049512207,0.0,0.0,0.0,0.0
56,-0.62866145,-0.2917647049512207,0.0,0.0,0.0,0.0
57,-0.6340519,-0.2917647049512207,0.0,0.0,0.0,0.0
58,-0.6405738,-0.2917647049512207,0.0,0.0,0.0,0.0
59,-0.64667016,-0.2917647049512207,0.0,0.0,0.0,0.0
60,-0.64733064,-0.2917647049512207,0.0,0.0,0.0,0.0
61,-0.65637183,-0.2917647049512207,0.0,0.0,0.0,0.0
62,-0.67120796,-0.2917647049512207,0.0,0.0,0.0,0.0
63,-0.6893095,-0.2917647049512207,0.0,0.0,0.0,0.0
64,-0.70794874,-0.2917647049512207,0.0,0.0,0.0,0.0
65,-0.72442687,-0.2917647049512207,0.0,0.0,0.0,0.0
66,-0.7380776,-0.2917647049512207,0.0,0.0,0.0,0.0
67,-0.7528706,-0.2917647049512207,0.0,0.0,0.0,0.0
68,-0.7734273,-0.2917647049512207,0.0,0.0,0.0,0.0
69,-0.80103034,-0.2917647049512207,0.0,0.0,0.0,0.0
70,-0.82992977,-0.2917647049512207,0.0,0.0,0.0,0.0
71,-0.85337114,-0.2917647049512207,0.0,0.0,0.0,0.0
72,-0.8689269,-0.2902275985723355,0.0,0.0,0.0,0.0
73,-0.8832748,-0.28326588438257916,0.0,0.0,0.0,0.0
74,-0.9046645,0.6178633416891339,0.6178633416891339,0.6178633416891339,0.6178633416891339,0.61786336
75,-0.93688947,2.587032761345244,2.587032761345244,1.96916941965611,2.587032761345244,2.5870328
76,-0.97357404,9.680641385013573,5.0,2.412967238654756,5.0,5.0
77,-1.0,12.453079977385887,5.0,0.0,5.0,5.0
78,-0.6036276,-0.28900907631890915,0.0,0.0,0.0,0.0
79,-0.60598385,-0.28900907631890915,0.0,0.0,0.0,0.0
80,-0.6154267,-0.28900907631890915,0.0,0.0,0.0,0.0
81,-0.6263592,-0.28900907631890915,0.0,0.0,0.0,0.0
82,-0.63211197,-0.28900907631890915,0.0,0.0,0.0,0.0
83,-0.62945056,-0.28900907631890915,0.0,0.0,0.0,0.0
84,-0.6223877,-0.28900907631890915,0.0,0.0,0.0,0.0
85,-0.61637986,-0.28900907631890915,0.0,0.0,0.0,0.0
86,-0.61463326,-0.28900907631890915,0.0,0.0,0.0,0.0
87,-0.6156354,-0.28900907631890915,0.0,0.0,0.0,0.0
88,-0.61685735,-0.28900907631890915,0.0,0.0,0.0,0.0
89,-0.6170571,-0.28900907631890915,0.0,0.0,0.0,0.0
90,-0.6178414,-0.28900907631890915,0.0,0.0,0.0,0.0
91,-0.62148666,-0.28900907631890915,0.0,0.0,0.0,0.0
92,-0.63028544,-0.28900907631890915,0.0,0.0,0.0,0.0
93,-0.646543,-0.28900907631890915,0.0,0.0,0.0,0.0
94,-0.6662655,-0.28900907631890915,0.0,0.0,0.0,0.0
95,-0.67050576,-0.28900907631890915,0.0,0.0,0.0,0.0
96,-0.67694974,-0.28900907631890915,0.0,0.0,0.0,0.0
97,-0.6848398,-0.28900907631890915,0.0,0.0,0.0,0.0
98,-0.69338894,-0.28900907631890915,0.0,0.0,0.0,0.0
99,-0.70181537,-0.28900907631890915,0.0,0.0,0.0,0.0
100,-0.7093765,-0.28900907631890915,0.0,0.0,0.0,0.0
101,-0.7155615,-0.28900907631890915,0.0,0.0,0.0,0.0
102,-0.7203737,-0.28900907631890915,0.0,0.0,0.0,0.0
103,-0.72417235,-0.28900907631890915,0.0,0.0,0.0,0.0
104,-0.72913414,-0.2816823167082195,0.0,0.0,0.0,0.0
105,-0.7413085,-0.27552144796745337,0.0,0.0,0.0,0.0
106,-0.7670652,-0.27552144796745337,0.0,0.0,0.0,0.0
107,-0.8078521,-0.27552144796745337,0.0,0.0,0.0,0.0
108,-0.8546043,-0.27552144796745337,0.0,0.0,0.0,0.0
109,-0.896383,0.15107979096915508,0.15107979096915508,0.15107979096915508,0.15107979096915508,0.15107979
110,-0.9272013,2.0557476126740855,2.0557476126740855,1.9046678217049304,2.0557476126740855,2.0557477
111,-0.95164984,7.266643952634601,5.0,2.9442523873259145,5.0,5.0
112,-0.97631115,9.810922913936302,5.0,0.0,5.0,5.0
113,-0.9988347,12.43157134863449,5.0,0.0,5.0,5.0
114,-0.5488929,-0.29165652981421375,0.0,0.0,0.0,0.0
115,-0.56296116,-0.29165652981421375,0.0,0.0,0.0,0.0
116,-0.57144254,-0.29165652981421375,0.0,0.0,0.0,0.0
117,-0.57573634,-0.29165652981421375,0.0,0.0,0.0,0.0
118,-0.57814527,-0.29165652981421375,0.0,0.0,0.0,0.0
119,-0.58024263,-0.29165652981421375,0.0,0.0,0.0,0.0
120,-0.5820388,-0.29165652981421375,0.0,0.0,0.0,0.0
121,-0.583341,-0.29165652981421375,0.0,0.0,0.0,0.0
122,-0.58478713,-0.29165652981421375,0.0,0.0,0.0,0.0
123,-0.58872104,-0.29165652981421375,0.0,0.0,0.0,0.0
124,-0.5977182,-0.29165652981421375,0.0,0.0,0.0,0.0
125,-0.61256844,-0.29165652981421375,0.0,0.0,0.0,0.0
126,-0.6300704,-0.29165652981421375,0.0,0.0,0.0,0.0
127,-0.64595544,-0.29165652981421375,0.0,0.0,0.0,0.0
128,-0.6559233,-0.29165652981421375,0.0,0.0,0.0,0.0
129,-0.6557339,-0.28670063784694705,0.0,0.0,0.0,0.0
130,-0.64911556,-0.279799129481438,0.0,0.0,0.0,0.0
131,-0.6622174,-0.274653155092503,0.0,0.0,0.0,0.0
132,-0.6842453,-0.26678700089131185,0.0,0.0,0.0,0.0
133,-0.71241486,-0.26678700089131185,0.0,0.0,0.0,0.0
134,-0.7439469,-0.26678700089131185,0.0,0.0,0.0,0.0
135,-0.77617997,-0.26678700089131185,0.0,0.0,0.0,0.0
136,-0.8068214,-0.26678700089131185,0.0,0.0,0.0,0.0
137,-0.8351356,-0.26678700089131185,0.0,0.0,0.0,0.0
138,-0.86362493,-0.26678700089131185,0.0,0.0,0.0,0.0
139,-0.89541537,0.08836149976471765,0.08836149976471765,0.08836149976471765,0.08836149976471765,0.0883615
140,-0.9320422,2.280768430451458,2.280768430451458,2.1924069306867406,2.280768430451458,2.2807684
141,-0.97077227,9.238812255883419,5.0,2.719231569548542,5.0,5.0
142,-1.0,12.219371591514676,5.0,0.0,5.0,5.0
143,-0.6178846,-0.28358520970508533,0.0,0.0,0.0,0.0
144,-0.6152841,-0.28358520970508533,0.0,0.0,0.0,0.0
145,-0.61728173,-0.28358520970508533,0.0,0.0,0.0,0.0
146,-0.62375945,-0.28358520970508533,0.0,0.0,0.0,0.0
147,-0.6342388,-0.28358520970508533,0.0,0.0,0.0,0.0
148,-0.6473376,-0.28358520970508533,0.0,0.0,0.0,0.0
149,-0.659778,-0.28358520970508533,0.0,0.0,0.0,0.0
150,-0.66803557,-0.28358520970508533,0.0,0.0,0.0,0.0
151,-0.672023,-0.28358520970508533,0.0,0.0,0.0,0.0
152,-0.6791668,-0.28358520970508533,0.0,0.0,0.0,0.0
153,-0.69799984,-0.28358520970508533,0.0,0.0,0.0,0.0
154,-0.73296064,-0.28358520970508533,0.0,0.0,0.0,0.0
155,-0.77997315,-0.28358520970508533,0.0,0.0,0.0,0.0
156,-0.83310133,-0.27575137880463774,0.0,0.0,0.0,0.0
157,-0.88659555,-0.26823991296610245,0.0,0.0,0.0,0.0
158,-0.9345875,2.446732670552565,2.446732670552565,2.446732670552565,2.446732670552565,2.4467328
159,-0.96992046,9.129672860519548,5.0,2.553267329447435,5.0,5.0
160,-0.9881672,10.916936527326992,5.0,0.0,5.0,5.0
161,-1.0,12.26005250215945,5.0,0.0,5.0,5.0
162,-0.6356687,-0.2845293257334581,0.0,0.0,0.0,0.0
163,-0.64063776,-0.2845293257334581,0.0,0.0,0.0,0.0
164,-0.6463882,-0.2845293257334581,0.0,0.0,0.0,0.0
165,-0.6503679,-0.2845293257334581,0.0,0.0,0.0,0.0
166,-0.6498962,-0.2845293257334581,0.0,0.0,0.0,0.0
167,-0.64432836,-0.2845293257334581,0.0,0.0,0.0,0.0
168,-0.6367631,-0.2845293257334581,0.0,0.0,0.0,0.0
169,-0.63079864,-0.2845293257334581,0.0,0.0,0.0,0.0
170,-0.62933195,-0.2845293257334581,0.0,0.0,0.0,0.0
171,-0.63425016,-0.2845293257334581,0.0,0.0,0.0,0.0
172,-0.64704275,-0.2845293257334581,0.0,0.0,0.0,0.0
173,-0.6681752,-0.2845293257334581,0.0,0.0,0.0,0.0
174,-0.69592994,-0.2845293257334581,0.0,0.0,0.0,0.0
175,-0.7279961,-0.2845293257334581,0.0,0.0,0.0,0.0
176,-0.76190865,-0.2845293257334581,0.0,0.0,0.0,0.0
177,-0.795113,-0.2845293257334581,0.0,0.0,0.0,0.0
178,-0.8232181,-0.2845293257334581,0.0,0.0,0.0,0.0
179,-0.8425835,-0.2845293257334581,0.0,0.0,0.0,0.0
180,-0.87505937,-0.2845293257334581,0.0,0.0,0.0,0.0
181,-0.915323,1.1819930700404215,1.1819930700404215,1.1819930700404215,1.1819930700404215,1.1819931
182,-0.9572984,7.369331311994848,5.0,3.8180069299595782,5.0,5.0
183,-0.9911345,10.63883667525742,5.0,0.0,5.0,5.0
184,-1.0,12.008600690553841,5.0,0.0,5.0,5.0
185,-0.6333496,-0.27869367255024385,0.0,0.0,0.0,0.0
186,-0.6345369,-0.27869367255024385,0.0,0.0,0.0,0.0
187,-0.62555337,-0.27869367255024385,0.0,0.0,0.0,0.0
188,-0.6119984,-0.27869367255024385,0.0,0.0,0.0,0.0
189,-0.6010408,-0.27869367255024385,0.0,0.0,0.0,0.0
190,-0.59694904,-0.27869367255024385,0.0,0.0,0.0,0.0
191,-0.59785366,-0.27869367255024385,0.0,0.0,0.0,0.0
192,-0.60082877,-0.27869367255024385,0.0,0.0,0.0,0.0
193,-0.6046708,-0.27869367255024385,0.0,0.0,0.0,0.0
194,-0.6113687,-0.27869367255024385,0.0,0.0,0.0,0.0
195,-0.623282,-0.27869367255024385,0.0,0.0,0.0,0.0
196,-0.6411223,-0.27869367255024385,0.0,0.0,0.0,0.0
197,-0.6624514,-0.27869367255024385,0.0,0.0,0.0,0.0
198,-0.6840218,-0.27869367255024385,0.0,0.0,0.0,0.0
199,-0.70250916,-0.27869367255024385,0.0,0.0,0.0,0.0
200,-0.71454334,-0.27869367255024385,0.0,0.0,0.0,0.0
201,-0.71958977,-0.27869367255024385,0.0,0.0,0.0,0.0
202,-0.7277722,-0.27869367255024385,0.0,0.0,0.0,0.0
203,-0.74437815,-0.27869367255024385,0.0,0.0,0.0,0.0
204,-0.7670511,-0.27590572463263985,0.0,0.0,0.0,0.0
205,-0.7935864,-0.26839165190816094,0.0,0.0,0.0,0.0
206,-0.8219989,-0.26008996550640967,0.0,0.0,0.0,0.0
207,-0.8503831,-0.26008996550640967,0.0,0.0,0.0,0.0
208,-0.87721384,-0.26008996550640967,0.0,0.0,0.0,0.0
209,-0.90193206,0.4664870257192931,0.4664870257192931,0.4664870257192931,0.4664870257192931,0.46648702
210,-0.9242691,1.7664556238776759,1.7664556238776759,1.2999685981583826,1.7664556238776759,1.7664557
211,-0.9447637,2.9335869949470106,2.9335869949470106,1.1671313710693347,2.9335869949470106,2.933587
212,-0.96569526,8.510797873790981,5.0,2.0664130050529894,5.0,5.0
213,-0.98724115,10.780795110847228,5.0,0.0,5.0,5.0
214,-1.0,12.224876622588887,5.0,0.0,5.0,5.0
215,-0.61312675,-0.2837129695804538,0.0,0.0,0.0,0.0
216,-0.62032574,-0.2837129695804538,0.0,0.0,0.0,0.0
217,-0.61954033,-0.2837129695804538,0.0,0.0,0.0,0.0
218,-0.61134297,-0.2837129695804538,0.0,0.0,0.0,0.0
219,-0.5980193,-0.2837129695804538,0.0,0.0,0.0,0.0
220,-0.5831063,-0.2837129695804538,0.0,0.0,0.0,0.0
221,-0.5724098,-0.2837129695804538,0.0,0.0,0.0,0.0
222,-0.57154375,-0.2837129695804538,0.0,0.0,0.0,0.0
223,-0.5810593,-0.2837129695804538,0.0,0.0,0.0,0.0
224,-0.59102,-0.2837129695804538,0.0,0.0,0.0,0.0
225,-0.5899052,-0.2837129695804538,0.0,0.0,0.0,0.0
226,-0.57285154,-0.2837129695804538,0.0,0.0,0.0,0.0
227,-0.54913527,-0.2837129695804538,0.0,0.0,0.0,0.0
228,-0.5312688,-0.2837129695804538,0.0,0.0,0.0,0.0
229,-0.5317384,-0.27833043744835356,0.0,0.0,0.0,0.0
230,-0.563042,-0.27196457933001844,0.0,0.0,0.0,0.0
231,-0.6238826,-0.2637365467639796,0.0,0.0,0.0,0.0
232,-0.6722602,-0.2637365467639796,0.0,0.0,0.0,0.0
233,-0.71989197,-0.2637365467639796,0.0,0.0,0.0,0.0
234,-0.76231027,-0.2637365467639796,0.0,0.0,0.0,0.0
235,-0.79502183,-0.2637365467639796,0.0,0.0,0.0,0.0
236,-0.81337273,-0.2637365467639796,0.0,0.0,0.0,0.0
237,-0.8130404,-0.2637365467639796,0.0,0.0,0.0,0.0
238,-0.7970613,-0.2637365467639796,0.0,0.0,0.0,0.0
239,-0.7851981,-0.2637365467639796,0.0,0.0,0.0,0.0
240,-0.79964936,-0.2637365467639796,0.0,0.0,0.0,0.0
241,-0.8490451,-0.2637365467639796,0.0,0.0,0.0,0.0
242,-0.91287464,1.120634454865321,1.120634454865321,1.120634454865321,1.120634454865321,1.1206344
243,-0.9653357,8.66385603945707,5.0,3.8793655451346787,5.0,5.0
244,-0.99196845,10.97344528227595,5.0,0.0,5.0,5.0
245,-1.0,11.85497362597934,5.0,0.0,5.0,5.0
246,-0.61353517,-0.2751283203553741,0.0,0.0,0.0,0.0
247,-0.60895747,-0.2751283203553741,0.0,0.0,0.0,0.0
248,-0.61178565,-0.2751283203553741,0.0,0.0,0.0,0.0
249,-0.6192371,-0.2751283203553741,0.0,0.0,0.0,0.0
250,-0.6275244,-0.2751283203553741,0.0,0.0,0.0,0.0
251,-0.6345344,-0.2751283203553741,0.0,0.0,0.0,0.0
252,-0.6410295,-0.2751283203553741,0.0,0.0,0.0,0.0
253,-0.64803267,-0.2751283203553741,0.0,0.0,0.0,0.0
254,-0.65610635,-0.2751283203553741,0.0,0.0,0.0,0.0
255,-0.66545916,-0.2751283203553741,0.0,0.0,0.0,0.0
0,-0.70527387,-0.2751283203553741,0.0,0.0,0,0.0
1,-0.7282067,-0.2751283203553741,0.0,0.0,0,0.0
2,-0.80610144,-0.2751283203553741,0.0,0.0,0,0.0
3,-0.90781206,0.7307473176301802,0.7307473176301802,0.7307473176301802,0.7307473176301802,0.73074734
4,-0.98675567,10.383186149592191,5.0,4.26925268236982,5.0,5.0
5,-1.0,10.970309613319825,5.0,0.0,5.0,5.0
6,-0.52895427,-0.28361710479110197,0.0,0.0,0.0,0.0
7,-0.5374335,-0.28361710479110197,0.0,0.0,0.0,0.0
8,-0.5499374,-0.28361710479110197,0.0,0.0,0.0,0.0
9,-0.5637939,-0.28361710479110197,0.0,0.0,0.0,0.0
10,-0.57658273,-0.28361710479110197,0.0,0.0,0.0,0.0
11,-0.5871253,-0.28361710479110197,0.0,0.0,0.0,0.0
12,-0.59691715,-0.27623096980571393,0.0,0.0,0.0,0.0
13,-0.6078974,-0.26827109724417925,0.0,0.0,0.0,0.0
14,-0.6206623,-0.26827109724417925,0.0,0.0,0.0,0.0
15,-0.6330057,-0.26827109724417925,0.0,0.0,0.0,0.0
16,-0.64225864,-0.26827109724417925,0.0,0.0,0.0,0.0
17,-0.6474254,-0.26827109724417925,0.0,0.0,0.0,0.0
18,-0.6511982,-0.26827109724417925,0.0,0.0,0.0,0.0
19,-0.6572067,-0.26827109724417925,0.0,0.0,0.0,0.0
20,-0.6690859,-0.26827109724417925,0.0,0.0,0.0,0.0
21,-0.6903735,-0.26827109724417925,0.0,0.0,0.0,0.0
22,-0.7131088,-0.26827109724417925,0.0,0.0,0.0,0.0
23,-0.70596194,-0.26827109724417925,0.0,0.0,0.0,0.0
24,-0.71435237,-0.26827109724417925,0.0,0.0,0.0,0.0
25,-0.73429835,-0.26827109724417925,0.0,0.0,0.0,0.0
26,-0.7618213,-0.26827109724417925,0.0,0.0,0.0,0.0
27,-0.792964,-0.26827109724417925,0.0,0.0,0.0,0.0
28,-0.8239889,-0.26827109724417925,0.0,0.0,0.0,0.0
29,-0.8527241,-0.26827109724417925,0.0,0.0,0.0,0.0
30,-0.8802672,-0.26827109724417925,0.0,0.0,0.0,0.0
31,-0.9083725,0.7425239396482399,0.7425239396482399,0.7425239396482399,0.7425239396482399,0.74252397
32,-0.9378154,2.3105946367661527,2.3105946367661527,1.5680706971179128,2.3105946367661527,2.3105946
33,-0.96714836,7.95150816623833,5.0,2.6894053632338473,5.0,5.0
34,-0.99143386,10.22976536698433,5.0,0.0,5.0,5.0
35,-1.0,11.113437771157567,5.0,0.0,5.0,5.0
36,-0.5553571,-0.2873174191095545,0.0,0.0,0.0,0.0
37,-0.55157,-0.2873174191095545,0.0,0.0,0.0,0.0
38,-0.5519497,-0.2873174191095545,0.0,0.0,0.0,0.0
39,-0.55484754,-0.2866883957161679,0.0,0.0,0.0,0.0
40,-0.5583676,-0.27880405456629254,0.0,0.0,0.0,0.0
41,-0.5612723,-0.2705976634305763,0.0,0.0,0.0,0.0
42,-0.5637257,-0.2705976634305763,0.0,0.0,0.0,0.0
43,-0.56625986,-0.2705976634305763,0.0,0.0,0.0,0.0
44,-0.569583,-0.2705976634305763,0.0,0.0,0.0,0.0
45,-0.57472193,-0.2705976634305763,0.0,0.0,0.0,0.0
46,-0.58292747,-0.2705976634305763,0.0,0.0,0.0,0.0
47,-0.5950349,-0.2705976634305763,0.0,0.0,0.0,0.0
48,-0.6104673,-0.2705976634305763,0.0,0.0,0.0,0.0
49,-0.62775725,-0.2705976634305763,0.0,0.0,0.0,0.0
50,-0.644862,-0.2705976634305763,0.0,0.0,0.0,0.0
51,-0.65935624,-0.2705976634305763,0.0,0.0,0.0,0.0
52,-0.6673098,-0.2705976634305763,0.0,0.0,0.0,0.0
53,-0.6641878,-0.2705976634305763,0.0,0.0,0.0,0.0
54,-0.6628845,-0.2705976634305763,0.0,0.0,0.0,0.0
55,-0.6683357,-0.2705976634305763,0.0,0.0,0.0,0.0
56,-0.6853193,-0.2705976634305763,0.0,0.0,0.0,0.0
57,-0.7177642,-0.2705976634305763,0.0,0.0,0.0,0.0
58,-0.76909095,-0.2705976634305763,0.0,0.0,0.0,0.0
59,-0.83818316,-0.2705976634305763,0.0,0.0,0.0,0.0
60,-0.91312754,1.0056190922045165,1.0056190922045165,1.0056190922045165,1.0056190922045165,1.005619
61,-0.97558546,8.990979323717008,5.0,3.9943809077954837,5.0,5.0
62,-1.0,10.892776302737696,5.0,0.0,5.0,5.0
63,-0.5517582,-0.2816126241659177,0.0,0.0,0.0,0.0
64,-0.5591268,-0.2816126241659177,0.0,0.0,0.0,0.0
65,-0.57987624,-0.2816126241659177,0.0,0.0,0.0,0.0
66,-0.6057792,-0.2816126241659177,0.0,0.0,0.0,0.0
67,-0.6272704,-0.2816126241659177,0.0,0.0,0.0,0.0
68,-0.6394199,-0.2816126241659177,0.0,0.0,0.0,0.0
69,-0.6466697,-0.2816126241659177,0.0,0.0,0.0,0.0
70,-0.6554358,-0.2816126241659177,0.0,0.0,0.0,0.0
71,-0.6703028,-0.2816126241659177,0.0,0.0,0.0,0.0
72,-0.6914593,-0.2816126241659177,0.0,0.0,0.0,0.0
73,-0.7174981,-0.2816126241659177,0.0,0.0,0.0,0.0
74,-0.74689835,-0.2816126241659177,0.0,0.0,0.0,0.0
75,-0.77898806,-0.2782930066091749,0.0,0.0,0.0,0.0
76,-0.8134212,-0.27066529571079195,0.0,0.0,0.0,0.0
77,-0.84995174,-0.2623665568045854,0.0,0.0,0.0,0.0
78,-0.88815045,-0.2623665568045854,0.0,0.0,0.0,0.0
79,-0.92619634,1.6589631010859645,1.6589631010859645,1.6589631010859645,1.6589631010859645,1.6589631
80,-0.96272653,7.325644658109574,5.0,3.3410368989140355,5.0,5.0
81,-0.99609464,10.33824063389129,5.0,0.0,5.0,5.0
82,-1.0,10.727106834504305,5.0,0.0,5.0,5.0
83,-0.5497993,-0.2773295241709524,0.0,0.0,0.0,0.0
84,-0.54287505,-0.2773295241709524,0.0,0.0,0.0,0.0
85,-0.5518506,-0.2773295241709524,0.0,0.0,0.0,0.0
86,-0.5679849,-0.2773295241709524,0.0,0.0,0.0,0.0
87,-0.5805705,-0.2773295241709524,0.0,0.0,0.0,0.0
88,-0.58461684,-0.2773295241709524,0.0,0.0,0.0,0.0
89,-0.58662057,-0.2773295241709524,0.0,0.0,0.0,0.0
90,-0.5949181,-0.2773295241709524,0.0,0.0,0.0,0.0
91,-0.6124843,-0.2773295241709524,0.0,0.0,0.0,0.0
92,-0.63129216,-0.2773295241709524,0.0,0.0,0.0,0.0
93,-0.64126366,-0.2773295241709524,0.0,0.0,0.0,0.0
94,-0.637937,-0.2773295241709524,0.0,0.0,0.0,0.0
95,-0.6290324,-0.2773295241709524,0.0,0.0,0.0,0.0
96,-0.62515795,-0.2773295241709524,0.0,0.0,0.0,0.0
97,-0.6369776,-0.2773295241709524,0.0,0.0,0.0,0.0
98,-0.6753154,-0.2773295241709524,0.0,0.0,0.0,0.0
99,-0.7369508,-0.2773295241709524,0.0,0.0,0.0,0.0
100,-0.77513087,-0.2773295241709524,0.0,0.0,0.0,0.0
101,-0.7967652,-0.2773295241709524,0.0,0.0,0.0,0.0
102,-0.8099095,-0.2773295241709524,0.0,0.0,0.0,0.0
103,-0.8223674,-0.2773295241709524,0.0,0.0,0.0,0.0
104,-0.8411448,-0.2773295241709524,0.0,0.0,0.0,0.0
105,-0.8724576,-0.2773295241709524,0.0,0.0,0.0,0.0
106,-0.91725546,1.1053520162012993,1.1053520162012993,1.1053520162012993,1.1053520162012993,1.105352
107,-0.96441025,7.155127271342915,5.0,3.8946479837987007,5.0,5.0
108,-0.99723154,9.880706275944913,5.0,0.0,5.0,5.0
109,-0.6218644,-0.28917074158090844,0.0,0.0,0.0,0.0
110,-0.616896,-0.288333590283776,0.0,0.0,0.0,0.0
111,-0.6095881,-0.28114530495849815,0.0,0.0,0.0,0.0
112,-0.59968764,-0.2729879096547313,0.0,0.0,0.0,0.0
113,-0.5875118,-0.2729879096547313,0.0,0.0,0.0,0.0
114,-0.57477605,-0.2729879096547313,0.0,0.0,0.0,0.0
115,-0.56626034,-0.2729879096547313,0.0,0.0,0.0,0.0
116,-0.56728786,-0.2729879096547313,0.0,0.0,0.0,0.0
117,-0.5809052,-0.2729879096547313,0.0,0.0,0.0,0.0
118,-0.60525656,-0.2729879096547313,0.0,0.0,0.0,0.0
119,-0.6371871,-0.2729879096547313,0.0,0.0,0.0,0.0
120,-0.6733556,-0.2729879096547313,0.0,0.0,0.0,0.0
121,-0.7102289,-0.2729879096547313,0.0,0.0,0.0,0.0
122,-0.7441823,-0.2729879096547313,0.0,0.0,0.0,0.0
123,-0.771572,-0.2729879096547313,0.0,0.0,0.0,0.0
124,-0.788782,-0.2729879096547313,0.0,0.0,0.0,0.0
125,-0.7989532,-0.2729879096547313,0.0,0.0,0.0,0.0
126,-0.8251402,-0.2729879096547313,0.0,0.0,0.0,0.0
127,-0.86270297,-0.2729879096547313,0.0,0.0,0.0,0.0
128,-0.90648067,0.5600090660686098,0.5600090660686098,0.5600090660686098,0.5600090660686098,0.56000906
129,-0.95104104,5.755413664031158,5.0,4.43999093393139,5.0,5.0
130,-0.98722667,8.702207220744766,5.0,0.0,5.0,5.0
131,-1.0,9.876230007927925,5.0,0.0,5.0,5.0
132,-0.5839558,-0.28159287218042295,0.0,0.0,0.0,0.0
133,-0.58046687,-0.28159287218042295,0.0,0.0,0.0,0.0
134,-0.5845613,-0.28159287218042295,0.0,0.0,0.0,0.0
135,-0.5924208,-0.28159287218042295,0.0,0.0,0.0,0.0
136,-0.5983537,-0.28159287218042295,0.0,0.0,0.0,0.0
137,-0.59937066,-0.28159287218042295,0.0,0.0,0.0,0.0
138,-0.5981594,-0.28159287218042295,0.0,0.0,0.0,0.0
139,-0.5984702,-0.28159287218042295,0.0,0.0,0.0,0.0
140,-0.60195696,-0.2811120438057127,0.0,0.0,0.0,0.0
141,-0.6060126,-0.2734758523325421,0.0,0.0,0.0,0.0
142,-0.60766345,-0.26519140996076673,0.0,0.0,0.0,0.0
143,-0.60585356,-0.26519140996076673,0.0,0.0,0.0,0.0
144,-0.60319585,-0.26519140996076673,0.0,0.0,0.0,0.0
145,-0.6030461,-0.26519140996076673,0.0,0.0,0.0,0.0
146,-0.6088384,-0.26519140996076673,0.0,0.0,0.0,0.0
147,-0.6239702,-0.26519140996076673,0.0,0.0,0.0,0.0
148,-0.6520907,-0.26519140996076673,0.0,0.0,0.0,0.0
149,-0.6963509,-0.26519140996076673,0.0,0.0,0.0,0.0
150,-0.74994284,-0.26519140996076673,0.0,0.0,0.0,0.0
151,-0.8080848,-0.26519140996076673,0.0,0.0,0.0,0.0
152,-0.8659114,-0.26519140996076673,0.0,0.0,0.0,0.0
153,-0.91773164,1.0796437382549795,1.0796437382549795,1.0796437382549795,1.0796437382549795,1.0796437
154,-0.9580833,6.244202919197895,5.0,3.9203562617450203,5.0,5.0
155,-0.9851019,8.386059521072655,5.0,0.0,5.0,5.0
156,-1.0,9.735919937754899,5.0,0.0,5.0,5.0
157,-0.5734055,-0.2775923258561532,0.0,0.0,0.0,0.0
158,-0.58461547,-0.2775923258561532,0.0,0.0,0.0,0.0
159,-0.59923667,-0.26963865957730815,0.0,0.0,0.0,0.0
160,-0.61308295,-0.26142581101198786,0.0,0.0,0.0,0.0
161,-0.62123007,-0.26142581101198786,0.0,0.0,0.0,0.0
162,-0.62193507,-0.26142581101198786,0.0,0.0,0.0,0.0
163,-0.61920166,-0.26142581101198786,0.0,0.0,0.0,0.0
164,-0.6179899,-0.26142581101198786,0.0,0.0,0.0,0.0
165,-0.6223084,-0.26142581101198786,0.0,0.0,0.0,0.0
166,-0.63468367,-0.26142581101198786,0.0,0.0,0.0,0.0
167,-0.65683913,-0.26142581101198786,0.0,0.0,0.0,0.0
168,-0.68841296,-0.26142581101198786,0.0,0.0,0.0,0.0
169,-0.7249699,-0.26142581101198786,0.0,0.0,0.0,0.0
170,-0.7611312,-0.26142581101198786,0.0,0.0,0.0,0.0
171,-0.79154897,-0.26142581101198786,0.0,0.0,0.0,0.0
172,-0.81093353,-0.26142581101198786,0.0,0.0,0.0,0.0
173,-0.82675016,-0.26142581101198786,0.0,0.0,0.0,0.0
174,-0.874323,-0.26142581101198786,0.0,0.0,0.0,0.0
175,-0.90936106,0.6714726563286277,0.6714726563286277,0.6714726563286277,0.6714726563286277,0.67147267
176,-0.9358998,1.9122032403955374,1.9122032403955374,1.2407305840669096,1.9122032403955374,1.9122033
177,-0.9577675,6.111681490803994,5.0,3.087796759604463,5.0,5.0
178,-0.9783055,7.79523603428847,5.0,0.0,5.0,5.0
179,-0.9965601,9.454532117647382,5.0,0.0,5.0,5.0
180,-0.5805201,-0.27848443364203335,0.0,0.0,0.0,0.0
181,-0.58032894,-0.27848443364203335,0.0,0.0,0.0,0.0
182,-0.58453715,-0.27330318824803507,0.0,0.0,0.0,0.0
183,-0.5925596,-0.26559370096814283,0.0,0.0,0.0,0.0
184,-0.60345423,-0.26559370096814283,0.0,0.0,0.0,0.0
185,-0.61543626,-0.26559370096814283,0.0,0.0,0.0,0.0
186,-0.6247485,-0.26559370096814283,0.0,0.0,0.0,0.0
187,-0.6275155,-0.26559370096814283,0.0,0.0,0.0,0.0
188,-0.6229282,-0.26559370096814283,0.0,0.0,0.0,0.0
189,-0.6167657,-0.26559370096814283,0.0,0.0,0.0,0.0
190,-0.6159659,-0.26559370096814283,0.0,0.0,0.0,0.0
191,-0.62451005,-0.26559370096814283,0.0,0.0,0.0,0.0
192,-0.6402945,-0.26559370096814283,0.0,0.0,0.0,0.0
193,-0.6599859,-0.26559370096814283,0.0,0.0,0.0,0.0
194,-0.6802118,-0.26559370096814283,0.0,0.0,0.0,0.0
195,-0.69713056,-0.26559370096814283,0.0,0.0,0.0,0.0
196,-0.7188627,-0.26559370096814283,0.0,0.0,0.0,0.0
197,-0.7758477,-0.26559370096814283,0.0,0.0,0.0,0.0
198,-0.80775154,-0.26559370096814283,0.0,0.0,0.0,0.0
199,-0.8253499,-0.26559370096814283,0.0,0.0,0.0,0.0
200,-0.8392216,-0.26559370096814283,0.0,0.0,0.0,0.0
201,-0.85902447,-0.26559370096814283,0.0,0.0,0.0,0.0
202,-0.89358956,-0.06979946798271613,0.0,0.0,0.0,0.0
203,-0.9451602,2.389057192209995,2.389057192209995,2.389057192209995,2.389057192209995,2.3890572
204,-0.9928789,9.421088036383715,5.0,2.610942807790005,5.0,5.0
205,-1.0,9.879691671644196,5.0,0.0,5.0,5.0
206,-0.55429363,-0.28169157176797865,0.0,0.0,0.0,0.0
207,-0.5616788,-0.28169157176797865,0.0,0.0,0.0,0.0
208,-0.5648842,-0.28169157176797865,0.0,0.0,0.0,0.0
209,-0.56830484,-0.28169157176797865,0.0,0.0,0.0,0.0
210,-0.57755035,-0.27931929453420473,0.0,0.0,0.0,0.0
211,-0.59453845,-0.2737131854365723,0.0,0.0,0.0,0.0
212,-0.6133149,-0.26851483529484993,0.0,0.0,0.0,0.0
213,-0.62643236,-0.2609374876819557,0.0,0.0,0.0,0.0
214,-0.6298395,-0.2609374876819557,0.0,0.0,0.0,0.0
215,-0.6268259,-0.2609374876819557,0.0,0.0,0.0,0.0
216,-0.62228364,-0.2609374876819557,0.0,0.0,0.0,0.0
217,-0.61982787,-0.2609374876819557,0.0,0.0,0.0,0.0
218,-0.6204781,-0.2609374876819557,0.0,0.0,0.0,0.0
219,-0.62486094,-0.2609374876819557,0.0,0.0,0.0,0.0
220,-0.63350314,-0.2609374876819557,0.0,0.0,0.0,0.0
221,-0.6465831,-0.2609374876819557,0.0,0.0,0.0,0.0
222,-0.65751874,-0.2609374876819557,0.0,0.0,0.0,0.0
223,-0.65103966,-0.2609374876819557,0.0,0.0,0.0,0.0
224,-0.66890585,-0.2609374876819557,0.0,0.0,0.0,0.0
225,-0.7043787,-0.2609374876819557,0.0,0.0,0.0,0.0
226,-0.75066733,-0.2609374876819557,0.0,0.0,0.0,0.0
227,-0.80098647,-0.2609374876819557,0.0,0.0,0.0,0.0
228,-0.84880835,-0.2609374876819557,0.0,0.0,0.0,0.0
229,-0.88939476,-0.2609374876819557,0.0,0.0,0.0,0.0
230,-0.9219874,1.2616802272472405,1.2616802272472405,1.2616802272472405,1.2616802272472405,1.2616802
231,-0.94729775,5.12946028059532,5.0,3.7383197727527593,5.0,5.0
232,-0.9655497,6.53828300568549,5.0,0.0,5.0,5.0
233,-0.9751492,7.398033794455951,5.0,0.0,5.0,5.0
234,-0.9746588,7.3541098197906605,5.0,0.0,5.0,5.0
235,-0.96671087,6.642277290379468,5.0,0.0,5.0,5.0
236,-0.96245426,6.261049461545535,5.0,0.0,5.0,5.0
237,-0.97418344,7.311538685824249,5.0,0.0,5.0,5.0
238,-0.9986639,9.504056504382511,5.0,0.0,5.0,5.0
239,-0.55960876,-0.27439319144841584,0.0,0.0,0.0,0.0
240,-0.56901234,-0.27439319144841584,0.0,0.0,0.0,0.0
241,-0.5662138,-0.27439319144841584,0.0,0.0,0.0,0.0
242,-0.5589082,-0.27439319144841584,0.0,0.0,0.0,0.0
243,-0.5572159,-0.2694721691513015,0.0,0.0,0.0,0.0
244,-0.56619847,-0.26161179788732186,0.0,0.0,0.0,0.0
245,-0.58018875,-0.26161179788732186,0.0,0.0,0.0,0.0
246,-0.5915062,-0.26161179788732186,0.0,0.0,0.0,0.0
247,-0.59626114,-0.26161179788732186,0.0,0.0,0.0,0.0
248,-0.5985778,-0.26161179788732186,0.0,0.0,0.0,0.0
249,-0.6041674,-0.26161179788732186,0.0,0.0,0.0,0.0
250,-0.6166275,-0.26161179788732186,0.0,0.0,0.0,0.0
251,-0.6351045,-0.26161179788732186,0.0,0.0,0.0,0.0
252,-0.65769094,-0.26161179788732186,0.0,0.0,0.0,0.0
253,-0.6824843,-0.26161179788732186,0.0,0.0,0.0,0.0
254,-0.7075858,-0.26161179788732186,0.0,0.0,0.0,0.0
255,-0.7337647,-0.26161179788732186,0.0,0.0,0.0,0.0
0,-0.66736263,-0.26161179788732186,0.0,0.0,0,0.0
1,-0.6879935,-0.26161179788732186,0.0,0.0,0,0.0
2,-0.7018057,-0.26161179788732186,0.0,0.0,0,0.0
3,-0.7095987,-0.26161179788732186,0.0,0.0,0,0.0
4,-0.7136129,-0.25801505127203617,0.0,0.0,0,0.0
5,-0.71598464,-0.25077416677104536,0.0,0.0,0,0.0
6,-0.7187696,-0.25077416677104536,0.0,0.0,0,0.0
7,-0.7218988,-0.25077416677104536,0.0,0.0,0,0.0
8,-0.72334427,-0.25077416677104536,0.0,0.0,0,0.0
9,-0.741159,-0.25077416677104536,0.0,0.0,0,0.0
10,-0.77051675,-0.25077416677104536,0.0,0.0,0,0.0
11,-0.80657744,-0.25077416677104536,0.0,0.0,0,0.0
12,-0.84438676,-0.25077416677104536,0.0,0.0,0,0.0
13,-0.879053,-0.25077416677104536,0.0,0.0,0,0.0
14,-0.9068674,0.6188077219613795,0.6188077219613795,0.6188077219613795,0.6188077219613795,0.61880773
15,-0.92673916,1.6083196566785107,1.6083196566785107,0.9895119347171313,1.6083196566785107,1.6083196
16,-0.93831784,2.1762390977645634,2.1762390977645634,0.5679194410860526,2.1762390977645634,2.176239
17,-0.94275165,2.39309462824055,2.39309462824055,0.2168555304759865,2.39309462824055,2.3930945
18,-0.94546497,2.5274603563689784,2.5274603563689784,0.1343657281284285,2.5274603563689784,2.5274603
19,-0.95312417,6.081750722896798,5.0,2.4725396436310216,5.0,5.0
20,-0.97026515,7.623052849700565,5.0,0.0,5.0,5.0
21,-0.9919581,9.74321963550898,5.0,0.0,5.0,5.0
22,-1.0,10.529199972984717,5.0,0.0,5.0,5.0
23,-0.5740324,-0.2722130292912285,0.0,0.0,0.0,0.0
24,-0.57747424,-0.2722130292912285,0.0,0.0,0.0,0.0
25,-0.57649475,-0.2722130292912285,0.0,0.0,0.0,0.0
26,-0.56997424,-0.2722130292912285,0.0,0.0,0.0,0.0
27,-0.5572483,-0.2722130292912285,0.0,0.0,0.0,0.0
28,-0.54054755,-0.2722130292912285,0.0,0.0,0.0,0.0
29,-0.52839124,-0.2722130292912285,0.0,0.0,0.0,0.0
30,-0.5299725,-0.2722130292912285,0.0,0.0,0.0,0.0
31,-0.54892,-0.2722130292912285,0.0,0.0,0.0,0.0
32,-0.5772459,-0.26843896442870097,0.0,0.0,0.0,0.0
33,-0.6046578,-0.26175589789236675,0.0,0.0,0.0,0.0
34,-0.6244657,-0.2531808792599555,0.0,0.0,0.0,0.0
35,-0.6376499,-0.2531808792599555,0.0,0.0,0.0,0.0
36,-0.6471124,-0.2531808792599555,0.0,0.0,0.0,0.0
37,-0.6558962,-0.2531808792599555,0.0,0.0,0.0,0.0
38,-0.6669277,-0.2531808792599555,0.0,0.0,0.0,0.0
39,-0.6851573,-0.2531808792599555,0.0,0.0,0.0,0.0
40,-0.7183941,-0.2531808792599555,0.0,0.0,0.0,0.0
41,-0.7534778,-0.2531808792599555,0.0,0.0,0.0,0.0
42,-0.7901729,-0.2531808792599555,0.0,0.0,0.0,0.0
43,-0.82827806,-0.2531808792599555,0.0,0.0,0.0,0.0
44,-0.867499,-0.2531808792599555,0.0,0.0,0.0,0.0
45,-0.90689385,0.626084396337464,0.626084396337464,0.626084396337464,0.626084396337464,0.6260844
46,-0.9445495,2.52247337586216,2.52247337586216,1.8963889795246958,2.52247337586216,2.5224733
47,-0.97731674,8.498737035566672,5.0,2.47752662413784,5.0,5.0
48,-0.9989781,10.433942204173926,5.0,0.0,5.0,5.0
49,-0.5775487,-0.27233361266477624,0.0,0.0,0.0,0.0
50,-0.56346023,-0.27233361266477624,0.0,0.0,0.0,0.0
51,-0.5511905,-0.27233361266477624,0.0,0.0,0.0,0.0
52,-0.5435802,-0.27233361266477624,0.0,0.0,0.0,0.0
53,-0.5434424,-0.27233361266477624,0.0,0.0,0.0,0.0
54,-0.55168355,-0.27233361266477624,0.0,0.0,0.0,0.0
55,-0.5647608,-0.27233361266477624,0.0,0.0,0.0,0.0
56,-0.5783332,-0.27233361266477624,0.0,0.0,0.0,0.0
57,-0.590433,-0.27233361266477624,0.0,0.0,0.0,0.0
58,-0.60401237,-0.27233361266477624,0.0,0.0,0.0,0.0
59,-0.62269473,-0.27233361266477624,0.0,0.0,0.0,0.0
60,-0.6482305,-0.27233361266477624,0.0,0.0,0.0,0.0
61,-0.6788099,-0.26748927217396445,0.0,0.0,0.0,0.0
62,-0.71174794,-0.26050336140778096,0.0,0.0,0.0,0.0
63,-0.7443321,-0.26050336140778096,0.0,0.0,0.0,0.0
64,-0.7738555,-0.26050336140778096,0.0,0.0,0.0,0.0
65,-0.8026884,-0.26050336140778096,0.0,0.0,0.0,0.0
66,-0.8423919,-0.26050336140778096,0.0,0.0,0.0,0.0
67,-0.86814696,-0.26050336140778096,0.0,0.0,0.0,0.0
68,-0.8859777,-0.26050336140778096,0.0,0.0,0.0,0.0
69,-0.9019582,0.38772860110190943,0.38772860110190943,0.38772860110190943,0.38772860110190943,0.3877286
70,-0.9221725,1.4357674202771205,1.4357674202771205,1.048038819175211,1.4357674202771205,1.4357674
71,-0.9519077,6.199034100350112,5.0,3.5642325797228795,5.0,5.0
72,-0.9864476,9.31595828026445,5.0,0.0,5.0,5.0
73,-1.0,10.656528947855184,5.0,0.0,5.0,5.0
74,-0.58973914,-0.2755048848980141,0.0,0.0,0.0,0.0
75,-0.5957101,-0.2755048848980141,0.0,0.0,0.0,0.0
76,-0.5974391,-0.2755048848980141,0.0,0.0,0.0,0.0
77,-0.5941077,-0.2755048848980141,0.0,0.0,0.0,0.0
78,-0.58581823,-0.2755048848980141,0.0,0.0,0.0,0.0
79,-0.5730293,-0.2755048848980141,0.0,0.0,0.0,0.0
80,-0.5568364,-0.2685804230562799,0.0,0.0,0.0,0.0
81,-0.5387254,-0.26046114318977465,0.0,0.0,0.0,0.0
82,-0.522255,-0.26046114318977465,0.0,0.0,0.0,0.0
83,-0.51543033,-0.26046114318977465,0.0,0.0,0.0,0.0
84,-0.52660066,-0.26046114318977465,0.0,0.0,0.0,0.0
85,-0.5586251,-0.26046114318977465,0.0,0.0,0.0,0.0
86,-0.6027847,-0.26046114318977465,0.0,0.0,0.0,0.0
87,-0.647656,-0.26046114318977465,0.0,0.0,0.0,0.0
88,-0.68174165,-0.26046114318977465,0.0,0.0,0.0,0.0
89,-0.69346124,-0.26046114318977465,0.0,0.0,0.0,0.0
90,-0.6808466,-0.26046114318977465,0.0,0.0,0.0,0.0
91,-0.6775288,-0.26046114318977465,0.0,0.0,0.0,0.0
92,-0.6995455,-0.26046114318977465,0.0,0.0,0.0,0.0
93,-0.7382278,-0.26046114318977465,0.0,0.0,0.0,0.0
94,-0.7847308,-0.26046114318977465,0.0,0.0,0.0,0.0
95,-0.83018214,-0.26046114318977465,0.0,0.0,0.0,0.0
96,-0.86636573,-0.26046114318977465,0.0,0.0,0.0,0.0
97,-0.8894219,-0.26046114318977465,0.0,0.0,0.0,0.0
98,-0.9044436,0.5167903805377717,0.5167903805377717,0.5167903805377717,0.5167903805377717,0.5167904
99,-0.9183453,1.2355890874122375,1.2355890874122375,0.7187987068744658,1.2355890874122375,1.235589
100,-0.9361404,2.153222497098236,2.153222497098236,0.9176334096859984,2.153222497098236,2.1532226
101,-0.9585573,6.879301948802327,5.0,2.846777502901764,5.0,5.0
102,-0.98342955,9.167751721966818,5.0,0.0,5.0,5.0
103,-1.0,10.83418098633079,5.0,0.0,5.0,5.0
104,-0.5571924,-0.2800977504222024,0.0,0.0,0.0,0.0
105,-0.5471546,-0.2800977504222024,0.0,0.0,0.0,0.0
106,-0.53902686,-0.2800977504222024,0.0,0.0,0.0,0.0
107,-0.53551,-0.2747843240965914,0.0,0.0,0.0,0.0
108,-0.53918487,-0.2682344967178765,0.0,0.0,0.0,0.0
109,-0.55087763,-0.2682344967178765,0.0,0.0,0.0,0.0
110,-0.567514,-0.2682344967178765,0.0,0.0,0.0,0.0
111,-0.58521956,-0.2682344967178765,0.0,0.0,0.0,0.0
112,-0.6019056,-0.2682344967178765,0.0,0.0,0.0,0.0
113,-0.61954266,-0.2682344967178765,0.0,0.0,0.0,0.0
114,-0.64079684,-0.2682344967178765,0.0,0.0,0.0,0.0
115,-0.6669724,-0.2682344967178765,0.0,0.0,0.0,0.0
116,-0.6965968,-0.2682344967178765,0.0,0.0,0.0,0.0
117,-0.72754806,-0.2682344967178765,0.0,0.0,0.0,0.0
118,-0.7577134,-0.2682344967178765,0.0,0.0,0.0,0.0
119,-0.7850162,-0.2682344967178765,0.0,0.0,0.0,0.0
120,-0.81167984,-0.2682344967178765,0.0,0.0,0.0,0.0
121,-0.8500063,-0.2682344967178765,0.0,0.0,0.0,0.0
122,-0.88726467,-0.2682344967178765,0.0,0.0,0.0,0.0
123,-0.9209907,1.4175459129788697,1.4175459129788697,1.4175459129788697,1.4175459129788697,1.4175459
124,-0.9487292,6.022078057885152,5.0,3.58245408702113,5.0,5.0
125,-0.9678545,7.649094898119862,5.0,0.0,5.0,5.0
126,-0.9757907,8.45221359805162,5.0,0.0,5.0,5.0
127,-0.97434115,8.305528421018632,5.0,0.0,5.0,5.0
128,-0.97461677,8.333421238343275,5.0,0.0,5.0,5.0
129,-0.9862313,9.515653266725074,5.0,0.0,5.0,5.0
130,-1.0,11.84043800775794,5.0,0.0,5.0,5.0
131,-0.54299134,-0.2747909800665845,0.0,0.0,0.0,0.0
132,-0.5484097,-0.2747909800665845,0.0,0.0,0.0,0.0
133,-0.5563459,-0.2747909800665845,0.0,0.0,0.0,0.0
134,-0.5644774,-0.2747909800665845,0.0,0.0,0.0,0.0
135,-0.57058054,-0.2747909800665845,0.0,0.0,0.0,0.0
136,-0.5731652,-0.2747909800665845,0.0,0.0,0.0,0.0
137,-0.572303,-0.2747909800665845,0.0,0.0,0.0,0.0
138,-0.56856954,-0.2747909800665845,0.0,0.0,0.0,0.0
139,-0.56350815,-0.2747909800665845,0.0,0.0,0.0,0.0
140,-0.5607211,-0.2747909800665845,0.0,0.0,0.0,0.0
141,-0.56400436,-0.2747909800665845,0.0,0.0,0.0,0.0
142,-0.5747528,-0.2747909800665845,0.0,0.0,0.0,0.0
143,-0.58926964,-0.2747909800665845,0.0,0.0,0.0,0.0
144,-0.6026746,-0.2747909800665845,0.0,0.0,0.0,0.0
145,-0.6100865,-0.2747909800665845,0.0,0.0,0.0,0.0
146,-0.6066159,-0.2747909800665845,0.0,0.0,0.0,0.0
147,-0.5929916,-0.2747909800665845,0.0,0.0,0.0,0.0
148,-0.5882807,-0.2747909800665845,0.0,0.0,0.0,0.0
149,-0.59381676,-0.2747909800665845,0.0,0.0,0.0,0.0
150,-0.6073823,-0.2747909800665845,0.0,0.0,0.0,0.0
151,-0.6267354,-0.2747909800665845,0.0,0.0,0.0,0.0
152,-0.6496549,-0.2747909800665845,0.0,0.0,0.0,0.0
153,-0.67401916,-0.2747909800665845,0.0,0.0,0.0,0.0
154,-0.6981171,-0.26921601653027677,0.0,0.0,0.0,0.0
155,-0.72101915,-0.2636966193249232,0.0,0.0,0.0,0.0
156,-0.7420133,-0.2636966193249232,0.0,0.0,0.0,0.0
157,-0.76089567,-0.2636966193249232,0.0,0.0,0.0,0.0
158,-0.77850914,-0.2636966193249232,0.0,0.0,0.0,0.0
159,-0.7959144,-0.2636966193249232,0.0,0.0,0.0,0.0
160,-0.8142955,-0.2636966193249232,0.0,0.0,0.0,0.0
161,-0.83530736,-0.2636966193249232,0.0,0.0,0.0,0.0
162,-0.86053187,-0.2636966193249232,0.0,0.0,0.0,0.0
163,-0.8905135,-0.20272441896107476,0.0,0.0,0.0,0.0
164,-0.9236679,1.7591411853095464,1.7591411853095464,1.7591411853095464,1.7591411853095464,1.7591412
165,-0.95787126,7.710366132323883,5.0,3.2408588146904536,5.0,5.0
166,-0.98775053,10.647938920904645,5.0,0.0,5.0,5.0
167,-1.0,12.00999895186608,5.0,0.0,5.0,5.0
168,-0.62109894,-0.2787261231737873,0.0,0.0,0.0,0.0
169,-0.6291215,-0.2787261231737873,0.0,0.0,0.0,0.0
170,-0.6331722,-0.2787261231737873,0.0,0.0,0.0,0.0
171,-0.6338006,-0.2787261231737873,0.0,0.0,0.0,0.0
172,-0.63225055,-0.2787261231737873,0.0,0.0,0.0,0.0
173,-0.62973607,-0.2787261231737873,0.0,0.0,0.0,0.0
174,-0.62731797,-0.2787261231737873,0.0,0.0,0.0,0.0
175,-0.62594235,-0.2787261231737873,0.0,0.0,0.0,0.0
176,-0.6256835,-0.2748595716901069,0.0,0.0,0.0,0.0
177,-0.62496734,-0.2686455102372628,0.0,0.0,0.0,0.0
178,-0.6218443,-0.2607073720264483,0.0,0.0,0.0,0.0
179,-0.6156648,-0.2607073720264483,0.0,0.0,0.0,0.0
180,-0.6087603,-0.2607073720264483,0.0,0.0,0.0,0.0
181,-0.60415673,-0.2607073720264483,0.0,0.0,0.0,0.0
182,-0.6049104,-0.2607073720264483,0.0,0.0,0.0,0.0
183,-0.61408573,-0.2607073720264483,0.0,0.0,0.0,0.0
184,-0.64121646,-0.2607073720264483,0.0,0.0,0.0,0.0
185,-0.70348614,-0.2607073720264483,0.0,0.0,0.0,0.0
186,-0.75635284,-0.2607073720264483,0.0,0.0,0.0,0.0
187,-0.8008852,-0.2607073720264483,0.0,0.0,0.0,0.0
188,-0.83818674,-0.2607073720264483,0.0,0.0,0.0,0.0
189,-0.86940885,-0.2607073720264483,0.0,0.0,0.0,0.0
190,-0.89578146,0.1077642341187322,0.1077642341187322,0.1077642341187322,0.1077642341187322,0.10776424
191,-0.9186937,1.4476680224398142,1.4476680224398142,1.339903788321082,1.4476680224398142,1.4476681
192,-0.9398261,2.65568862599725,2.65568862599725,1.208020603557436,2.65568862599725,2.6556888
193,-0.9608781,7.971852339441977,5.0,2.34431137400275,5.0,5.0
194,-0.98274577,10.231205045576887,5.0,0.0,5.0,5.0
195,-1.0,12.176328187642676,5.0,0.0,5.0,5.0
196,-0.60030365,-0.2825862653140384,0.0,0.0,0.0,0.0
197,-0.5835504,-0.2825862653140384,0.0,0.0,0.0,0.0
198,-0.58151096,-0.2825862653140384,0.0,0.0,0.0,0.0
199,-0.5925423,-0.2825862653140384,0.0,0.0,0.0,0.0
200,-0.6126785,-0.2825862653140384,0.0,0.0,0.0,0.0
201,-0.63758165,-0.2825862653140384,0.0,0.0,0.0,0.0
202,-0.66216564,-0.2825862653140384,0.0,0.0,0.0,0.0
203,-0.68127996,-0.2825862653140384,0.0,0.0,0.0,0.0
204,-0.69315004,-0.27444347707129074,0.0,0.0,0.0,0.0
205,-0.70371246,-0.2662106066054441,0.0,0.0,0.0,0.0
206,-0.72041786,-0.2662106066054441,0.0,0.0,0.0,0.0
207,-0.74729896,-0.2662106066054441,0.0,0.0,0.0,0.0
208,-0.7806059,-0.2662106066054441,0.0,0.0,0.0,0.0
209,-0.8145329,-0.2662106066054441,0.0,0.0,0.0,0.0
210,-0.8430827,-0.2662106066054441,0.0,0.0,0.0,0.0
211,-0.86020005,-0.2662106066054441,0.0,0.0,0.0,0.0
212,-0.85964566,-0.2662106066054441,0.0,0.0,0.0,0.0
213,-0.844659,-0.2662106066054441,0.0,0.0,0.0,0.0
214,-0.8496241,-0.2662106066054441,0.0,0.0,0.0,0.0
215,-0.8704947,-0.2662106066054441,0.0,0.0,0.0,0.0
216,-0.90368515,0.582188011308785,0.582188011308785,0.582188011308785,0.582188011308785,0.582188
217,-0.94586045,3.0950381750288445,3.0950381750288445,2.5128501637200595,3.0950381750288445,3.095038
218,-0.9869637,11.012513016334331,5.0,1.9049618249711555,5.0,5.0
219,-1.0,12.316533196037442,5.0,0.0,5.0,5.0
220,-0.49430317,-0.27599099360761753,0.0,0.0,0.0,0.0
221,-0.5277163,-0.2858401205888009,0.0,0.0,0.0,0.0
222,-0.5482947,-0.2858401205888009,0.0,0.0,0.0,0.0
223,-0.55944854,-0.2858401205888009,0.0,0.0,0.0,0.0
224,-0.5675734,-0.2858401205888009,0.0,0.0,0.0,0.0
225,-0.5759978,-0.2858401205888009,0.0,0.0,0.0,0.0
226,-0.5814874,-0.2858401205888009,0.0,0.0,0.0,0.0
227,-0.57970494,-0.2858401205888009,0.0,0.0,0.0,0.0
228,-0.5697888,-0.2858401205888009,0.0,0.0,0.0,0.0
229,-0.55821645,-0.2858401205888009,0.0,0.0,0.0,0.0
230,-0.55277216,-0.2858401205888009,0.0,0.0,0.0,0.0
231,-0.5580597,-0.2794974002198783,0.0,0.0,0.0,0.0
232,-0.5719897,-0.27456384040809195,0.0,0.0,0.0,0.0
233,-0.59098136,-0.27456384040809195,0.0,0.0,0.0,0.0
234,-0.6115134,-0.27456384040809195,0.0,0.0,0.0,0.0
235,-0.6300927,-0.27456384040809195,0.0,0.0,0.0,0.0
236,-0.644288,-0.27456384040809195,0.0,0.0,0.0,0.0
237,-0.65726376,-0.27456384040809195,0.0,0.0,0.0,0.0
238,-0.6750855,-0.27456384040809195,0.0,0.0,0.0,0.0
239,-0.6957775,-0.27456384040809195,0.0,0.0,0.0,0.0
240,-0.71707255,-0.27456384040809195,0.0,0.0,0.0,0.0
241,-0.7363828,-0.27456384040809195,0.0,0.0,0.0,0.0
242,-0.75120246,-0.27456384040809195,0.0,0.0,0.0,0.0
243,-0.7613961,-0.27456384040809195,0.0,0.0,0.0,0.0
244,-0.77215636,-0.27456384040809195,0.0,0.0,0.0,0.0
245,-0.78973913,-0.27456384040809195,0.0,0.0,0.0,0.0
246,-0.8181442,-0.27456384040809195,0.0,0.0,0.0,0.0
247,-0.8565067,-0.27456384040809195,0.0,0.0,0.0,0.0
248,-0.90254,0.5299051753698317,0.5299051753698317,0.5299051753698317,0.5299051753698317,0.5299052
249,-0.95225513,7.451709628012883,5.0,4.470094824630168,5.0,5.0
250,-0.99291754,11.239568494591703,5.0,0.0,5.0,5.0
251,-1.0,12.028289138653355,5.0,0.0,5.0,5.0
252,-0.6138988,-0.27915059888571475,0.0,0.0,0.0,0.0
253,-0.6074015,-0.27915059888571475,0.0,0.0,0.0,0.0
254,-0.59628165,-0.27915059888571475,0.0,0.0,0.0,0.0
255,-0.5845444,-0.27915059888571475,0.0,0.0,0.0,0.0
0,-0.8097548,-0.27915059888571475,0.0,0.0,0,0.0
1,-0.8406189,-0.27915059888571475,0.0,0.0,0,0.0
2,-0.86615556,-0.27915059888571475,0.0,0.0,0,0.0
3,-0.88298076,-0.27915059888571475,0.0,0.0,0,0.0
4,-0.8911777,-0.18479060669550584,0.0,0.0,0,0.0
5,-0.8982073,0.2066248992973646,0.2066248992973646,0.2066248992973646,0.2066248992973646,0.2066249
6,-0.91272753,1.0140003664926833,1.0140003664926833,0.8073754671953187,1.0140003664926833,1.0140004
7,-0.93900687,2.468048685212893,2.468048685212893,1.4540483187202098,2.468048685212893,2.4680486
8,-0.97234476,8.850034595946495,5.0,2.531951314787107,5.0,5.0
9,-1.0,11.584427592017308,5.0,0.0,5.0,5.0
10,-0.57616615,-0.2994939915206129,0.0,0.0,0.0,0.0
11,-0.5842805,-0.2994939915206129,0.0,0.0,0.0,0.0
12,-0.59549135,-0.2994939915206129,0.0,0.0,0.0,0.0
13,-0.60860676,-0.2994939915206129,0.0,0.0,0.0,0.0
14,-0.62234247,-0.2994939915206129,0.0,0.0,0.0,0.0
15,-0.6366687,-0.29598144695767714,0.0,0.0,0.0,0.0
16,-0.6543527,-0.29085575902514355,0.0,0.0,0.0,0.0
17,-0.67809314,-0.2875873643821347,0.0,0.0,0.0,0.0
18,-0.70757264,-0.2862385345089057,0.0,0.0,0.0,0.0
19,-0.73687184,-0.2853886093347991,0.0,0.0,0.0,0.0
20,-0.7591099,-0.2773039480213067,0.0,0.0,0.0,0.0
21,-0.7710718,-0.2773039480213067,0.0,0.0,0.0,0.0
22,-0.77745295,-0.2773039480213067,0.0,0.0,0.0,0.0
23,-0.7849329,-0.2773039480213067,0.0,0.0,0.0,0.0
24,-0.8003299,-0.2773039480213067,0.0,0.0,0.0,0.0
25,-0.8303961,-0.2773039480213067,0.0,0.0,0.0,0.0
26,-0.87022954,-0.2773039480213067,0.0,0.0,0.0,0.0
27,-0.89051384,-0.22028748203461104,0.0,0.0,0.0,0.0
28,-0.92957443,1.9402652974975676,1.9402652974975676,1.9402652974975676,1.9402652974975676,1.9402653
29,-0.974024,8.930949404521128,5.0,3.0597347025024324,5.0,5.0
30,-1.0,11.314164649180587,5.0,0.0,5.0,5.0
31,-0.52263546,-0.29250684201604416,0.0,0.0,0.0,0.0
32,-0.52952087,-0.29250684201604416,0.0,0.0,0.0,0.0
33,-0.5292355,-0.29250684201604416,0.0,0.0,0.0,0.0
34,-0.52814746,-0.29250684201604416,0.0,0.0,0.0,0.0
35,-0.534375,-0.29250684201604416,0.0,0.0,0.0,0.0
36,-0.55227816,-0.29250684201604416,0.0,0.0,0.0,0.0
37,-0.5784008,-0.29250684201604416,0.0,0.0,0.0,0.0
38,-0.6078801,-0.29250684201604416,0.0,0.0,0.0,0.0
39,-0.6366468,-0.29250684201604416,0.0,0.0,0.0,0.0
40,-0.6619846,-0.29250684201604416,0.0,0.0,0.0,0.0
41,-0.6815261,-0.29250684201604416,0.0,0.0,0.0,0.0
42,-0.69469386,-0.29250684201604416,0.0,0.0,0.0,0.0
43,-0.7050213,-0.29250684201604416,0.0,0.0,0.0,0.0
44,-0.7169225,-0.29250684201604416,0.0,0.0,0.0,0.0
45,-0.7348027,-0.29250684201604416,0.0,0.0,0.0,0.0
46,-0.76314145,-0.28903282409248066,0.0,0.0,0.0,0.0
47,-0.79330075,-0.2815090075561254,0.0,0.0,0.0,0.0
48,-0.7895016,-0.2733463911402669,0.0,0.0,0.0,0.0
49,-0.8031716,-0.2733463911402669,0.0,0.0,0.0,0.0
50,-0.828347,-0.2733463911402669,0.0,0.0,0.0,0.0
51,-0.85912544,-0.2733463911402669,0.0,0.0,0.0,0.0
52,-0.88955975,-0.26916714613879644,0.0,0.0,0.0,0.0
53,-0.9137438,1.0494317076617994,1.0494317076617994,1.0494317076617994,1.0494317076617994,1.0494317
54,-0.92962956,1.9026751132380557,1.9026751132380557,0.8532434055762563,1.9026751132380557,1.9026752
55,-0.9443199,2.6904643753848796,2.6904643753848796,0.7877892621468239,2.6904643753848796,2.6904645
56,-0.9666675,8.070978433027774,5.0,2.3095356246151204,5.0,5.0
57,-0.9942653,10.823546447597492,5.0,0.0,5.0,5.0
58,-1.0,11.432087128985067,5.0,0.0,5.0,5.0
59,-0.572893,-0.2955555100564909,0.0,0.0,0.0,0.0
60,-0.57461965,-0.2955555100564909,0.0,0.0,0.0,0.0
61,-0.5829322,-0.2955555100564909,0.0,0.0,0.0,0.0
62,-0.58769715,-0.2955555100564909,0.0,0.0,0.0,0.0
63,-0.5774648,-0.2955555100564909,0.0,0.0,0.0,0.0
64,-0.549983,-0.2955555100564909,0.0,0.0,0.0,0.0
65,-0.52232856,-0.2955555100564909,0.0,0.0,0.0,0.0
66,-0.5146456,-0.2955555100564909,0.0,0.0,0.0,0.0
67,-0.53551817,-0.2955555100564909,0.0,0.0,0.0,0.0
68,-0.569091,-0.2955555100564909,0.0,0.0,0.0,0.0
69,-0.5948486,-0.2955555100564909,0.0,0.0,0.0,0.0
70,-0.60141474,-0.29326293221441974,0.0,0.0,0.0,0.0
71,-0.5969425,-0.28796619689662606,0.0,0.0,0.0,0.0
72,-0.59415865,-0.2816758275239859,0.0,0.0,0.0,0.0
73,-0.6058106,-0.2816758275239859,0.0,0.0,0.0,0.0
74,-0.6446966,-0.2816758275239859,0.0,0.0,0.0,0.0
75,-0.7024958,-0.2816758275239859,0.0,0.0,0.0,0.0
76,-0.71821094,-0.2816758275239859,0.0,0.0,0.0,0.0
77,-0.7437987,-0.2816758275239859,0.0,0.0,0.0,0.0
78,-0.7740399,-0.2816758275239859,0.0,0.0,0.0,0.0
79,-0.80372137,-0.2816758275239859,0.0,0.0,0.0,0.0
80,-0.82768303,-0.2816758275239859,0.0,0.0,0.0,0.0
81,-0.8413687,-0.2816758275239859,0.0,0.0,0.0,0.0
82,-0.8443486,-0.2816758275239859,0.0,0.0,0.0,0.0
83,-0.8448671,-0.2816758275239859,0.0,0.0,0.0,0.0
84,-0.8525777,-0.2816758275239859,0.0,0.0,0.0,0.0
85,-0.87259835,-0.2816758275239859,0.0,0.0,0.0,0.0
86,-0.9005417,0.3396538223248236,0.3396538223248236,0.3396538223248236,0.3396538223248236,0.33965382
87,-0.9299395,1.9892845927907876,1.9892845927907876,1.649630770465964,1.9892845927907876,1.9892846
88,-0.9552654,7.0234780895596804,5.0,3.0107154072092124,5.0,5.0
89,-0.97308654,8.65591807916345,5.0,0.0,5.0,5.0
90,-0.98137176,9.543291429793559,5.0,0.0,5.0,5.0
91,-0.9821927,9.631219626460224,5.0,0.0,5.0,5.0
92,-0.98579836,10.017398984615543,5.0,0.0,5.0,5.0
93,-0.997378,11.257616726864972,5.0,0.0,5.0,5.0
94,-0.55669814,-0.2983051193083924,0.0,0.0,0.0,0.0
95,-0.57603735,-0.2983051193083924,0.0,0.0,0.0,0.0
96,-0.5816482,-0.2983051193083924,0.0,0.0,0.0,0.0
97,-0.5798302,-0.2983051193083924,0.0,0.0,0.0,0.0
98,-0.5795397,-0.2983051193083924,0.0,0.0,0.0,0.0
99,-0.58645254,-0.29531105295221655,0.0,0.0,0.0,0.0
100,-0.599303,-0.2913413358752043,0.0,0.0,0.0,0.0
101,-0.6152742,-0.286508652677141,0.0,0.0,0.0,0.0
102,-0.6318624,-0.27865801718651895,0.0,0.0,0.0,0.0
103,-0.64710104,-0.27865801718651895,0.0,0.0,0.0,0.0
104,-0.659238,-0.27865801718651895,0.0,0.0,0.0,0.0
105,-0.66748977,-0.27865801718651895,0.0,0.0,0.0,0.0
106,-0.6731742,-0.27865801718651895,0.0,0.0,0.0,0.0
107,-0.6780267,-0.27865801718651895,0.0,0.0,0.0,0.0
108,-0.6836341,-0.27865801718651895,0.0,0.0,0.0,0.0
109,-0.6914823,-0.27865801718651895,0.0,0.0,0.0,0.0
110,-0.70550925,-0.27865801718651895,0.0,0.0,0.0,0.0
111,-0.73170626,-0.27865801718651895,0.0,0.0,0.0,0.0
112,-0.75022024,-0.27865801718651895,0.0,0.0,0.0,0.0
113,-0.7636909,-0.27865801718651895,0.0,0.0,0.0,0.0
114,-0.7747686,-0.27865801718651895,0.0,0.0,0.0,0.0
115,-0.7861808,-0.27865801718651895,0.0,0.0,0.0,0.0
116,-0.8006323,-0.27865801718651895,0.0,0.0,0.0,0.0
117,-0.8196044,-0.27865801718651895,0.0,0.0,0.0,0.0
118,-0.84182876,-0.27865801718651895,0.0,0.0,0.0,0.0
119,-0.86548376,-0.27865801718651895,0.0,0.0,0.0,0.0
120,-0.8896109,-0.2715519954133512,0.0,0.0,0.0,0.0
121,-0.91498274,1.1386882677854622,1.1386882677854622,1.1386882677854622,1.1386882677854622,1.1386883
122,-0.9424196,2.6451161576087165,2.6451161576087165,1.5064278898232544,2.6451161576087165,2.6451163
123,-0.9719083,8.756430905042775,5.0,2.3548838423912835,5.0,5.0
124,-0.99730676,11.366785554116419,5.0,0.0,5.0,5.0
125,-0.542623,-0.28684497277709786,0.0,0.0,0.0,0.0
126,-0.53593767,-0.28684497277709786,0.0,0.0,0.0,0.0
127,-0.5414531,-0.28684497277709786,0.0,0.0,0.0,0.0
128,-0.55454874,-0.28684497277709786,0.0,0.0,0.0,0.0
129,-0.5685759,-0.28684497277709786,0.0,0.0,0.0,0.0
130,-0.5781812,-0.28684497277709786,0.0,0.0,0.0,0.0
131,-0.580676,-0.28684497277709786,0.0,0.0,0.0,0.0
132,-0.574455,-0.28684497277709786,0.0,0.0,0.0,0.0
133,-0.5609157,-0.28684497277709786,0.0,0.0,0.0,0.0
134,-0.5475893,-0.28684497277709786,0.0,0.0,0.0,0.0
135,-0.54288495,-0.28684497277709786,0.0,0.0,0.0,0.0
136,-0.55151826,-0.28684497277709786,0.0,0.0,0.0,0.0
137,-0.5705574,-0.28684497277709786,0.0,0.0,0.0,0.0
138,-0.5953026,-0.28684497277709786,0.0,0.0,0.0,0.0
139,-0.6211482,-0.28684497277709786,0.0,0.0,0.0,0.0
140,-0.64346725,-0.28684497277709786,0.0,0.0,0.0,0.0
141,-0.6593326,-0.28684497277709786,0.0,0.0,0.0,0.0
142,-0.67450875,-0.28684497277709786,0.0,0.0,0.0,0.0
143,-0.6979814,-0.28684497277709786,0.0,0.0,0.0,0.0
144,-0.72753584,-0.28684497277709786,0.0,0.0,0.0,0.0
145,-0.76094115,-0.28684497277709786,0.0,0.0,0.0,0.0
146,-0.7959726,-0.28684497277709786,0.0,0.0,0.0,0.0
147,-0.83052677,-0.28684497277709786,0.0,0.0,0.0,0.0
148,-0.8633057,-0.28684497277709786,0.0,0.0,0.0,0.0
149,-0.89469165,0.01116841032776732,0.01116841032776732,0.01116841032776732,0.01116841032776732,0.01116841
150,-0.92541003,1.7687173919780372,1.7687173919780372,1.7575489816502698,1.7687173919780372,1.7687173
151,-0.9555053,7.166016308863665,5.0,3.2312826080219628,5.0,5.0
152,-0.98275626,9.778015363108523,5.0,0.0,5.0,5.0
153,-1.0,11.64134944790061,5.0,0.0,5.0,5.0
154,-0.4990627,-0.3009656010315567,0.0,0.0,0.0,0.0
155,-0.4804733,-0.2489341461930212,0.0,0.0,0.0,0.0
156,-0.48107344,-0.25078693739334346,0.0,0.0,0.0,0.0
157,-0.49228644,-0.28540587189591354,0.0,0.0,0.0,0.0
158,-0.50254613,-0.3009656010315567,0.0,0.0,0.0,0.0
159,-0.505724,-0.3009656010315567,0.0,0.0,0.0,0.0
160,-0.5067606,-0.3009656010315567,0.0,0.0,0.0,0.0
161,-0.5126655,-0.3009656010315567,0.0,0.0,0.0,0.0
162,-0.5272997,-0.3009656010315567,0.0,0.0,0.0,0.0
163,-0.5481228,-0.3009656010315567,0.0,0.0,0.0,0.0
164,-0.57125556,-0.3009656010315567,0.0,0.0,0.0,0.0
165,-0.5938042,-0.29369096071896067,0.0,0.0,0.0,0.0
166,-0.6148993,-0.2869456708140256,0.0,0.0,0.0,0.0
167,-0.6340445,-0.2869456708140256,0.0,0.0,0.0,0.0
168,-0.6505757,-0.2869456708140256,0.0,0.0,0.0,0.0
169,-0.6637096,-0.2869456708140256,0.0,0.0,0.0,0.0
170,-0.677819,-0.2869456708140256,0.0,0.0,0.0,0.0
171,-0.7097117,-0.2869456708140256,0.0,0.0,0.0,0.0
172,-0.7459727,-0.2869456708140256,0.0,0.0,0.0,0.0
173,-0.78463674,-0.2869456708140256,0.0,0.0,0.0,0.0
174,-0.8237819,-0.2869456708140256,0.0,0.0,0.0,0.0
175,-0.86154234,-0.2869456708140256,0.0,0.0,0.0,0.0
176,-0.8962035,0.09770506421872552,0.09770506421872552,0.09770506421872552,0.09770506421872552,0.097705066
177,-0.9268674,1.852405574613464,1.852405574613464,1.7547005103947384,1.852405574613464,1.8524055
178,-0.95445067,7.049844830593971,5.0,3.147594425386536,5.0,5.0
179,-0.98035836,9.545584408151242,5.0,0.0,5.0,5.0
180,-1.0,11.673980468242704,5.0,0.0,5.0,5.0
181,-0.6077531,-0.301809215828405,0.0,0.0,0.0,0.0
182,-0.6139117,-0.301809215828405,0.0,0.0,0.0,0.0
183,-0.6136048,-0.301809215828405,0.0,0.0,0.0,0.0
184,-0.6045736,-0.301809215828405,0.0,0.0,0.0,0.0
185,-0.5855299,-0.301809215828405,0.0,0.0,0.0,0.0
186,-0.558317,-0.301809215828405,0.0,0.0,0.0,0.0
187,-0.5314572,-0.301809215828405,0.0,0.0,0.0,0.0
188,-0.5146036,-0.301809215828405,0.0,0.0,0.0,0.0
189,-0.5135269,-0.301809215828405,0.0,0.0,0.0,0.0
190,-0.5256886,-0.301809215828405,0.0,0.0,0.0,0.0
191,-0.5466049,-0.3011159590272603,0.0,0.0,0.0,0.0
192,-0.57215846,-0.29479393032694545,0.0,0.0,0.0,0.0
193,-0.5991423,-0.28883466879804826,0.0,0.0,0.0,0.0
194,-0.6248477,-0.2808243883914645,0.0,0.0,0.0,0.0
195,-0.64680606,-0.2808243883914645,0.0,0.0,0.0,0.0
196,-0.6622768,-0.2808243883914645,0.0,0.0,0.0,0.0
197,-0.66954637,-0.2808243883914645,0.0,0.0,0.0,0.0
198,-0.67550594,-0.2808243883914645,0.0,0.0,0.0,0.0
199,-0.693705,-0.2808243883914645,0.0,0.0,0.0,0.0
200,-0.72167915,-0.2808243883914645,0.0,0.0,0.0,0.0
201,-0.7570252,-0.2808243883914645,0.0,0.0,0.0,0.0
202,-0.79748935,-0.2808243883914645,0.0,0.0,0.0,0.0
203,-0.8409933,-0.2808243883914645,0.0,0.0,0.0,0.0
204,-0.88541895,-0.2808243883914645,0.0,0.0,0.0,0.0
205,-0.9281644,1.8859150723604927,1.8859150723604927,1.8859150723604927,1.8859150723604927,1.885915
206,-0.96594214,8.156866812073842,5.0,3.1140849276395075,5.0,5.0
207,-0.99326724,10.72208449272463,5.0,0.0,5.0,5.0
208,-1.0,11.436835405162602,5.0,0.0,5.0,5.0
209,-0.6125501,-0.2956782679721459,0.0,0.0,0.0,0.0
210,-0.603782,-0.2956782679721459,0.0,0.0,0.0,0.0
211,-0.6095551,-0.2956782679721459,0.0,0.0,0.0,0.0
212,-0.6234979,-0.2956782679721459,0.0,0.0,0.0,0.0
213,-0.63715446,-0.2956782679721459,0.0,0.0,0.0,0.0
214,-0.64530736,-0.2956782679721459,0.0,0.0,0.0,0.0
215,-0.64905643,-0.2956782679721459,0.0,0.0,0.0,0.0
216,-0.6507129,-0.2956782679721459,0.0,0.0,0.0,0.0
217,-0.6522795,-0.2923831808648718,0.0,0.0,0.0,0.0
218,-0.6552271,-0.28444286336503605,0.0,0.0,0.0,0.0
219,-0.6605223,-0.27675423750365635,0.0,0.0,0.0,0.0
220,-0.6681204,-0.27675423750365635,0.0,0.0,0.0,0.0
221,-0.67645097,-0.27675423750365635,0.0,0.0,0.0,0.0
222,-0.6835734,-0.27675423750365635,0.0,0.0,0.0,0.0
223,-0.6875882,-0.27675423750365635,0.0,0.0,0.0,0.0
224,-0.6866997,-0.27675423750365635,0.0,0.0,0.0,0.0
225,-0.6954111,-0.27675423750365635,0.0,0.0,0.0,0.0
226,-0.76260066,-0.27675423750365635,0.0,0.0,0.0,0.0
227,-0.8293661,-0.27675423750365635,0.0,0.0,0.0,0.0
228,-0.8921044,-0.13205003387176806,0.0,0.0,0.0,0.0
229,-0.94783604,6.165794193472984,5.0,5.0,5.0,5.0
230,-0.98926413,9.679176358699253,5.0,0.0,5.0,5.0
231,-1.0,10.75050479947548,5.0,0.0,5.0,5.0
232,-0.5473818,-0.2779344570702037,0.0,0.0,0.0,0.0
233,-0.5455692,-0.2779344570702037,0.0,0.0,0.0,0.0
234,-0.5571103,-0.2779344570702037,0.0,0.0,0.0,0.0
235,-0.5743933,-0.2779344570702037,0.0,0.0,0.0,0.0
236,-0.58760613,-0.2779344570702037,0.0,0.0,0.0,0.0
237,-0.5915037,-0.2779344570702037,0.0,0.0,0.0,0.0
238,-0.5905638,-0.2779344570702037,0.0,0.0,0.0,0.0
239,-0.59143364,-0.2779344570702037,0.0,0.0,0.0,0.0
240,-0.5988655,-0.2779344570702037,0.0,0.0,0.0,0.0
241,-0.6129445,-0.2779344570702037,0.0,0.0,0.0,0.0
242,-0.6323599,-0.2779344570702037,0.0,0.0,0.0,0.0
243,-0.6553607,-0.2779344570702037,0.0,0.0,0.0,0.0
244,-0.67966753,-0.2779344570702037,0.0,0.0,0.0,0.0
245,-0.70282215,-0.2779344570702037,0.0,0.0,0.0,0.0
246,-0.72234887,-0.2779344570702037,0.0,0.0,0.0,0.0
247,-0.73578346,-0.2779344570702037,0.0,0.0,0.0,0.0
248,-0.744453,-0.2779344570702037,0.0,0.0,0.0,0.0
249,-0.7611695,-0.2750703632519586,0.0,0.0,0.0,0.0
250,-0.78402406,-0.27061695677966996,0.0,0.0,0.0,0.0
251,-0.81121504,-0.27061695677966996,0.0,0.0,0.0,0.0
252,-0.84096617,-0.27061695677966996,0.0,0.0,0.0,0.0
253,-0.8715724,-0.27061695677966996,0.0,0.0,0.0,0.0
254,-0.90143764,0.3746787148666156,0.3746787148666156,0.3746787148666156,0.3746787148666156,0.3746787
255,-0.9289332,1.8565429820923756,1.8565429820923756,1.48186426722576,1.8565429820923756,1.856543
0,-0.62296844,-0.27962807384214605,0.0,0.0,0,0.0
1,-0.6249403,-0.27962807384214605,0.0,0.0,0,0.0
2,-0.622915,-0.27962807384214605,0.0,0.0,0,0.0
3,-0.6199723,-0.27962807384214605,0.0,0.0,0,0.0
4,-0.6190844,-0.27962807384214605,0.0,0.0,0,0.0
5,-0.6230568,-0.27962807384214605,0.0,0.0,0,0.0
6,-0.634417,-0.2783534073800528,0.0,0.0,0,0.0
7,-0.65432644,-0.27398597119366147,0.0,0.0,0,0.0
8,-0.68125755,-0.2672601576599503,0.0,0.0,0,0.0
9,-0.71313,-0.25877741793369413,0.0,0.0,0,0.0
10,-0.7477791,-0.25877741793369413,0.0,0.0,0,0.0
11,-0.7828623,-0.25877741793369413,0.0,0.0,0,0.0
12,-0.8192474,-0.25877741793369413,0.0,0.0,0,0.0
13,-0.8636571,-0.25877741793369413,0.0,0.0,0,0.0
14,-0.8982361,0.226963958970172,0.226963958970172,0.226963958970172,0.226963958970172,0.22696395
15,-0.924982,1.7099901875111674,1.7099901875111674,1.4830262285409954,1.7099901875111674,1.7099903
16,-0.94592094,2.83936687216762,2.83936687216762,1.1293766846564526,2.83936687216762,2.839367
17,-0.9631534,7.80282423022915,5.0,2.16063312783238,5.0,5.0
18,-0.9788651,9.339874100396509,5.0,0.0,5.0,5.0
19,-0.9932221,10.885222455586353,5.0,0.0,5.0,5.0
20,-1.0,11.614776681159448,5.0,0.0,5.0,5.0
21,-0.6448267,-0.28094372608761964,0.0,0.0,0.0,0.0
22,-0.631082,-0.28094372608761964,0.0,0.0,0.0,0.0
23,-0.5939961,-0.28094372608761964,0.0,0.0,0.0,0.0
24,-0.55412424,-0.28094372608761964,0.0,0.0,0.0,0.0
25,-0.5361746,-0.28094372608761964,0.0,0.0,0.0,0.0
26,-0.5528987,-0.28094372608761964,0.0,0.0,0.0,0.0
27,-0.59093577,-0.28094372608761964,0.0,0.0,0.0,0.0
28,-0.6310945,-0.28094372608761964,0.0,0.0,0.0,0.0
29,-0.66109407,-0.27319606860452167,0.0,0.0,0.0,0.0
30,-0.68426895,-0.26525713433654446,0.0,0.0,0.0,0.0
31,-0.7073839,-0.26525713433654446,0.0,0.0,0.0,0.0
32,-0.7348967,-0.26525713433654446,0.0,0.0,0.0,0.0
33,-0.76636446,-0.26525713433654446,0.0,0.0,0.0,0.0
34,-0.8002888,-0.26525713433654446,0.0,0.0,0.0,0.0
35,-0.83530694,-0.26525713433654446,0.0,0.0,0.0,0.0
36,-0.8701257,-0.26525713433654446,0.0,0.0,0.0,0.0
37,-0.9084959,0.816259515373869,0.816259515373869,0.816259515373869,0.816259515373869,0.8162595
38,-0.9563774,7.325016907157218,5.0,4.1837404846261315,5.0,5.0
39,-0.96429193,7.596957735652927,5.0,0.0,5.0,5.0
40,-0.9493134,6.020874472797273,5.0,0.0,5.0,5.0
41,-0.92883223,1.7955743560099966,1.7955743560099966,0,5.0,5.0
42,-0.92040396,1.3521504031342089,1.3521504031342089,0,5.0,5.0
43,-0.94020325,2.3938178417612623,2.3938178417612623,0,5.0,5.0
44,-0.9835233,9.620537433264104,5.0,0.0,5.0,5.0
45,-1.0,11.354261484782832,5.0,0.0,5.0,5.0
46,-0.64544034,-0.27464226098143146,0.0,0.0,0.0,0.0
47,-0.6340258,-0.27464226098143146,0.0,0.0,0.0,0.0
48,-0.62830096,-0.27464226098143146,0.0,0.0,0.0,0.0
49,-0.62751096,-0.27464226098143146,0.0,0.0,0.0,0.0
50,-0.62980545,-0.27464226098143146,0.0,0.0,0.0,0.0
51,-0.63349414,-0.27464226098143146,0.0,0.0,0.0,0.0
52,-0.63630843,-0.27464226098143146,0.0,0.0,0.0,0.0
53,-0.6360884,-0.27464226098143146,0.0,0.0,0.0,0.0
54,-0.6336887,-0.26934706631637967,0.0,0.0,0.0,0.0
55,-0.63610876,-0.26482911306097817,0.0,0.0,0.0,0.0
56,-0.65080535,-0.26058943830898856,0.0,0.0,0.0,0.0
57,-0.6810273,-0.2521366641484655,0.0,0.0,0.0,0.0
58,-0.72186214,-0.2521366641484655,0.0,0.0,0.0,0.0
59,-0.7665281,-0.2521366641484655,0.0,0.0,0.0,0.0
60,-0.808338,-0.2521366641484655,0.0,0.0,0.0,0.0
61,-0.84072846,-0.2521366641484655,0.0,0.0,0.0,0.0
62,-0.86458504,-0.2521366641484655,0.0,0.0,0.0,0.0
63,-0.90023714,0.32933588399640523,0.32933588399640523,0.32933588399640523,0.32933588399640523,0.3293359
64,-0.9320093,2.045263383862091,2.045263383862091,1.7159274998656855,2.045263383862091,2.0452633
65,-0.9593244,7.209317585043946,5.0,2.954736616137909,5.0,5.0
66,-0.982014,9.299582662978782,5.0,0.0,5.0,5.0
67,-0.9978721,10.939622706071146,5.0,0.0,5.0,5.0
68,-0.6393873,-0.269935802583737,0.0,0.0,0.0,0.0
69,-0.6384687,-0.269935802583737,0.0,0.0,0.0,0.0
70,-0.63246614,-0.269935802583737,0.0,0.0,0.0,0.0
71,-0.62435853,-0.269935802583737,0.0,0.0,0.0,0.0
72,-0.61753017,-0.269935802583737,0.0,0.0,0.0,0.0
73,-0.61399716,-0.269935802583737,0.0,0.0,0.0,0.0
74,-0.612882,-0.269935802583737,0.0,0.0,0.0,0.0
75,-0.61270034,-0.269935802583737,0.0,0.0,0.0,0.0
76,-0.6122141,-0.269935802583737,0.0,0.0,0.0,0.0
77,-0.61055493,-0.269935802583737,0.0,0.0,0.0,0.0
78,-0.6070331,-0.269935802583737,0.0,0.0,0.0,0.0
79,-0.6018707,-0.269935802583737,0.0,0.0,0.0,0.0
80,-0.597236,-0.269935802583737,0.0,0.0,0.0,0.0
81,-0.59578174,-0.269935802583737,0.0,0.0,0.0,0.0
82,-0.6001426,-0.269935802583737,0.0,0.0,0.0,0.0
83,-0.6128188,-0.269935802583737,0.0,0.0,0.0,0.0
84,-0.6345534,-0.269935802583737,0.0,0.0,0.0,0.0
85,-0.66009253,-0.269935802583737,0.0,0.0,0.0,0.0
86,-0.68646246,-0.269935802583737,0.0,0.0,0.0,0.0
87,-0.7123794,-0.2679693910603648,0.0,0.0,0.0,0.0
88,-0.73647344,-0.2608398267100285,0.0,0.0,0.0,0.0
89,-0.75733995,-0.25227463369920416,0.0,0.0,0.0,0.0
90,-0.7736626,-0.25227463369920416,0.0,0.0,0.0,0.0
91,-0.7848105,-0.25227463369920416,0.0,0.0,0.0,0.0
92,-0.7915917,-0.25227463369920416,0.0,0.0,0.0,0.0
93,-0.7953181,-0.25227463369920416,0.0,0.0,0.0,0.0
94,-0.7983021,-0.25227463369920416,0.0,0.0,0.0,0.0
95,-0.8049022,-0.25227463369920416,0.0,0.0,0.0,0.0
96,-0.81973875,-0.25227463369920416,0.0,0.0,0.0,0.0
97,-0.8456393,-0.25227463369920416,0.0,0.0,0.0,0.0
98,-0.88157564,-0.25227463369920416,0.0,0.0,0.0,0.0
99,-0.92511415,1.6753488525815188,1.6753488525815188,1.6753488525815188,1.6753488525815188,1.6753489
100,-0.9704861,8.414575537057965,5.0,3.3246511474184812,5.0,5.0
101,-1.0,11.067958076019908,5.0,0.0,5.0,5.0
102,-0.58127767,-0.2677170183652804,0.0,0.0,0.0,0.0
103,-0.5754582,-0.2677170183652804,0.0,0.0,0.0,0.0
104,-0.56966615,-0.2677170183652804,0.0,0.0,0.0,0.0
105,-0.5654165,-0.2677170183652804,0.0,0.0,0.0,0.0
106,-0.56453604,-0.2677170183652804,0.0,0.0,0.0,0.0
107,-0.56846434,-0.2677170183652804,0.0,0.0,0.0,0.0
108,-0.5777478,-0.2677170183652804,0.0,0.0,0.0,0.0
109,-0.59253895,-0.2677170183652804,0.0,0.0,0.0,0.0
110,-0.61153615,-0.2677170183652804,0.0,0.0,0.0,0.0
111,-0.63058454,-0.2677170183652804,0.0,0.0,0.0,0.0
112,-0.64567035,-0.2677170183652804,0.0,0.0,0.0,0.0
113,-0.6556344,-0.2677170183652804,0.0,0.0,0.0,0.0
114,-0.6643821,-0.2677170183652804,0.0,0.0,0.0,0.0
115,-0.6762661,-0.2677170183652804,0.0,0.0,0.0,0.0
116,-0.6948431,-0.2677170183652804,0.0,0.0,0.0,0.0
117,-0.7232673,-0.2677170183652804,0.0,0.0,0.0,0.0
118,-0.75743043,-0.2677170183652804,0.0,0.0,0.0,0.0
119,-0.77701324,-0.2677170183652804,0.0,0.0,0.0,0.0
120,-0.8046023,-0.2677170183652804,0.0,0.0,0.0,0.0
121,-0.8368917,-0.2677170183652804,0.0,0.0,0.0,0.0
122,-0.87008566,-0.2621822473745377,0.0,0.0,0.0,0.0
123,-0.8998574,0.28255954641855763,0.28255954641855763,0.28255954641855763,0.28255954641855763,0.28255954
124,-0.9230016,1.526114270503489,1.526114270503489,1.2435547240849312,1.526114270503489,1.5261142
125,-0.9397846,2.395337585808461,2.395337585808461,0.869223315304972,2.395337585808461,2.3953376
126,-0.956943,6.834262469821695,5.0,2.604662414191539,5.0,5.0
127,-0.9801395,9.028812494510715,5.0,0.0,5.0,5.0
128,-1.0,11.065430551372996,5.0,0.0,5.0,5.0
129,-0.54808336,-0.26765588140056945,0.0,0.0,0.0,0.0
130,-0.5408283,-0.26765588140056945,0.0,0.0,0.0,0.0
131,-0.50798464,-0.26765588140056945,0.0,0.0,0.0,0.0
132,-0.4719151,-0.19320415809351815,0.0,0.0,0.0,0.0
133,-0.4600574,-0.15846237455594783,0.0,0.0,0.0,0.0
134,-0.48549768,-0.23299966164695296,0.0,0.0,0.0,0.0
135,-0.5305633,-0.26765588140056945,0.0,0.0,0.0,0.0
136,-0.5714976,-0.26765588140056945,0.0,0.0,0.0,0.0
137,-0.5939843,-0.26765588140056945,0.0,0.0,0.0,0.0
138,-0.60368717,-0.26765588140056945,0.0,0.0,0.0,0.0
139,-0.61059046,-0.26765588140056945,0.0,0.0,0.0,0.0
140,-0.62151325,-0.26765588140056945,0.0,0.0,0.0,0.0
141,-0.6367183,-0.26765588140056945,0.0,0.0,0.0,0.0
142,-0.6547501,-0.26765588140056945,0.0,0.0,0.0,0.0
143,-0.6740336,-0.26765588140056945,0.0,0.0,0.0,0.0
144,-0.6929676,-0.26765588140056945,0.0,0.0,0.0,0.0
145,-0.7180422,-0.26765588140056945,0.0,0.0,0.0,0.0
146,-0.77078015,-0.26765588140056945,0.0,0.0,0.0,0.0
147,-0.8136804,-0.26765588140056945,0.0,0.0,0.0,0.0
148,-0.849217,-0.26765588140056945,0.0,0.0,0.0,0.0
149,-0.87996197,-0.26765588140056945,0.0,0.0,0.0,0.0
150,-0.9085344,0.7092160323380422,0.7092160323380422,0.7092160323380422,0.7092160323380422,0.70921606
151,-0.93726754,2.208868928443272,2.208868928443272,1.4996528961052298,2.208868928443272,2.208869
152,-0.9664935,7.97849761279756,5.0,2.791131071556728,5.0,5.0
153,-0.99097055,10.268446791104072,5.0,0.0,5.0,5.0
154,-1.0,11.206160700690495,5.0,0.0,5.0,5.0
155,-0.6042037,-0.2710599289864571,0.0,0.0,0.0,0.0
156,-0.6027031,-0.2710599289864571,0.0,0.0,0.0,0.0
157,-0.6050095,-0.2710599289864571,0.0,0.0,0.0,0.0
158,-0.6113447,-0.2710599289864571,0.0,0.0,0.0,0.0
159,-0.6210893,-0.2710599289864571,0.0,0.0,0.0,0.0
160,-0.63277316,-0.2710599289864571,0.0,0.0,0.0,0.0
161,-0.64308625,-0.2710599289864571,0.0,0.0,0.0,0.0
162,-0.64851797,-0.2710599289864571,0.0,0.0,0.0,0.0
163,-0.64746517,-0.2710599289864571,0.0,0.0,0.0,0.0
164,-0.64249295,-0.2710599289864571,0.0,0.0,0.0,0.0
165,-0.63728106,-0.2710599289864571,0.0,0.0,0.0,0.0
166,-0.63489836,-0.2710599289864571,0.0,0.0,0.0,0.0
167,-0.6368711,-0.2710599289864571,0.0,0.0,0.0,0.0
168,-0.6441982,-0.2710599289864571,0.0,0.0,0.0,0.0
169,-0.6577181,-0.2710599289864571,0.0,0.0,0.0,0.0
170,-0.67815316,-0.2710599289864571,0.0,0.0,0.0,0.0
171,-0.6970611,-0.2710599289864571,0.0,0.0,0.0,0.0
172,-0.6889286,-0.2710599289864571,0.0,0.0,0.0,0.0
173,-0.69485354,-0.2710599289864571,0.0,0.0,0.0,0.0
174,-0.7124941,-0.2710599289864571,0.0,0.0,0.0,0.0
175,-0.7394597,-0.2710599289864571,0.0,0.0,0.0,0.0
176,-0.7731518,-0.2710599289864571,0.0,0.0,0.0,0.0
177,-0.81073177,-0.270464391516576,0.0,0.0,0.0,0.0
178,-0.84924704,-0.26308979181910813,0.0,0.0,0.0,0.0
179,-0.88575095,-0.25473724396362984,0.0,0.0,0.0,0.0
180,-0.917377,1.2690400079674344,1.2690400079674344,1.2690400079674344,1.2690400079674344,1.26904
181,-0.94288325,2.639820050659081,2.639820050659081,1.3707800426916468,2.639820050659081,2.63982
182,-0.96627957,8.021370714873818,5.0,2.360179949340919,5.0,5.0
183,-0.9892888,10.268404056716387,5.0,0.0,5.0,5.0
184,-1.0,11.400008131148647,5.0,0.0,5.0,5.0
185,-0.59720933,-0.27574877956442545,0.0,0.0,0.0,0.0
186,-0.5948368,-0.27574877956442545,0.0,0.0,0.0,0.0
187,-0.60365075,-0.27574877956442545,0.0,0.0,0.0,0.0
188,-0.616575,-0.27574877956442545,0.0,0.0,0.0,0.0
189,-0.62441087,-0.27574877956442545,0.0,0.0,0.0,0.0
190,-0.622518,-0.27574877956442545,0.0,0.0,0.0,0.0
191,-0.61592895,-0.27574877956442545,0.0,0.0,0.0,0.0
192,-0.6116252,-0.27574877956442545,0.0,0.0,0.0,0.0
193,-0.613578,-0.27574877956442545,0.0,0.0,0.0,0.0
194,-0.61935383,-0.27574877956442545,0.0,0.0,0.0,0.0
195,-0.6255598,-0.27574877956442545,0.0,0.0,0.0,0.0
196,-0.63106114,-0.27574877956442545,0.0,0.0,0.0,0.0
197,-0.6393918,-0.27574877956442545,0.0,0.0,0.0,0.0
198,-0.6549018,-0.27574877956442545,0.0,0.0,0.0,0.0
199,-0.6818579,-0.27574877956442545,0.0,0.0,0.0,0.0
200,-0.72456956,-0.27574877956442545,0.0,0.0,0.0,0.0
201,-0.77318853,-0.27574877956442545,0.0,0.0,0.0,0.0
202,-0.78824186,-0.27574877956442545,0.0,0.0,0.0,0.0
203,-0.82176864,-0.27574877956442545,0.0,0.0,0.0,0.0
204,-0.8666928,-0.27574877956442545,0.0,0.0,0.0,0.0
205,-0.9159984,1.1248820979087344,1.1248820979087344,1.1248820979087344,1.1248820979087344,1.1248821
206,-0.96239424,7.498841483569995,5.0,3.8751179020912656,5.0,5.0
207,-0.9948028,10.70816536423308,5.0,0.0,5.0,5.0
208,-1.0,11.25001351391468,5.0,0.0,5.0,5.0
209,-0.5592316,-0.2721206389378861,0.0,0.0,0.0,0.0
210,-0.5695464,-0.2721206389378861,0.0,0.0,0.0,0.0
211,-0.58208275,-0.2721206389378861,0.0,0.0,0.0,0.0
212,-0.591707,-0.2721206389378861,0.0,0.0,0.0,0.0
213,-0.5938351,-0.2721206389378861,0.0,0.0,0.0,0.0
214,-0.5877799,-0.2721206389378861,0.0,0.0,0.0,0.0
215,-0.58072484,-0.2721206389378861,0.0,0.0,0.0,0.0
216,-0.581254,-0.2721206389378861,0.0,0.0,0.0,0.0
217,-0.5949808,-0.2721206389378861,0.0,0.0,0.0,0.0
218,-0.62098783,-0.2721206389378861,0.0,0.0,0.0,0.0
219,-0.6564599,-0.2721206389378861,0.0,0.0,0.0,0.0
220,-0.69789344,-0.2721206389378861,0.0,0.0,0.0,0.0
221,-0.74080896,-0.2721206389378861,0.0,0.0,0.0,0.0
222,-0.7804953,-0.2721206389378861,0.0,0.0,0.0,0.0
223,-0.81227934,-0.2721206389378861,0.0,0.0,0.0,0.0
224,-0.8315664,-0.2721206389378861,0.0,0.0,0.0,0.0
225,-0.84271884,-0.2721206389378861,0.0,0.0,0.0,0.0
226,-0.871812,-0.2721206389378861,0.0,0.0,0.0,0.0
227,-0.8960109,0.06816300907339073,0.06816300907339073,0.06816300907339073,0.06816300907339073,0.06816301
228,-0.91768295,1.1976012093856951,1.1976012093856951,1.1294382003123045,1.1976012093856951,1.1976012
229,-0.9391285,2.300569544281082,2.300569544281082,1.1029683348953867,2.300569544281082,2.3005695
230,-0.9621515,8.113079965135869,5.0,2.699430455718918,5.0,5.0
231,-0.9858829,10.491665596934208,5.0,0.0,5.0,5.0
232,-1.0,12.07086066256098,5.0,0.0,5.0,5.0
233,-0.5540872,-0.2919757017046516,0.0,0.0,0.0,0.0
234,-0.5536848,-0.2919757017046516,0.0,0.0,0.0,0.0
235,-0.5683194,-0.2919757017046516,0.0,0.0,0.0,0.0
236,-0.5934714,-0.2919757017046516,0.0,0.0,0.0,0.0
237,-0.62267244,-0.2919757017046516,0.0,0.0,0.0,0.0
238,-0.6506704,-0.2919757017046516,0.0,0.0,0.0,0.0
239,-0.6740121,-0.2919757017046516,0.0,0.0,0.0,0.0
240,-0.68940663,-0.2919757017046516,0.0,0.0,0.0,0.0
241,-0.69567853,-0.2919757017046516,0.0,0.0,0.0,0.0
242,-0.6970581,-0.2919757017046516,0.0,0.0,0.0,0.0
243,-0.69883686,-0.2919757017046516,0.0,0.0,0.0,0.0
244,-0.7048175,-0.2919757017046516,0.0,0.0,0.0,0.0
245,-0.7156533,-0.2919757017046516,0.0,0.0,0.0,0.0
246,-0.7313431,-0.2919757017046516,0.0,0.0,0.0,0.0
247,-0.75201046,-0.2919757017046516,0.0,0.0,0.0,0.0
248,-0.7778935,-0.2919757017046516,0.0,0.0,0.0,0.0
249,-0.8150567,-0.2919757017046516,0.0,0.0,0.0,0.0
250,-0.87529814,-0.2919757017046516,0.0,0.0,0.0,0.0
251,-0.91388226,1.0727170267092794,1.0727170267092794,1.0727170267092794,1.0727170267092794,1.0727171
252,-0.9373672,2.370725278237233,2.370725278237233,1.2980082515279536,2.370725278237233,2.3707252
253,-0.9527626,6.707381879352195,5.0,2.629274721762767,5.0,5.0
254,-0.9673179,8.075738111583167,5.0,0.0,5.0,5.0
255,-0.9857545,10.064098903865345,5.0,0.0,5.0,5.0
0,-0.8192695,-0.30235228193021596,0.0,0.0,0,0.0
1,-0.8444667,-0.30235228193021596,0.0,0.0,0,0.0
2,-0.87450653,-0.30235228193021596,0.0,0.0,0,0.0
3,-0.9108119,0.8553414041517167,0.8553414041517167,0.8553414041517167,0.8553414041517167,0.8553414
4,-0.9524926,6.520541675967648,5.0,4.144658595848283,5.0,5.0
5,-0.98947465,9.818546337809268,5.0,0.0,5.0,5.0
6,-1.0,10.884737485094924,5.0,0.0,5.0,5.0
7,-0.6278892,-0.3103476213998034,0.0,0.0,0.0,0.0
8,-0.6153816,-0.3103476213998034,0.0,0.0,0.0,0.0
9,-0.6020225,-0.3103476213998034,0.0,0.0,0.0,0.0
10,-0.5903786,-0.3103476213998034,0.0,0.0,0.0,0.0
11,-0.58305675,-0.3103476213998034,0.0,0.0,0.0,0.0
12,-0.582654,-0.3103476213998034,0.0,0.0,0.0,0.0
13,-0.59162354,-0.3103476213998034,0.0,0.0,0.0,0.0
14,-0.61185557,-0.3103476213998034,0.0,0.0,0.0,0.0
15,-0.64176476,-0.3090092591580303,0.0,0.0,0.0,0.0
16,-0.6725341,-0.3025883573262712,0.0,0.0,0.0,0.0
17,-0.6941954,-0.29717099393478597,0.0,0.0,0.0,0.0
18,-0.7014231,-0.2894756672326672,0.0,0.0,0.0,0.0
19,-0.6988611,-0.2894756672326672,0.0,0.0,0.0,0.0
20,-0.6937006,-0.2894756672326672,0.0,0.0,0.0,0.0
21,-0.6934308,-0.2894756672326672,0.0,0.0,0.0,0.0
22,-0.70551217,-0.2894756672326672,0.0,0.0,0.0,0.0
23,-0.73410463,-0.2894756672326672,0.0,0.0,0.0,0.0
24,-0.7685525,-0.2894756672326672,0.0,0.0,0.0,0.0
25,-0.7933077,-0.2894756672326672,0.0,0.0,0.0,0.0
26,-0.8124751,-0.2894756672326672,0.0,0.0,0.0,0.0
27,-0.83002084,-0.2894756672326672,0.0,0.0,0.0,0.0
28,-0.84985644,-0.2894756672326672,0.0,0.0,0.0,0.0
29,-0.8757076,-0.2894756672326672,0.0,0.0,0.0,0.0
30,-0.9096277,0.7573730791466282,0.7573730791466282,0.7573730791466282,0.7573730791466282,0.7573731
31,-0.94969463,5.957090388262665,5.0,4.242626920853372,5.0,5.0
32,-0.9870628,9.193260827122085,5.0,0.0,5.0,5.0
33,-1.0,10.451621288018895,5.0,0.0,5.0,5.0
34,-0.6309054,-0.29799853335460824,0.0,0.0,0.0,0.0
35,-0.6260733,-0.29799853335460824,0.0,0.0,0.0,0.0
36,-0.5969028,-0.29799853335460824,0.0,0.0,0.0,0.0
37,-0.557679,-0.29799853335460824,0.0,0.0,0.0,0.0
38,-0.5271006,-0.29392750051692046,0.0,0.0,0.0,0.0
39,-0.51769644,-0.2889757956314634,0.0,0.0,0.0,0.0
40,-0.5287526,-0.2889757956314634,0.0,0.0,0.0,0.0
41,-0.5562678,-0.2889757956314634,0.0,0.0,0.0,0.0
42,-0.5950527,-0.2889757956314634,0.0,0.0,0.0,0.0
43,-0.6373574,-0.2889757956314634,0.0,0.0,0.0,0.0
44,-0.6750802,-0.2889757956314634,0.0,0.0,0.0,0.0
45,-0.70281535,-0.2889757956314634,0.0,0.0,0.0,0.0
46,-0.72104335,-0.2889757956314634,0.0,0.0,0.0,0.0
47,-0.7316307,-0.2889757956314634,0.0,0.0,0.0,0.0
48,-0.7364669,-0.2889757956314634,0.0,0.0,0.0,0.0
49,-0.73744583,-0.2889757956314634,0.0,0.0,0.0,0.0
50,-0.73653746,-0.2889757956314634,0.0,0.0,0.0,0.0
51,-0.73638517,-0.2889757956314634,0.0,0.0,0.0,0.0
52,-0.7402329,-0.2889757956314634,0.0,0.0,0.0,0.0
53,-0.74884486,-0.2889757956314634,0.0,0.0,0.0,0.0
54,-0.7630324,-0.2889757956314634,0.0,0.0,0.0,0.0
55,-0.78366333,-0.2889757956314634,0.0,0.0,0.0,0.0
56,-0.8113693,-0.2889757956314634,0.0,0.0,0.0,0.0
57,-0.8445711,-0.2889757956314634,0.0,0.0,0.0,0.0
58,-0.8768873,-0.2889757956314634,0.0,0.0,0.0,0.0
59,-0.901254,0.32166433260990934,0.32166433260990934,0.32166433260990934,0.32166433260990934,0.32166433
60,-0.9143601,0.9998057524972259,0.9998057524972259,0.6781414198873166,0.9998057524972259,0.99980575
61,-0.9210488,1.3418116091597434,1.3418116091597434,0.3420058566625175,1.3418116091597434,1.3418117
62,-0.9279782,1.6991956617878923,1.6991956617878923,0.3573840526281489,1.6991956617878923,1.6991957
63,-0.9405384,2.348463881914645,2.348463881914645,0.6492682201267528,2.348463881914645,2.348464
64,-0.9611143,7.121742156833406,5.0,2.651536118085355,5.0,5.0
65,-0.98656166,9.602608544749193,5.0,0.0,5.0,5.0
66,-1.0,11.349857135744504,5.0,0.0,5.0,5.0
67,-0.6313051,-0.29342960537085067,0.0,0.0,0.0,0.0
68,-0.6141351,-0.29342960537085067,0.0,0.0,0.0,0.0
69,-0.6031324,-0.29342960537085067,0.0,0.0,0.0,0.0
70,-0.59754044,-0.29342960537085067,0.0,0.0,0.0,0.0
71,-0.595409,-0.29342960537085067,0.0,0.0,0.0,0.0
72,-0.5950872,-0.29342960537085067,0.0,0.0,0.0,0.0
73,-0.5955563,-0.29342960537085067,0.0,0.0,0.0,0.0
74,-0.5959902,-0.29342960537085067,0.0,0.0,0.0,0.0
75,-0.59534967,-0.29342960537085067,0.0,0.0,0.0,0.0
76,-0.59203416,-0.29342960537085067,0.0,0.0,0.0,0.0
77,-0.5845166,-0.29342960537085067,0.0,0.0,0.0,0.0
78,-0.57357097,-0.29342960537085067,0.0,0.0,0.0,0.0
79,-0.5650465,-0.29342960537085067,0.0,0.0,0.0,0.0
80,-0.5659865,-0.29342960537085067,0.0,0.0,0.0,0.0
81,-0.58340305,-0.29342960537085067,0.0,0.0,0.0,0.0
82,-0.62430274,-0.29342960537085067,0.0,0.0,0.0,0.0
83,-0.676025,-0.29342960537085067,0.0,0.0,0.0,0.0
84,-0.6808402,-0.29342960537085067,0.0,0.0,0.0,0.0
85,-0.6998793,-0.29342960537085067,0.0,0.0,0.0,0.0
86,-0.729828,-0.29342960537085067,0.0,0.0,0.0,0.0
87,-0.7672457,-0.29342960537085067,0.0,0.0,0.0,0.0
88,-0.80868924,-0.29342960537085067,0.0,0.0,0.0,0.0
89,-0.8507922,-0.29342960537085067,0.0,0.0,0.0,0.0
90,-0.8908147,-0.22328272256592166,0.0,0.0,0.0,0.0
91,-0.92727995,1.6975767052054702,1.6975767052054702,1.6975767052054702,1.6975767052054702,1.6975768
92,-0.9587477,6.926761393060216,5.0,3.30242329479453,5.0,5.0
93,-0.98402625,9.174612595118179,5.0,0.0,5.0,5.0
94,-1.0,10.776643795019737,5.0,0.0,5.0,5.0
95,-0.5260538,-0.30726563438366283,0.0,0.0,0.0,0.0
96,-0.5284983,-0.30726563438366283,0.0,0.0,0.0,0.0
97,-0.5420649,-0.30726563438366283,0.0,0.0,0.0,0.0
98,-0.55925125,-0.30726563438366283,0.0,0.0,0.0,0.0
99,-0.5709714,-0.30726563438366283,0.0,0.0,0.0,0.0
100,-0.57337224,-0.3004346336206304,0.0,0.0,0.0,0.0
101,-0.57361966,-0.2935232037670722,0.0,0.0,0.0,0.0
102,-0.5805828,-0.2935232037670722,0.0,0.0,0.0,0.0
103,-0.597842,-0.2935232037670722,0.0,0.0,0.0,0.0
104,-0.6181123,-0.2935232037670722,0.0,0.0,0.0,0.0
105,-0.6321695,-0.2935232037670722,0.0,0.0,0.0,0.0
106,-0.63574594,-0.2935232037670722,0.0,0.0,0.0,0.0
107,-0.63502586,-0.2935232037670722,0.0,0.0,0.0,0.0
108,-0.63864774,-0.2935232037670722,0.0,0.0,0.0,0.0
109,-0.65524536,-0.2935232037670722,0.0,0.0,0.0,0.0
110,-0.69342226,-0.2935232037670722,0.0,0.0,0.0,0.0
111,-0.7504595,-0.2935232037670722,0.0,0.0,0.0,0.0
112,-0.7923065,-0.2935232037670722,0.0,0.0,0.0,0.0
113,-0.8352857,-0.2935232037670722,0.0,0.0,0.0,0.0
114,-0.87516844,-0.2935232037670722,0.0,0.0,0.0,0.0
115,-0.9076871,0.6657081333154621,0.6657081333154621,0.6657081333154621,0.6657081333154621,0.6657081
116,-0.9281288,1.7375483979588673,1.7375483979588673,1.0718402646434053,1.7375483979588673,1.7375484
117,-0.93223697,1.9414153671299017,1.9414153671299017,0.20386696917103442,1.9414153671299017,1.9414153
118,-0.92201376,1.403908693814213,1.403908693814213,0,1.9414153671299017,1.9414153
119,-0.9121123,0.8841383592712956,0.8841383592712956,0,1.9414153671299017,1.9414153
120,-0.9191328,1.2526761671446804,1.2526761671446804,0,1.9414153671299017,1.9414153
121,-0.95081073,6.134949926508424,5.0,3.0585846328700983,5.0,5.0
122,-0.98939985,9.826928239519662,5.0,0.0,5.0,5.0
123,-1.0,10.902441479091276,5.0,0.0,5.0,5.0
124,-0.5740317,-0.3092032612061279,0.0,0.0,0.0,0.0
125,-0.5774442,-0.3034448460784346,0.0,0.0,0.0,0.0
126,-0.576207,-0.29900002142219617,0.0,0.0,0.0,0.0
127,-0.56867677,-0.29119162226915657,0.0,0.0,0.0,0.0
128,-0.5536377,-0.29119162226915657,0.0,0.0,0.0,0.0
129,-0.5332587,-0.29119162226915657,0.0,0.0,0.0,0.0
130,-0.51679987,-0.29119162226915657,0.0,0.0,0.0,0.0
131,-0.5145211,-0.29119162226915657,0.0,0.0,0.0,0.0
132,-0.5309017,-0.29119162226915657,0.0,0.0,0.0,0.0
133,-0.55859816,-0.29119162226915657,0.0,0.0,0.0,0.0
134,-0.58796567,-0.29119162226915657,0.0,0.0,0.0,0.0
135,-0.61267227,-0.29119162226915657,0.0,0.0,0.0,0.0
136,-0.6334336,-0.29119162226915657,0.0,0.0,0.0,0.0
137,-0.6523595,-0.29119162226915657,0.0,0.0,0.0,0.0
138,-0.67143875,-0.29119162226915657,0.0,0.0,0.0,0.0
139,-0.692714,-0.29119162226915657,0.0,0.0,0.0,0.0
140,-0.72062045,-0.29119162226915657,0.0,0.0,0.0,0.0
141,-0.7627369,-0.29119162226915657,0.0,0.0,0.0,0.0
142,-0.80562747,-0.29119162226915657,0.0,0.0,0.0,0.0
143,-0.8480962,-0.29119162226915657,0.0,0.0,0.0,0.0
144,-0.8890368,-0.29119162226915657,0.0,0.0,0.0,0.0
145,-0.9280183,1.7232263955288418,1.7232263955288418,1.7232263955288418,1.7232263955288418,1.7232264
146,-0.9648822,7.507605046947946,5.0,3.276773604471158,5.0,5.0
147,-0.99424994,10.132619450375929,5.0,0.0,5.0,5.0
148,-1.0,10.705496957012015,5.0,0.0,5.0,5.0
149,-0.6589523,-0.3052370827556562,0.0,0.0,0.0,0.0
150,-0.66161275,-0.3052370827556562,0.0,0.0,0.0,0.0
151,-0.65209305,-0.3015391843222709,0.0,0.0,0.0,0.0
152,-0.63652277,-0.29510567644259306,0.0,0.0,0.0,0.0
153,-0.6227487,-0.2872718780048351,0.0,0.0,0.0,0.0
154,-0.6143937,-0.2872718780048351,0.0,0.0,0.0,0.0
155,-0.6060878,-0.2872718780048351,0.0,0.0,0.0,0.0
156,-0.5909988,-0.2872718780048351,0.0,0.0,0.0,0.0
157,-0.5675571,-0.2872718780048351,0.0,0.0,0.0,0.0
158,-0.54536796,-0.2872718780048351,0.0,0.0,0.0,0.0
159,-0.5359801,-0.2872718780048351,0.0,0.0,0.0,0.0
160,-0.54498935,-0.2872718780048351,0.0,0.0,0.0,0.0
161,-0.56535435,-0.2872718780048351,0.0,0.0,0.0,0.0
162,-0.58689326,-0.2872718780048351,0.0,0.0,0.0,0.0
163,-0.5992779,-0.2872718780048351,0.0,0.0,0.0,0.0
164,-0.5921706,-0.2872718780048351,0.0,0.0,0.0,0.0
165,-0.57815903,-0.2872718780048351,0.0,0.0,0.0,0.0
166,-0.6243281,-0.2872718780048351,0.0,0.0,0.0,0.0
167,-0.666081,-0.2872718780048351,0.0,0.0,0.0,0.0
168,-0.7040211,-0.2872718780048351,0.0,0.0,0.0,0.0
169,-0.73862433,-0.2872718780048351,0.0,0.0,0.0,0.0
170,-0.77028555,-0.2872718780048351,0.0,0.0,0.0,0.0
171,-0.79952306,-0.2872718780048351,0.0,0.0,0.0,0.0
172,-0.8276959,-0.2872718780048351,0.0,0.0,0.0,0.0
173,-0.8577435,-0.2872718780048351,0.0,0.0,0.0,0.0
174,-0.89243233,-0.1351765256198713,0.0,0.0,0.0,0.0
175,-0.9312058,1.8644144018763884,1.8644144018763884,1.8644144018763884,1.8644144018763884,1.8644145
176,-0.96814466,7.726582305620961,5.0,3.135585598123612,5.0,5.0
177,-0.99449515,10.048088145717477,5.0,0.0,5.0,5.0
178,-1.0,10.590649706853025,5.0,0.0,5.0,5.0
179,-0.48675722,-0.2722001281032074,0.0,0.0,0.0,0.0
180,-0.48956627,-0.2801104159263253,0.0,0.0,0.0,0.0
181,-0.51613414,-0.2962223641092098,0.0,0.0,0.0,0.0
182,-0.5490518,-0.2901487306636312,0.0,0.0,0.0,0.0
183,-0.56735355,-0.2822504373124604,0.0,0.0,0.0,0.0
184,-0.5615505,-0.2822504373124604,0.0,0.0,0.0,0.0
185,-0.54630107,-0.2822504373124604,0.0,0.0,0.0,0.0
186,-0.5407461,-0.2822504373124604,0.0,0.0,0.0,0.0
187,-0.5546627,-0.2822504373124604,0.0,0.0,0.0,0.0
188,-0.5780229,-0.2822504373124604,0.0,0.0,0.0,0.0
189,-0.59683317,-0.2822504373124604,0.0,0.0,0.0,0.0
190,-0.6033982,-0.2822504373124604,0.0,0.0,0.0,0.0
191,-0.6035683,-0.2822504373124604,0.0,0.0,0.0,0.0
192,-0.60638684,-0.2822504373124604,0.0,0.0,0.0,0.0
193,-0.62092054,-0.2822504373124604,0.0,0.0,0.0,0.0
194,-0.65625024,-0.2822504373124604,0.0,0.0,0.0,0.0
195,-0.70862705,-0.2822504373124604,0.0,0.0,0.0,0.0
196,-0.73815846,-0.2822504373124604,0.0,0.0,0.0,0.0
197,-0.7619832,-0.2822504373124604,0.0,0.0,0.0,0.0
198,-0.7819951,-0.2822504373124604,0.0,0.0,0.0,0.0
199,-0.80007017,-0.2822504373124604,0.0,0.0,0.0,0.0
200,-0.81786597,-0.2822504373124604,0.0,0.0,0.0,0.0
201,-0.83681625,-0.2822504373124604,0.0,0.0,0.0,0.0
202,-0.8580272,-0.2822504373124604,0.0,0.0,0.0,0.0
203,-0.88209605,-0.2822504373124604,0.0,0.0,0.0,0.0
204,-0.9094678,0.7303684479064,0.7303684479064,0.7303684479064,0.7303684479064,0.73036844
205,-0.9402104,2.2816711621513823,2.2816711621513823,1.5513027142449825,2.2816711621513823,2.281671
206,-0.97327554,8.1622498164689,5.0,2.7183288378486177,5.0,5.0
207,-1.0,11.192583080319762,5.0,0.0,5.0,5.0
208,-0.6253372,-0.2893635749824137,0.0,0.0,0.0,0.0
209,-0.6210777,-0.2893635749824137,0.0,0.0,0.0,0.0
210,-0.6217509,-0.2893635749824137,0.0,0.0,0.0,0.0
211,-0.62009114,-0.2893635749824137,0.0,0.0,0.0,0.0
212,-0.60831034,-0.2893635749824137,0.0,0.0,0.0,0.0
213,-0.5849997,-0.2893635749824137,0.0,0.0,0.0,0.0
214,-0.5619353,-0.2893635749824137,0.0,0.0,0.0,0.0
215,-0.55330724,-0.2893635749824137,0.0,0.0,0.0,0.0
216,-0.56672007,-0.2893635749824137,0.0,0.0,0.0,0.0
217,-0.5950772,-0.2893635749824137,0.0,0.0,0.0,0.0
218,-0.6277429,-0.2893635749824137,0.0,0.0,0.0,0.0
219,-0.657487,-0.2893635749824137,0.0,0.0,0.0,0.0
220,-0.6851464,-0.2893635749824137,0.0,0.0,0.0,0.0
221,-0.7134541,-0.2893635749824137,0.0,0.0,0.0,0.0
222,-0.745202,-0.2893635749824137,0.0,0.0,0.0,0.0
223,-0.78329605,-0.2893635749824137,0.0,0.0,0.0,0.0
224,-0.8216807,-0.2893635749824137,0.0,0.0,0.0,0.0
225,-0.83487576,-0.2893635749824137,0.0,0.0,0.0,0.0
226,-0.8556751,-0.2893635749824137,0.0,0.0,0.0,0.0
227,-0.88040733,-0.2893635749824137,0.0,0.0,0.0,0.0
228,-0.90523297,0.5291325829968757,0.5291325829968757,0.5291325829968757,0.5291325829968757,0.5291326
229,-0.9269105,1.6640268280779429,1.6640268280779429,1.134894245081067,1.6640268280779429,1.6640269
230,-0.94288373,2.4956049977804686,2.4956049977804686,0.8315781697025257,2.4956049977804686,2.495605
231,-0.95355135,6.569101058640661,5.0,2.5043950022195314,5.0,5.0
232,-0.96532726,7.631403571226299,5.0,0.0,5.0,5.0
233,-0.9835813,9.538140425340197,5.0,0.0,5.0,5.0
234,-1.0,11.253158870246867,5.0,0.0,5.0,5.0
235,-0.6028443,-0.29092965021320755,0.0,0.0,0.0,0.0
236,-0.6000791,-0.29092965021320755,0.0,0.0,0.0,0.0
237,-0.60096955,-0.29092965021320755,0.0,0.0,0.0,0.0
238,-0.6047566,-0.29092965021320755,0.0,0.0,0.0,0.0
239,-0.6108882,-0.29092965021320755,0.0,0.0,0.0,0.0
240,-0.61959887,-0.29092965021320755,0.0,0.0,0.0,0.0
241,-0.6325226,-0.29092965021320755,0.0,0.0,0.0,0.0
242,-0.65105844,-0.29092965021320755,0.0,0.0,0.0,0.0
243,-0.67552215,-0.29092965021320755,0.0,0.0,0.0,0.0
244,-0.70461017,-0.29092965021320755,0.0,0.0,0.0,0.0
245,-0.736664,-0.29092965021320755,0.0,0.0,0.0,0.0
246,-0.7701264,-0.29092965021320755,0.0,0.0,0.0,0.0
247,-0.803612,-0.29092965021320755,0.0,0.0,0.0,0.0
248,-0.83585626,-0.29092965021320755,0.0,0.0,0.0,0.0
249,-0.8656925,-0.29092965021320755,0.0,0.0,0.0,0.0
250,-0.89203924,-0.15742661648526896,0.0,0.0,0.0,0.0
251,-0.91153526,0.8608060899463509,0.8608060899463509,0.8608060899463509,0.8608060899463509,0.8608061
252,-0.9202315,1.318092712691622,1.318092712691622,0.4572866227452711,1.318092712691622,1.3180927
253,-0.9419727,2.472501213606619,2.472501213606619,1.154408500914997,2.472501213606619,2.4725013
254,-0.97159135,8.544743741017585,5.0,2.527498786393381,5.0,5.0
255,-0.99830735,11.12844519321138,5.0,0.0,5.0,5.0
